;FLAVOR:Marlin
;TIME:951
;Filament used: 0.931245m
;Layer height: 0.28
;MINX:89.669
;MINY:89.663
;MINZ:0.28
;MAXX:130.335
;MAXY:130.328
;MAXZ:21
;TARGET_MACHINE.NAME:Creality Ender-3 Pro
;Generated with Cura_SteamEngine 5.8.1
M82 ;absolute extrusion mode
; Ender 3 Custom Start G-code
G92 E0 ; Reset Extruder
G28 ; Home all axes
G1 Z5.0 F3000 ; Move Z Axis up a bit during heating to not damage bed
M104 S175 ; Start heating up the nozzle most of the way
M190 S50.0 ; Start heating the bed, wait until target temperature reached
M109 S210.0 ; Finish heating the nozzle
G1 Z2.0 F3000 ; Move Z Axis up little to prevent scratching of Heat Bed
G1 X0.1 Y20 Z0.3 F5000.0 ; Move to start position
G1 X0.1 Y200.0 Z0.3 F1500.0 E15 ; Draw the first line
G1 X0.4 Y200.0 Z0.3 F5000.0 ; Move to side a little
G1 X0.4 Y20 Z0.3 F1500.0 E30 ; Draw the second line
G92 E0 ; Reset Extruder
G1 Z2.0 F3000 ; Move Z Axis up little to prevent scratching of Heat Bed
G1 X5 Y20 Z0.3 F5000.0 ; Move over to prevent blob squish
G92 E0
G92 E0
G1 F1500 E-6
;LAYER_COUNT:75
;LAYER:0
M107
M204 S500
M205 X5 Y5
G0 F7500 X95.477 Y95.768 Z0.28
M205 X8 Y8
;TYPE:SKIRT
G1 F1500 E0
G1 X96.124 Y95.138 E0.05123
G1 X96.66 Y94.66 E0.09198
G1 X97.268 Y94.146 E0.13714
G1 X98.018 Y93.573 E0.19069
G1 X98.592 Y93.174 E0.23035
G1 X99.229 Y92.753 E0.27367
G1 X100.003 Y92.295 E0.32469
G1 X100.641 Y91.954 E0.36573
G1 X101.354 Y91.597 E0.41097
G1 X102.205 Y91.221 E0.46375
G1 X103.141 Y90.86 E0.52067
G1 X103.543 Y90.718 E0.54485
G1 X104.455 Y90.438 E0.59898
G1 X105.193 Y90.247 E0.64223
G1 X105.839 Y90.096 E0.67986
G1 X106.826 Y89.917 E0.73677
G1 X107.528 Y89.821 E0.77697
G1 X108.225 Y89.743 E0.81676
G1 X108.886 Y89.694 E0.85436
G1 X109.327 Y89.673 E0.87941
G1 X110.012 Y89.663 E0.91827
G1 X110.718 Y89.676 E0.95833
G1 X111.641 Y89.733 E1.0108
G1 X112.301 Y89.8 E1.04843
G1 X113.085 Y89.901 E1.09328
G1 X114.024 Y90.07 E1.14741
G1 X114.686 Y90.218 E1.18589
G1 X115.443 Y90.408 E1.23017
G1 X116.292 Y90.666 E1.28051
G1 X117.372 Y91.052 E1.34558
G1 X117.736 Y91.195 E1.36777
G1 X118.591 Y91.571 E1.42076
G1 X119.192 Y91.867 E1.45876
G1 X119.903 Y92.242 E1.50437
G1 X120.694 Y92.709 E1.55648
G1 X121.293 Y93.097 E1.59697
G1 X121.932 Y93.535 E1.64092
G1 X122.683 Y94.107 E1.69448
G1 X123.231 Y94.565 E1.735
G1 X123.734 Y95.005 E1.77291
G1 X124.465 Y95.712 E1.8306
G1 X124.955 Y96.231 E1.8711
G1 X125.454 Y96.785 E1.9134
G1 X126.019 Y97.479 E1.96417
G1 X126.486 Y98.106 E2.00852
G1 X126.89 Y98.677 E2.0482
G1 X127.439 Y99.543 E2.10638
G1 X127.745 Y100.079 E2.14139
G1 X128.123 Y100.781 E2.18662
G1 X128.542 Y101.658 E2.24177
G1 X128.813 Y102.297 E2.28114
G1 X129.088 Y102.994 E2.32365
G1 X129.394 Y103.897 E2.37774
G1 X129.587 Y104.558 E2.41681
G1 X129.786 Y105.316 E2.46127
G1 X129.98 Y106.235 E2.51456
G1 X130.145 Y107.254 E2.57312
G1 X130.203 Y107.689 E2.59802
G1 X130.283 Y108.578 E2.64866
G1 X130.319 Y109.334 E2.69159
G1 X130.335 Y110.077 E2.73376
G1 X130.307 Y111.038 E2.7883
G1 X130.258 Y111.696 E2.82573
G1 X130.176 Y112.514 E2.87237
G1 X130.039 Y113.44 E2.92548
G1 X129.917 Y114.073 E2.96205
G1 X129.737 Y114.883 E3.00913
G1 X129.499 Y115.762 E3.06079
G1 X129.287 Y116.425 E3.10028
G1 X129.035 Y117.152 E3.14393
G1 X128.688 Y118.011 E3.19649
G1 X128.39 Y118.666 E3.23732
G1 X128.082 Y119.301 E3.27736
G1 X127.593 Y120.191 E3.33497
G1 X127.221 Y120.801 E3.3755
G1 X126.799 Y121.455 E3.41966
G1 X126.257 Y122.211 E3.47243
G1 X125.844 Y122.738 E3.51042
G1 X125.384 Y123.297 E3.55149
G1 X124.725 Y124.021 E3.60703
G1 X124.212 Y124.537 E3.64831
G1 X123.638 Y125.083 E3.69325
G1 X122.935 Y125.689 E3.74591
G1 X122.416 Y126.098 E3.7834
G1 X121.801 Y126.559 E3.827
G1 X121.011 Y127.093 E3.8811
G1 X120.412 Y127.461 E3.92098
G1 X119.787 Y127.825 E3.96202
G1 X118.886 Y128.288 E4.01949
G1 X117.937 Y128.718 E4.07859
G1 X117.57 Y128.873 E4.1012
G1 X116.672 Y129.207 E4.15555
G1 X115.655 Y129.529 E4.21607
G1 X115.251 Y129.644 E4.2399
G1 X114.373 Y129.855 E4.29113
G1 X113.355 Y130.052 E4.34996
G1 X112.901 Y130.125 E4.37604
G1 X111.963 Y130.237 E4.42964
G1 X110.961 Y130.307 E4.48662
G1 X110.524 Y130.327 E4.51144
G1 X109.565 Y130.328 E4.56585
G1 X108.88 Y130.299 E4.60474
G1 X108.153 Y130.25 E4.64608
G1 X107.159 Y130.133 E4.70286
G1 X106.469 Y130.021 E4.74252
G1 X105.781 Y129.892 E4.78223
G1 X104.789 Y129.654 E4.84011
G1 X104.132 Y129.464 E4.87891
G1 X103.422 Y129.241 E4.92113
G1 X102.512 Y128.905 E4.97616
G1 X101.867 Y128.632 E5.0159
G1 X101.184 Y128.324 E5.05841
G1 X100.359 Y127.902 E5.11098
G1 X99.459 Y127.386 E5.16983
G1 X99.136 Y127.19 E5.19127
G1 X98.284 Y126.618 E5.24949
G1 X97.438 Y125.987 E5.30936
G1 X97.11 Y125.727 E5.33311
G1 X96.418 Y125.13 E5.38496
G1 X95.643 Y124.397 E5.44548
G1 X95.341 Y124.093 E5.46979
G1 X94.701 Y123.393 E5.5236
G1 X94.265 Y122.872 E5.56214
G1 X93.805 Y122.295 E5.604
G1 X93.228 Y121.493 E5.66005
G1 X92.685 Y120.654 E5.71675
G1 X92.443 Y120.257 E5.74313
G1 X91.992 Y119.438 E5.79617
G1 X91.686 Y118.82 E5.8353
G1 X91.347 Y118.091 E5.88091
G1 X90.993 Y117.217 E5.9344
G1 X90.675 Y116.314 E5.98872
G1 X90.525 Y115.847 E6.01655
G1 X90.272 Y114.921 E6.07101
G1 X90.121 Y114.249 E6.11008
G1 X89.973 Y113.514 E6.15262
G1 X89.836 Y112.607 E6.20466
G1 X89.734 Y111.602 E6.26197
G1 X89.698 Y111.136 E6.28848
G1 X89.669 Y110.167 E6.34348
G1 X89.689 Y109.109 E6.40351
G1 X89.708 Y108.685 E6.42759
G1 X89.791 Y107.761 E6.48022
G1 X89.928 Y106.757 E6.53771
G1 X89.995 Y106.349 E6.56117
G1 X90.193 Y105.407 E6.61578
G1 X90.463 Y104.372 E6.67646
G1 X90.584 Y103.961 E6.70077
G1 X90.883 Y103.078 E6.75366
G1 X91.129 Y102.44 E6.79245
G1 X91.43 Y101.718 E6.83683
G1 X91.819 Y100.899 E6.88827
G1 X92.152 Y100.269 E6.92869
G1 X92.566 Y99.537 E6.9764
G1 X93.055 Y98.764 E7.0283
G1 X93.59 Y97.999 E7.08126
G1 X93.882 Y97.605 E7.10908
G1 X94.485 Y96.858 E7.16354
G1 X94.952 Y96.331 E7.20349
G1 X95.477 Y95.768 E7.24717
M205 X5 Y5
G0 F7500 X95.854 Y96.155
M205 X8 Y8
G1 F1500 X96.501 Y95.525 E7.2984
G1 X97.009 Y95.072 E7.33701
G1 X97.596 Y94.575 E7.38065
G1 X98.327 Y94.016 E7.43286
G1 X98.89 Y93.624 E7.47178
G1 X99.504 Y93.218 E7.51354
G1 X100.278 Y92.76 E7.56456
G1 X100.883 Y92.437 E7.60347
G1 X101.572 Y92.091 E7.64721
G1 X102.4 Y91.725 E7.69857
G1 X103.321 Y91.369 E7.75459
G1 X103.702 Y91.234 E7.77752
G1 X104.591 Y90.961 E7.83028
G1 X105.316 Y90.773 E7.87277
G1 X105.962 Y90.622 E7.91041
G1 X106.899 Y90.452 E7.96443
G1 X107.588 Y90.358 E8.00388
G1 X108.285 Y90.28 E8.04367
G1 X108.911 Y90.233 E8.07929
G1 X109.335 Y90.213 E8.10337
G1 X110.003 Y90.203 E8.14127
G1 X110.685 Y90.215 E8.17997
G1 X111.586 Y90.27 E8.23118
G1 X112.232 Y90.336 E8.26802
G1 X113.016 Y90.437 E8.31287
G1 X113.906 Y90.597 E8.36417
G1 X114.555 Y90.742 E8.40189
G1 X115.286 Y90.925 E8.44465
G1 X116.135 Y91.183 E8.49499
G1 X117.175 Y91.555 E8.55765
G1 X117.539 Y91.698 E8.57984
G1 X118.352 Y92.055 E8.63021
G1 X118.941 Y92.345 E8.66746
G1 X119.629 Y92.707 E8.71156
G1 X120.401 Y93.162 E8.7624
G1 X120.988 Y93.542 E8.80207
G1 X121.605 Y93.965 E8.84451
G1 X122.337 Y94.522 E8.8967
G1 X122.875 Y94.971 E8.93645
G1 X123.378 Y95.411 E8.97437
G1 X124.073 Y96.083 E9.02921
G1 X124.554 Y96.592 E9.06894
G1 X125.035 Y97.126 E9.10972
G1 X125.6 Y97.82 E9.16049
G1 X126.045 Y98.418 E9.20277
G1 X126.449 Y98.989 E9.24246
G1 X126.97 Y99.811 E9.29767
G1 X127.27 Y100.336 E9.33197
G1 X127.636 Y101.014 E9.37569
G1 X128.045 Y101.869 E9.42946
G1 X128.311 Y102.496 E9.4681
G1 X128.577 Y103.168 E9.5091
G1 X128.876 Y104.048 E9.56183
G1 X129.065 Y104.695 E9.60007
G1 X129.258 Y105.428 E9.64307
G1 X129.447 Y106.322 E9.69491
G1 X129.61 Y107.326 E9.75261
G1 X129.665 Y107.737 E9.77614
G1 X129.745 Y108.626 E9.82678
G1 X129.779 Y109.346 E9.86767
G1 X129.795 Y110.061 E9.90825
G1 X129.768 Y110.998 E9.96143
G1 X129.719 Y111.656 E9.99886
G1 X129.642 Y112.435 E10.04327
G1 X129.509 Y113.338 E10.09505
G1 X129.39 Y113.956 E10.13076
G1 X129.216 Y114.742 E10.17643
G1 X128.984 Y115.598 E10.22674
G1 X128.777 Y116.248 E10.26544
G1 X128.534 Y116.95 E10.30759
G1 X128.187 Y117.809 E10.36015
G1 X127.904 Y118.43 E10.39887
G1 X127.596 Y119.065 E10.43891
G1 X127.132 Y119.91 E10.4936
G1 X126.767 Y120.509 E10.53339
G1 X126.36 Y121.141 E10.57604
G1 X125.832 Y121.878 E10.62747
G1 X125.427 Y122.395 E10.66473
G1 X124.984 Y122.934 E10.70431
G1 X124.342 Y123.64 E10.75845
G1 X123.839 Y124.146 E10.79893
G1 X123.285 Y124.674 E10.84235
G1 X122.6 Y125.265 E10.89367
G1 X122.092 Y125.666 E10.93039
G1 X121.477 Y126.127 E10.97399
G1 X120.728 Y126.633 E11.02528
G1 X120.14 Y126.994 E11.06442
G1 X119.515 Y127.358 E11.10545
G1 X118.663 Y127.796 E11.1598
G1 X117.727 Y128.221 E11.21812
G1 X117.382 Y128.367 E11.23937
G1 X116.509 Y128.692 E11.29222
G1 X115.506 Y129.01 E11.35192
G1 X115.125 Y129.119 E11.3744
G1 X114.27 Y129.325 E11.42429
G1 X113.268 Y129.519 E11.4822
G1 X112.837 Y129.589 E11.50697
G1 X111.925 Y129.698 E11.55908
G1 X110.936 Y129.768 E11.61533
G1 X110.523 Y129.787 E11.63878
G1 X109.588 Y129.789 E11.69183
G1 X108.916 Y129.76 E11.72999
G1 X108.189 Y129.711 E11.77132
G1 X107.246 Y129.6 E11.82519
G1 X106.569 Y129.49 E11.8641
G1 X105.881 Y129.361 E11.90382
G1 X104.939 Y129.135 E11.95877
G1 X104.294 Y128.949 E11.99686
G1 X103.609 Y128.734 E12.03759
G1 X102.722 Y128.407 E12.09122
G1 X102.089 Y128.14 E12.1302
G1 X101.43 Y127.843 E12.17121
G1 X100.605 Y127.421 E12.22378
G1 X99.739 Y126.924 E12.28042
G1 X99.416 Y126.728 E12.30186
G1 X98.607 Y126.185 E12.35714
G1 X97.773 Y125.563 E12.41616
G1 X97.463 Y125.318 E12.43858
G1 X96.771 Y124.721 E12.49043
G1 X96.026 Y124.016 E12.54862
G1 X95.739 Y123.728 E12.57168
G1 X95.115 Y123.046 E12.62413
G1 X94.687 Y122.535 E12.66194
G1 X94.227 Y121.958 E12.70381
G1 X93.681 Y121.199 E12.75685
G1 X93.146 Y120.373 E12.81268
G1 X92.916 Y119.996 E12.83774
G1 X92.476 Y119.198 E12.88944
G1 X92.175 Y118.592 E12.92782
G1 X91.847 Y117.888 E12.97189
G1 X91.502 Y117.038 E13.02393
G1 X91.189 Y116.149 E13.0774
G1 X91.046 Y115.704 E13.10392
G1 X90.799 Y114.802 E13.15697
G1 X90.65 Y114.142 E13.19536
G1 X90.507 Y113.433 E13.23639
G1 X90.37 Y112.526 E13.28843
G1 X90.271 Y111.548 E13.3442
G1 X90.238 Y111.119 E13.36861
G1 X90.209 Y110.177 E13.42208
G1 X90.228 Y109.133 E13.48132
G1 X90.246 Y108.733 E13.50403
G1 X90.326 Y107.834 E13.55524
G1 X90.461 Y106.845 E13.61187
G1 X90.528 Y106.437 E13.63532
G1 X90.716 Y105.543 E13.68715
G1 X90.981 Y104.525 E13.74683
G1 X91.102 Y104.114 E13.77114
G1 X91.387 Y103.272 E13.82157
G1 X91.628 Y102.647 E13.85957
G1 X91.918 Y101.95 E13.9024
G1 X92.307 Y101.131 E13.95384
G1 X92.622 Y100.535 E13.99208
G1 X93.023 Y99.825 E14.03834
G1 X93.498 Y99.073 E14.0888
G1 X94.024 Y98.32 E14.14091
G1 X94.302 Y97.944 E14.16744
G1 X94.89 Y97.216 E14.22053
G1 X95.347 Y96.699 E14.25968
G1 X95.854 Y96.155 E14.30187
M205 X5 Y5
G0 F7500 X96.231 Y96.542
M205 X8 Y8
G1 F1500 X96.861 Y95.928 E14.35178
G1 X97.358 Y95.484 E14.38959
G1 X97.924 Y95.004 E14.43169
G1 X98.636 Y94.459 E14.48256
G1 X99.188 Y94.074 E14.52074
G1 X99.779 Y93.683 E14.56094
G1 X100.553 Y93.225 E14.61197
G1 X101.126 Y92.919 E14.64882
G1 X101.79 Y92.585 E14.69099
G1 X102.595 Y92.229 E14.74092
G1 X103.502 Y91.878 E14.7961
G1 X103.861 Y91.75 E14.81772
G1 X104.727 Y91.484 E14.86912
G1 X105.439 Y91.299 E14.91085
G1 X106.085 Y91.148 E14.94849
G1 X106.972 Y90.987 E14.99963
G1 X107.648 Y90.895 E15.03834
G1 X108.345 Y90.817 E15.07813
G1 X108.936 Y90.772 E15.11175
G1 X109.343 Y90.753 E15.13487
G1 X109.994 Y90.743 E15.17181
G1 X110.652 Y90.754 E15.20914
G1 X111.531 Y90.807 E15.2591
G1 X112.163 Y90.872 E15.29514
G1 X112.921 Y90.969 E15.3385
G1 X113.788 Y91.124 E15.38846
G1 X114.424 Y91.266 E15.42544
G1 X115.129 Y91.442 E15.46666
G1 X115.978 Y91.7 E15.517
G1 X116.979 Y92.058 E15.57731
G1 X117.322 Y92.192 E15.5982
G1 X118.114 Y92.54 E15.64728
G1 X118.69 Y92.823 E15.68369
G1 X119.355 Y93.172 E15.7263
G1 X120.107 Y93.615 E15.77581
G1 X120.683 Y93.988 E15.81475
G1 X121.278 Y94.395 E15.85564
G1 X121.991 Y94.937 E15.90645
G1 X122.519 Y95.377 E15.94545
G1 X123.022 Y95.817 E15.98336
G1 X123.681 Y96.454 E16.03536
G1 X124.153 Y96.953 E16.07433
G1 X124.616 Y97.467 E16.11357
G1 X125.181 Y98.161 E16.16434
G1 X125.604 Y98.73 E16.20457
G1 X126.008 Y99.301 E16.24425
G1 X126.501 Y100.079 E16.2965
G1 X126.795 Y100.593 E16.3301
G1 X127.149 Y101.247 E16.37229
G1 X127.548 Y102.08 E16.42469
G1 X127.809 Y102.695 E16.46259
G1 X128.066 Y103.342 E16.50208
G1 X128.358 Y104.199 E16.55345
G1 X128.543 Y104.833 E16.59092
G1 X128.73 Y105.54 E16.63241
G1 X128.914 Y106.409 E16.6828
G1 X129.075 Y107.398 E16.73965
G1 X129.127 Y107.785 E16.7618
G1 X129.207 Y108.674 E16.81244
G1 X129.239 Y109.359 E16.85134
G1 X129.255 Y110.046 E16.89033
G1 X129.229 Y110.959 E16.94215
G1 X129.182 Y111.603 E16.97878
G1 X129.108 Y112.357 E17.02176
G1 X128.979 Y113.236 E17.07216
G1 X128.863 Y113.84 E17.10706
G1 X128.695 Y114.601 E17.15127
G1 X128.469 Y115.434 E17.20024
G1 X128.266 Y116.072 E17.23822
G1 X128.033 Y116.748 E17.27879
G1 X127.686 Y117.607 E17.33135
G1 X127.418 Y118.194 E17.36795
G1 X127.11 Y118.829 E17.40799
G1 X126.671 Y119.629 E17.45976
G1 X126.313 Y120.217 E17.49882
G1 X125.921 Y120.827 E17.53996
G1 X125.407 Y121.545 E17.59005
G1 X125.01 Y122.052 E17.62658
G1 X124.567 Y122.591 E17.66617
G1 X123.959 Y123.259 E17.71741
G1 X123.466 Y123.755 E17.75709
G1 X122.932 Y124.265 E17.79898
G1 X122.265 Y124.841 E17.84898
G1 X121.768 Y125.234 E17.88492
G1 X121.174 Y125.68 E17.92706
G1 X120.445 Y126.173 E17.97699
G1 X119.868 Y126.528 E18.01542
G1 X119.268 Y126.878 E18.05483
G1 X118.44 Y127.304 E18.10766
G1 X117.516 Y127.724 E18.16524
G1 X117.193 Y127.861 E18.18515
G1 X116.346 Y128.177 E18.23643
G1 X115.357 Y128.491 E18.2953
G1 X114.998 Y128.594 E18.31649
G1 X114.168 Y128.795 E18.36494
G1 X113.18 Y128.986 E18.42203
G1 X112.773 Y129.053 E18.44543
G1 X111.886 Y129.159 E18.49611
G1 X110.911 Y129.229 E18.55157
G1 X110.522 Y129.247 E18.57366
G1 X109.611 Y129.249 E18.62534
G1 X108.952 Y129.221 E18.66277
G1 X108.225 Y129.172 E18.7041
G1 X107.333 Y129.067 E18.75506
G1 X106.669 Y128.959 E18.79322
G1 X105.981 Y128.83 E18.83294
G1 X105.088 Y128.616 E18.88503
G1 X104.456 Y128.434 E18.92234
G1 X103.796 Y128.227 E18.96159
G1 X102.932 Y127.909 E19.01382
G1 X102.31 Y127.647 E19.05211
G1 X101.676 Y127.362 E19.09154
G1 X100.851 Y126.94 E19.14412
G1 X100.019 Y126.462 E19.19855
G1 X99.696 Y126.266 E19.21999
G1 X98.93 Y125.752 E19.27232
G1 X98.108 Y125.139 E19.3305
G1 X97.798 Y124.894 E19.35291
G1 X97.142 Y124.329 E19.40203
G1 X96.408 Y123.634 E19.45938
G1 X96.137 Y123.363 E19.48112
G1 X95.529 Y122.699 E19.5322
G1 X95.109 Y122.198 E19.56929
G1 X94.649 Y121.621 E19.61115
G1 X94.134 Y120.905 E19.66119
G1 X93.607 Y120.092 E19.71615
G1 X93.389 Y119.735 E19.73989
G1 X92.959 Y118.957 E19.79032
G1 X92.664 Y118.364 E19.82789
G1 X92.347 Y117.685 E19.8704
G1 X92.011 Y116.859 E19.92099
G1 X91.703 Y115.983 E19.97367
G1 X91.567 Y115.561 E19.99883
G1 X91.326 Y114.683 E20.05048
G1 X91.179 Y114.035 E20.08818
G1 X91.041 Y113.352 E20.12771
G1 X90.904 Y112.445 E20.17975
G1 X90.809 Y111.507 E20.23324
G1 X90.778 Y111.102 E20.25628
G1 X90.749 Y110.186 E20.30827
G1 X90.767 Y109.157 E20.36666
G1 X90.784 Y108.78 E20.38807
G1 X90.861 Y107.907 E20.43779
G1 X90.994 Y106.932 E20.49362
G1 X91.057 Y106.548 E20.51569
G1 X91.239 Y105.679 E20.56607
G1 X91.504 Y104.661 E20.62574
G1 X91.613 Y104.287 E20.64784
G1 X91.891 Y103.466 E20.69702
G1 X92.127 Y102.854 E20.73423
G1 X92.406 Y102.181 E20.77556
G1 X92.784 Y101.383 E20.82566
G1 X93.092 Y100.8 E20.86307
G1 X93.479 Y100.113 E20.9078
G1 X93.941 Y99.382 E20.95686
G1 X94.459 Y98.64 E21.0082
G1 X94.722 Y98.283 E21.03335
G1 X95.295 Y97.574 E21.08507
G1 X95.743 Y97.067 E21.12346
G1 X96.231 Y96.542 E21.16412
M205 X5 Y5
G1 F1500 E15.16412
;MESH:guia_rocker.STL
G0 F7500 X104.614 Y105.649
G0 X103.79 Y107.578
G0 X103.497 Y108.536
G0 X103.352 Y109.522
G0 X103.355 Y110.516
G0 X103.506 Y111.501
G0 X103.802 Y112.452
G0 X104.236 Y113.348
G0 X104.796 Y114.166
G0 X105.462 Y114.883
G0 X106.26 Y115.519
G0 X107.124 Y116.014
G0 X108.03 Y116.369
G0 X108.31 Y116.433
G0 X110 Y116.725
G0 X110.006 Y116.643
M205 X8 Y8
;TYPE:WALL-INNER
G1 F1500 E21.16412
G1 X108.992 Y116.563 E21.22824
G1 X108.04 Y116.344 E21.28982
G1 X107.152 Y115.997 E21.34991
G1 X106.285 Y115.505 E21.41275
G1 X105.463 Y114.848 E21.47909
G1 X104.819 Y114.154 E21.53877
G1 X104.261 Y113.337 E21.60113
G1 X103.84 Y112.478 E21.66144
G1 X103.526 Y111.488 E21.7269
G1 X103.379 Y110.519 E21.78869
G1 X103.376 Y109.538 E21.85052
G1 X103.519 Y108.532 E21.91458
G1 X103.825 Y107.543 E21.97984
G1 X104.231 Y106.707 E22.03842
G1 X104.829 Y105.83 E22.10533
G1 X105.491 Y105.123 E22.16638
G1 X106.261 Y104.507 E22.22854
G1 X107.095 Y104.025 E22.28926
G1 X108.041 Y103.654 E22.35332
G1 X109.009 Y103.431 E22.41594
G1 X110.026 Y103.358 E22.48021
G1 X110.956 Y103.426 E22.53899
G1 X111.949 Y103.649 E22.60314
G1 X112.873 Y104.01 E22.66568
G1 X113.723 Y104.5 E22.72752
G1 X114.497 Y105.115 E22.78984
G1 X115.168 Y105.828 E22.85156
G1 X115.754 Y106.686 E22.91705
G1 X116.162 Y107.531 E22.9762
G1 X116.459 Y108.466 E23.03804
G1 X116.62 Y109.473 E23.10233
G1 X116.618 Y110.506 E23.16744
G1 X116.476 Y111.462 E23.22837
G1 X116.19 Y112.409 E23.29073
G1 X115.757 Y113.308 E23.35363
G1 X115.182 Y114.15 E23.4179
G1 X114.543 Y114.839 E23.47713
G1 X113.717 Y115.5 E23.54382
G1 X112.856 Y115.994 E23.60639
G1 X111.973 Y116.337 E23.66611
G1 X111.009 Y116.563 E23.72852
G1 X110.006 Y116.643 E23.79195
M205 X5 Y5
G0 F7500 X110 Y116.725
G0 X109.958 Y117.722
G0 X110 Y118.006
M205 X8 Y8
G1 F1500 X110.947 Y117.948 E23.85175
G1 X111.879 Y117.781 E23.91144
G1 X112.783 Y117.507 E23.97099
G1 X113.66 Y117.119 E24.03144
G1 X114.467 Y116.645 E24.09043
G1 X115.23 Y116.063 E24.15092
G1 X115.902 Y115.408 E24.21008
G1 X116.508 Y114.66 E24.27076
G1 X117.014 Y113.861 E24.33038
G1 X117.419 Y113.008 E24.3899
G1 X117.72 Y112.118 E24.44912
G1 X117.919 Y111.175 E24.50988
G1 X118.003 Y110.235 E24.56937
G1 X117.974 Y109.278 E24.62972
G1 X117.84 Y108.36 E24.6882
G1 X117.583 Y107.42 E24.74963
G1 X117.229 Y106.56 E24.80825
G1 X116.767 Y105.721 E24.86863
G1 X116.222 Y104.959 E24.92768
G1 X115.582 Y104.261 E24.98738
G1 X114.848 Y103.629 E25.04844
G1 X114.063 Y103.097 E25.10821
G1 X113.241 Y102.675 E25.16646
G1 X112.339 Y102.342 E25.22707
G1 X111.403 Y102.117 E25.28775
G1 X110.452 Y102.003 E25.34813
G1 X109.979 Y101.989 E25.37796
G1 X109.547 Y102.002 E25.4052
G1 X108.585 Y102.116 E25.46627
G1 X107.658 Y102.341 E25.5264
G1 X106.755 Y102.674 E25.58707
G1 X105.937 Y103.097 E25.64512
G1 X105.147 Y103.629 E25.70515
G1 X104.414 Y104.261 E25.76616
G1 X103.774 Y104.959 E25.82586
G1 X103.229 Y105.721 E25.88491
G1 X102.768 Y106.558 E25.94515
G1 X102.414 Y107.43 E26.00447
G1 X102.161 Y108.361 E26.06529
G1 X102.023 Y109.279 E26.1238
G1 X101.994 Y110.235 E26.1841
G1 X102.076 Y111.175 E26.24357
G1 X102.276 Y112.118 E26.30434
G1 X102.576 Y113.007 E26.36348
G1 X102.985 Y113.861 E26.42317
G1 X103.493 Y114.665 E26.48312
G1 X104.081 Y115.392 E26.54206
G1 X104.783 Y116.07 E26.60358
G1 X105.531 Y116.646 E26.66309
G1 X106.336 Y117.118 E26.72192
G1 X107.214 Y117.506 E26.78243
G1 X108.118 Y117.781 E26.84199
G1 X109.048 Y117.948 E26.90155
G1 X110 Y118.006 E26.96167
M205 X5 Y5
G0 F7500 X110 Y118.577
M205 X8 Y8
;TYPE:WALL-OUTER
G1 F1500 X111.015 Y118.515 E27.01936
G1 X112.012 Y118.337 E27.07682
G1 X112.981 Y118.042 E27.13429
G1 X113.92 Y117.627 E27.19253
G1 X114.785 Y117.119 E27.24944
G1 X115.603 Y116.495 E27.30781
G1 X116.324 Y115.793 E27.3649
G1 X116.972 Y114.994 E27.42326
G1 X117.515 Y114.137 E27.48082
G1 X117.949 Y113.222 E27.53827
G1 X118.271 Y112.268 E27.5954
G1 X118.484 Y111.259 E27.6539
G1 X118.573 Y110.252 E27.71125
G1 X118.542 Y109.228 E27.76937
G1 X118.399 Y108.244 E27.82579
G1 X118.124 Y107.236 E27.88506
G1 X117.744 Y106.313 E27.94169
G1 X117.251 Y105.417 E27.99971
G1 X116.665 Y104.599 E28.0568
G1 X115.979 Y103.851 E28.11438
G1 X115.195 Y103.175 E28.17311
G1 X114.354 Y102.605 E28.23074
G1 X113.471 Y102.152 E28.28705
G1 X112.505 Y101.795 E28.34547
G1 X111.504 Y101.555 E28.40387
G1 X110.495 Y101.434 E28.46153
G1 X110 Y101.419 E28.48962
G1 X109.505 Y101.434 E28.51772
G1 X108.484 Y101.555 E28.57605
G1 X107.491 Y101.795 E28.634
G1 X106.525 Y102.152 E28.69243
G1 X105.646 Y102.605 E28.74853
G1 X104.801 Y103.175 E28.80636
G1 X104.017 Y103.851 E28.86509
G1 X103.331 Y104.599 E28.92267
G1 X102.745 Y105.417 E28.97975
G1 X102.253 Y106.313 E29.03774
G1 X101.873 Y107.247 E29.09495
G1 X101.601 Y108.244 E29.15358
G1 X101.454 Y109.229 E29.21008
G1 X101.423 Y110.252 E29.26815
G1 X101.512 Y111.26 E29.32555
G1 X101.725 Y112.268 E29.384
G1 X102.047 Y113.222 E29.44113
G1 X102.485 Y114.137 E29.49868
G1 X103.028 Y114.998 E29.55643
G1 X103.66 Y115.777 E29.61334
G1 X104.409 Y116.503 E29.67252
G1 X105.212 Y117.119 E29.72993
G1 X106.076 Y117.627 E29.78679
G1 X107.015 Y118.042 E29.84504
G1 X107.984 Y118.336 E29.90249
G1 X108.981 Y118.515 E29.95995
G1 X110 Y118.577 E30.01787
M205 X5 Y5
G0 F7500 X110.199 Y118.565
G1 F1500 E24.01787
G0 F7500 X110.162 Y117.913
G0 X109.873 Y117.717
G0 X109.933 Y116.921
G0 X109.984 Y116.07
M205 X8 Y8
G1 F1500 E30.01787
G1 X109.079 Y116 E30.06937
G1 X108.205 Y115.799 E30.12024
G1 X107.357 Y115.463 E30.17199
G1 X106.596 Y115.027 E30.22175
G1 X105.879 Y114.456 E30.27375
G1 X105.262 Y113.795 E30.32505
G1 X104.743 Y113.033 E30.37735
G1 X104.364 Y112.252 E30.4266
G1 X104.083 Y111.357 E30.47982
G1 X103.947 Y110.469 E30.53079
G1 X103.946 Y109.555 E30.58264
G1 X104.085 Y108.628 E30.63582
G1 X104.345 Y107.78 E30.68614
G1 X104.744 Y106.96 E30.73788
G1 X105.248 Y106.219 E30.78872
G1 X105.87 Y105.549 E30.84058
G1 X106.562 Y104.993 E30.89095
G1 X107.381 Y104.52 E30.9446
G1 X108.207 Y104.2 E30.99486
G1 X109.075 Y104 E31.04539
G1 X110.009 Y103.929 E31.09853
G1 X110.889 Y103.991 E31.14858
G1 X111.789 Y104.196 E31.20095
G1 X112.639 Y104.533 E31.25282
G1 X113.404 Y104.972 E31.30286
G1 X114.125 Y105.547 E31.35518
G1 X114.724 Y106.185 E31.40483
G1 X115.261 Y106.977 E31.45912
G1 X115.642 Y107.77 E31.50903
G1 X115.909 Y108.616 E31.55936
G1 X116.048 Y109.507 E31.61052
G1 X116.05 Y110.456 E31.66436
G1 X115.917 Y111.344 E31.7153
G1 X115.649 Y112.227 E31.76765
G1 X115.252 Y113.036 E31.81877
G1 X114.738 Y113.791 E31.87059
G1 X114.145 Y114.43 E31.92005
G1 X113.428 Y115.007 E31.97226
G1 X112.626 Y115.472 E32.02486
G1 X111.79 Y115.796 E32.07572
G1 X110.908 Y116.002 E32.12711
G1 X109.984 Y116.07 E32.17967
M205 X5 Y5
G0 F7500 X109.785 Y116.055
G1 F1500 E26.17967
G0 F7500 X109.737 Y116.706
G0 X110.009 Y116.925
G0 X110.056 Y117.703
G0 X110.001 Y117.55
M205 X8 Y8
;TYPE:SKIN
G1 F1500 E32.17967
G1 F1784.1 X109.108 Y117.49 E32.22236
G1 F1800 X108.855 Y117.452 E32.23445
G1 F1792 X108.23 Y117.332 E32.26468
G1 X107.781 Y117.203 E32.28686
G1 F1784.1 X107.377 Y117.071 E32.30713
G1 F1760.9 X106.541 Y116.703 E32.35128
G1 F1776.3 X105.759 Y116.248 E32.39462
G1 X105.096 Y115.733 E32.43484
G1 F1788.1 X104.864 Y115.52 E32.44983
G1 F1784.1 X104.423 Y115.084 E32.47941
G1 X104.119 Y114.719 E32.50206
G1 X103.871 Y114.399 E32.52138
G1 F1760.9 X103.385 Y113.641 E32.56489
G1 F1772.4 X103.001 Y112.838 E32.60763
G1 F1760.9 X102.72 Y111.998 E32.65043
G1 F1772.4 X102.64 Y111.655 E32.66734
G1 X102.53 Y111.097 E32.69465
G1 F1776.3 X102.481 Y110.628 E32.71724
G1 X102.452 Y110.217 E32.73698
G1 F1760.9 X102.476 Y109.313 E32.78068
G1 F1776.3 X102.604 Y108.459 E32.82205
G1 F1768.6 X102.846 Y107.582 E32.86583
G1 F1792 X102.977 Y107.24 E32.88322
G1 X103.18 Y106.759 E32.90801
G1 F1788.1 X103.453 Y106.247 E32.93563
G1 F1784.1 X103.62 Y105.959 E32.95151
G1 F1764.7 X104.125 Y105.248 E32.99356
G1 F1776.3 X104.727 Y104.592 E33.03622
G1 F1768.6 X105.428 Y103.992 E33.08062
G1 F1784.1 X105.759 Y103.761 E33.09987
G1 X106.174 Y103.491 E33.12348
G1 F1757 X106.933 Y103.095 E33.16495
G1 F1772.4 X107.786 Y102.778 E33.20864
G1 F1768.6 X108.655 Y102.571 E33.25162
G1 F1776.3 X108.93 Y102.531 E33.26494
G1 X109.561 Y102.465 E33.29533
G1 F1760.9 X109.982 Y102.445 E33.3157
G1 X110.41 Y102.459 E33.33639
G1 F1768.6 X111.307 Y102.566 E33.37986
G1 F1788.1 X112.206 Y102.778 E33.42382
G1 F1772.4 X113.125 Y103.12 E33.4709
G1 F1753.2 X113.821 Y103.488 E33.50911
G1 F1780.2 X114.199 Y103.736 E33.53073
G1 F1784.1 X114.563 Y103.991 E33.55192
G1 F1760.9 X115.214 Y104.539 E33.59305
G1 F1776.3 X115.868 Y105.251 E33.63936
G1 F1768.6 X116.365 Y105.949 E33.68059
G1 F1784.1 X116.536 Y106.241 E33.69673
G1 F1776.3 X116.815 Y106.765 E33.72518
G1 F1768.6 X116.986 Y107.162 E33.74597
G1 F1764.7 X117.143 Y107.56 E33.76661
G1 F1745.7 X117.391 Y108.459 E33.81207
G1 F1768.6 X117.515 Y109.3 E33.85297
G1 F1760.9 X117.54 Y110.2 E33.89648
G1 F1776.3 X117.515 Y110.59 E33.91521
G1 X117.462 Y111.105 E33.94001
G1 F1784.1 X117.356 Y111.644 E33.96621
G1 F1788.1 X117.273 Y111.999 E33.98356
G1 F1768.6 X116.996 Y112.83 E34.02571
G1 F1776.3 X116.613 Y113.63 E34.0682
G1 F1760.9 X116.142 Y114.375 E34.1108
G1 F1784.1 X115.882 Y114.712 E34.1311
G1 X115.565 Y115.091 E34.15467
G1 F1776.3 X115.187 Y115.466 E34.18018
G1 F1784.1 X114.921 Y115.713 E34.19749
G1 F1776.3 X114.209 Y116.263 E34.24059
G1 X113.442 Y116.709 E34.2831
G1 F1784.1 X113.212 Y116.819 E34.29526
G1 F1776.3 X112.615 Y117.075 E34.32638
G1 F1780.2 X112.263 Y117.188 E34.34405
G1 X111.762 Y117.331 E34.36896
G1 F1776.3 X111.198 Y117.442 E34.39649
G1 F1780.2 X110.896 Y117.491 E34.41112
G1 F1776.3 X110.001 Y117.55 E34.45409
M205 X5 Y5
G0 F7500 X110.004 Y117.098
M205 X8 Y8
G1 F1800 X111.097 Y117.005 E34.50595
G1 F1776.3 X111.656 Y116.881 E34.53338
G1 F1780.2 X112.118 Y116.765 E34.55615
G1 X112.452 Y116.642 E34.57317
G1 F1776.3 X113.078 Y116.39 E34.60549
G1 F1796 X113.988 Y115.869 E34.65518
G1 F1776.3 X114.627 Y115.359 E34.69435
G1 F1784.1 X114.86 Y115.161 E34.70893
G1 F1780.2 X115.225 Y114.778 E34.73422
G1 F1784.1 X115.535 Y114.432 E34.75638
G1 X115.757 Y114.121 E34.77461
G1 F1776.3 X116.16 Y113.514 E34.80951
G1 F1800 X116.621 Y112.548 E34.86011
G1 F1784.1 X116.831 Y111.871 E34.89392
G1 X116.915 Y111.569 E34.90888
G1 F1776.3 X117.004 Y111.036 E34.93476
G1 X117.068 Y110.552 E34.95815
G1 X117.077 Y110.206 E34.97473
G1 F1768.6 X117.072 Y109.425 E35.01232
G1 F1792 X116.916 Y108.413 E35.06094
G1 F1760.9 X116.7 Y107.705 E35.09671
G1 F1764.7 X116.58 Y107.357 E35.11446
G1 F1768.6 X116.398 Y106.964 E35.1353
G1 F1776.3 X116.133 Y106.437 E35.16356
G1 F1800 X115.527 Y105.551 E35.21431
G1 X114.79 Y104.766 E35.26522
G1 F1784.1 X114.28 Y104.354 E35.29649
G1 X113.974 Y104.122 E35.31481
G1 F1780.2 X113.586 Y103.888 E35.33646
G1 F1776.3 X113.053 Y103.59 E35.36572
G1 F1796 X112.075 Y103.211 E35.41542
G1 F1808 X111.063 Y102.979 E35.46428
G1 F1784.1 X110.376 Y102.92 E35.49717
G1 F1760.9 X110.02 Y102.9 E35.5144
G1 F1788.1 X108.958 Y102.98 E35.56509
G1 F1792 X107.914 Y103.213 E35.61589
G1 X106.943 Y103.59 E35.66535
G1 F1776.3 X106.407 Y103.89 E35.69478
G1 F1784.1 X106.02 Y104.122 E35.7163
G1 X105.711 Y104.356 E35.73479
G1 F1780.2 X105.153 Y104.81 E35.76918
G1 F1792 X104.477 Y105.538 E35.81635
G1 F1764.7 X104.004 Y106.214 E35.85614
G1 F1780.2 X103.856 Y106.44 E35.86905
G1 F1784.1 X103.594 Y106.959 E35.89678
G1 F1792 X103.402 Y107.372 E35.91841
G1 X103.283 Y107.725 E35.9361
G1 F1780.2 X103.069 Y108.443 E35.97191
G1 F1796 X102.92 Y109.443 E36.01982
G1 F1768.6 X102.916 Y110.211 E36.05677
G1 F1776.3 X102.924 Y110.56 E36.0735
G1 X102.989 Y111.028 E36.09613
G1 F1768.6 X103.084 Y111.582 E36.12318
G1 F1792 X103.403 Y112.623 E36.17488
G1 F1788.1 X103.832 Y113.51 E36.22178
G1 F1772.4 X104.242 Y114.126 E36.2573
G1 F1784.1 X104.466 Y114.44 E36.2757
G1 X104.762 Y114.772 E36.29692
G1 X105.145 Y115.173 E36.32337
G1 F1792 X105.381 Y115.373 E36.33806
G1 F1776.3 X106.01 Y115.872 E36.37652
G1 F1796 X106.913 Y116.386 E36.42575
G1 F1776.3 X107.542 Y116.641 E36.45827
G1 F1784.1 X107.911 Y116.778 E36.47704
G1 F1792 X108.336 Y116.885 E36.49786
G1 F1784.1 X108.979 Y117.026 E36.52925
G1 F1800 X110.004 Y117.098 E36.57783
M104 S210
M205 X5 Y5
G1 F1500 E30.57783
;MESH:NONMESH
G0 F600 X110.004 Y117.098 Z0.56
G0 F7500 X110.01 Y116.845
G0 X108.03 Y116.369
G0 X107.124 Y116.014
G0 X106.26 Y115.519
G0 X105.462 Y114.883
G0 X104.796 Y114.166
G0 X104.236 Y113.348
G0 X103.802 Y112.452
G0 X103.506 Y111.501
G0 X103.355 Y110.516
G0 X103.352 Y109.522
G0 X103.434 Y108.963
G0 X103.995 Y106.548
G0 X96.231 Y96.542
;TIME_ELAPSED:34.480082
;LAYER:1
M106 S85
M205 X8 Y8
;TYPE:SKIRT
G1 F1500 E36.57783
G1 X96.861 Y95.928 E36.62161
G1 X97.358 Y95.484 E36.65478
G1 X97.924 Y95.004 E36.69171
G1 X98.636 Y94.459 E36.73633
G1 X99.188 Y94.074 E36.76982
G1 X99.779 Y93.683 E36.80509
G1 X100.553 Y93.225 E36.84985
G1 X101.126 Y92.919 E36.88217
G1 X101.79 Y92.585 E36.91916
G1 X102.595 Y92.229 E36.96297
G1 X103.502 Y91.878 E37.01137
G1 X103.861 Y91.75 E37.03033
G1 X104.727 Y91.484 E37.07542
G1 X105.439 Y91.299 E37.11203
G1 X106.085 Y91.148 E37.14504
G1 X106.972 Y90.987 E37.18991
G1 X107.648 Y90.895 E37.22386
G1 X108.345 Y90.817 E37.25876
G1 X108.936 Y90.772 E37.28826
G1 X109.343 Y90.753 E37.30853
G1 X109.994 Y90.743 E37.34093
G1 X110.652 Y90.754 E37.37368
G1 X111.531 Y90.807 E37.41751
G1 X112.163 Y90.872 E37.44913
G1 X112.921 Y90.969 E37.48716
G1 X113.788 Y91.124 E37.53099
G1 X114.424 Y91.266 E37.56342
G1 X115.129 Y91.442 E37.59958
G1 X115.978 Y91.7 E37.64374
G1 X116.979 Y92.058 E37.69664
G1 X117.322 Y92.192 E37.71497
G1 X118.114 Y92.54 E37.75802
G1 X118.69 Y92.823 E37.78996
G1 X119.355 Y93.172 E37.82733
G1 X120.107 Y93.615 E37.87077
G1 X120.683 Y93.988 E37.90492
G1 X121.278 Y94.395 E37.94079
G1 X121.991 Y94.937 E37.98536
G1 X122.519 Y95.377 E38.01957
G1 X123.022 Y95.817 E38.05282
G1 X123.681 Y96.454 E38.09844
G1 X124.153 Y96.953 E38.13262
G1 X124.616 Y97.467 E38.16705
G1 X125.181 Y98.161 E38.21158
G1 X125.604 Y98.73 E38.24686
G1 X126.008 Y99.301 E38.28167
G1 X126.501 Y100.079 E38.32751
G1 X126.795 Y100.593 E38.35698
G1 X127.149 Y101.247 E38.39399
G1 X127.548 Y102.08 E38.43995
G1 X127.809 Y102.695 E38.4732
G1 X128.066 Y103.342 E38.50785
G1 X128.358 Y104.199 E38.5529
G1 X128.543 Y104.833 E38.58577
G1 X128.73 Y105.54 E38.62216
G1 X128.914 Y106.409 E38.66637
G1 X129.075 Y107.398 E38.71623
G1 X129.127 Y107.785 E38.73567
G1 X129.207 Y108.674 E38.78009
G1 X129.239 Y109.359 E38.81421
G1 X129.255 Y110.046 E38.84841
G1 X129.229 Y110.959 E38.89387
G1 X129.182 Y111.603 E38.926
G1 X129.108 Y112.357 E38.9637
G1 X128.979 Y113.236 E39.00792
G1 X128.863 Y113.84 E39.03852
G1 X128.695 Y114.601 E39.07731
G1 X128.469 Y115.434 E39.12026
G1 X128.266 Y116.072 E39.15358
G1 X128.033 Y116.748 E39.18916
G1 X127.686 Y117.607 E39.23527
G1 X127.418 Y118.194 E39.26738
G1 X127.11 Y118.829 E39.3025
G1 X126.671 Y119.629 E39.34792
G1 X126.313 Y120.217 E39.38217
G1 X125.921 Y120.827 E39.41826
G1 X125.407 Y121.545 E39.4622
G1 X125.01 Y122.052 E39.49425
G1 X124.567 Y122.591 E39.52897
G1 X123.959 Y123.259 E39.57392
G1 X123.466 Y123.755 E39.60872
G1 X122.932 Y124.265 E39.64547
G1 X122.265 Y124.841 E39.68933
G1 X121.768 Y125.234 E39.72086
G1 X121.174 Y125.68 E39.75783
G1 X120.445 Y126.173 E39.80162
G1 X119.868 Y126.528 E39.83534
G1 X119.268 Y126.878 E39.86991
G1 X118.44 Y127.304 E39.91624
G1 X117.516 Y127.724 E39.96676
G1 X117.193 Y127.861 E39.98422
G1 X116.346 Y128.177 E40.02921
G1 X115.357 Y128.491 E40.08084
G1 X114.998 Y128.594 E40.09943
G1 X114.168 Y128.795 E40.14193
G1 X113.18 Y128.986 E40.19201
G1 X112.773 Y129.053 E40.21254
G1 X111.886 Y129.159 E40.25699
G1 X110.911 Y129.229 E40.30564
G1 X110.522 Y129.247 E40.32502
G1 X109.611 Y129.249 E40.37035
G1 X108.952 Y129.221 E40.40318
G1 X108.225 Y129.172 E40.43944
G1 X107.333 Y129.067 E40.48414
G1 X106.669 Y128.959 E40.51762
G1 X105.981 Y128.83 E40.55245
G1 X105.088 Y128.616 E40.59815
G1 X104.456 Y128.434 E40.63088
G1 X103.796 Y128.227 E40.6653
G1 X102.932 Y127.909 E40.71112
G1 X102.31 Y127.647 E40.74471
G1 X101.676 Y127.362 E40.7793
G1 X100.851 Y126.94 E40.82542
G1 X100.019 Y126.462 E40.87317
G1 X99.696 Y126.266 E40.89197
G1 X98.93 Y125.752 E40.93788
G1 X98.108 Y125.139 E40.98891
G1 X97.798 Y124.894 E41.00857
G1 X97.142 Y124.329 E41.05166
G1 X96.408 Y123.634 E41.10196
G1 X96.137 Y123.363 E41.12103
G1 X95.529 Y122.699 E41.16584
G1 X95.109 Y122.198 E41.19837
G1 X94.649 Y121.621 E41.2351
G1 X94.134 Y120.905 E41.27899
G1 X93.607 Y120.092 E41.3272
G1 X93.389 Y119.735 E41.34802
G1 X92.959 Y118.957 E41.39226
G1 X92.664 Y118.364 E41.42522
G1 X92.347 Y117.685 E41.46251
G1 X92.011 Y116.859 E41.50689
G1 X91.703 Y115.983 E41.5531
G1 X91.567 Y115.561 E41.57516
G1 X91.326 Y114.683 E41.62047
G1 X91.179 Y114.035 E41.65354
G1 X91.041 Y113.352 E41.68822
G1 X90.904 Y112.445 E41.73387
G1 X90.809 Y111.507 E41.78079
G1 X90.778 Y111.102 E41.801
G1 X90.749 Y110.186 E41.84661
G1 X90.767 Y109.157 E41.89783
G1 X90.784 Y108.78 E41.91661
G1 X90.861 Y107.907 E41.96022
G1 X90.994 Y106.932 E42.00919
G1 X91.057 Y106.548 E42.02856
G1 X91.239 Y105.679 E42.07274
G1 X91.504 Y104.661 E42.12509
G1 X91.613 Y104.287 E42.14448
G1 X91.891 Y103.466 E42.18761
G1 X92.127 Y102.854 E42.22026
G1 X92.406 Y102.181 E42.25651
G1 X92.784 Y101.383 E42.30045
G1 X93.092 Y100.8 E42.33327
G1 X93.479 Y100.113 E42.37251
G1 X93.941 Y99.382 E42.41554
G1 X94.459 Y98.64 E42.46058
G1 X94.722 Y98.283 E42.48264
G1 X95.295 Y97.574 E42.52801
G1 X95.743 Y97.067 E42.56168
G1 X96.231 Y96.542 E42.59735
M205 X12.5 Y12.5
G1 F1500 E36.59735
;MESH:guia_rocker.STL
G0 F8250 X104.292 Y106.72
G0 X103.647 Y108.551
G0 X103.502 Y109.514
G0 X103.502 Y110.486
G0 X103.647 Y111.449
G0 X103.934 Y112.38
G0 X104.356 Y113.258
G0 X104.905 Y114.063
G0 X105.567 Y114.777
G0 X106.329 Y115.385
G0 X107.173 Y115.871
G0 X108.08 Y116.227
G0 X108.85 Y116.403
G0 X110.053 Y116.497
G0 X110.043 Y116.347
M205 X14 Y14
;TYPE:WALL-INNER
G1 F1500 E42.59735
G1 F2700 X109.027 Y116.273 E42.65368
G1 X108.131 Y116.07 E42.70448
G1 X107.266 Y115.73 E42.75587
G1 X106.442 Y115.258 E42.80838
G1 X105.677 Y114.654 E42.86228
G1 X105.036 Y113.962 E42.91443
G1 X104.516 Y113.203 E42.96531
G1 X104.073 Y112.286 E43.02162
G1 X103.806 Y111.413 E43.0721
G1 X103.666 Y110.483 E43.1241
G1 X103.664 Y109.554 E43.17547
G1 X103.816 Y108.556 E43.23129
G1 X104.088 Y107.671 E43.28249
G1 X104.494 Y106.83 E43.33413
G1 X105.011 Y106.067 E43.38509
G1 X105.694 Y105.329 E43.44069
G1 X106.423 Y104.748 E43.49224
G1 X107.228 Y104.285 E43.54359
G1 X108.17 Y103.919 E43.59947
G1 X109.07 Y103.716 E43.65049
G1 X110.022 Y103.647 E43.70326
G1 X110.926 Y103.716 E43.7534
G1 X111.825 Y103.919 E43.80436
G1 X112.756 Y104.274 E43.85945
G1 X113.567 Y104.746 E43.91134
G1 X114.319 Y105.342 E43.9644
G1 X114.948 Y106.02 E44.01554
G1 X115.502 Y106.829 E44.06975
G1 X115.908 Y107.67 E44.12139
G1 X116.194 Y108.587 E44.17451
G1 X116.332 Y109.555 E44.22857
G1 X116.331 Y110.483 E44.27989
G1 X116.194 Y111.405 E44.33143
G1 X115.924 Y112.286 E44.38238
G1 X115.481 Y113.203 E44.43869
G1 X114.962 Y113.96 E44.48944
G1 X114.332 Y114.639 E44.54066
G1 X113.602 Y115.224 E44.59239
G1 X112.735 Y115.73 E44.6479
G1 X111.871 Y116.07 E44.69924
G1 X110.969 Y116.273 E44.75036
G1 X110.043 Y116.347 E44.80173
M205 X12.5 Y12.5
G1 F1500 E38.80173
G0 F8250 X110.053 Y116.497
G0 X109.91 Y118.061
G0 X110 Y118.299
M205 X14 Y14
G1 F1500 E44.80173
G1 F2700 X110.984 Y118.24 E44.85623
G1 X111.939 Y118.066 E44.90991
G1 X112.884 Y117.778 E44.96454
G1 X113.792 Y117.379 E45.01938
G1 X114.628 Y116.886 E45.07304
G1 X115.414 Y116.284 E45.12779
G1 X116.125 Y115.594 E45.18257
G1 X116.741 Y114.831 E45.2368
G1 X117.262 Y114.008 E45.29066
G1 X117.69 Y113.111 E45.34561
G1 X118.003 Y112.19 E45.3994
G1 X118.206 Y111.228 E45.45377
G1 X118.295 Y110.239 E45.50867
G1 X118.266 Y109.26 E45.56283
G1 X118.118 Y108.285 E45.61736
G1 X117.859 Y107.334 E45.67186
G1 X117.491 Y106.435 E45.72558
G1 X117.01 Y105.562 E45.78069
G1 X116.447 Y104.773 E45.83429
G1 X115.783 Y104.047 E45.88869
G1 X115.03 Y103.398 E45.94366
G1 X114.219 Y102.853 E45.99769
G1 X113.349 Y102.407 E46.05175
G1 X112.423 Y102.063 E46.10637
G1 X111.464 Y101.831 E46.16093
G1 X110.476 Y101.716 E46.21593
G1 X109.971 Y101.701 E46.24386
G1 X109.52 Y101.715 E46.26881
G1 X108.532 Y101.831 E46.32382
G1 X107.573 Y102.063 E46.37838
G1 X106.647 Y102.407 E46.433
G1 X105.777 Y102.853 E46.48706
G1 X104.966 Y103.398 E46.54109
G1 X104.214 Y104.047 E46.59601
G1 X103.553 Y104.774 E46.65035
G1 X102.986 Y105.564 E46.70412
G1 X102.505 Y106.435 E46.75913
G1 X102.133 Y107.346 E46.81354
G1 X101.875 Y108.291 E46.86771
G1 X101.735 Y109.258 E46.92174
G1 X101.705 Y110.239 E46.97601
G1 X101.794 Y111.229 E47.03097
G1 X101.993 Y112.191 E47.08529
G1 X102.306 Y113.111 E47.13903
G1 X102.734 Y114.008 E47.19398
G1 X103.254 Y114.831 E47.24781
G1 X103.874 Y115.594 E47.30218
G1 X104.587 Y116.285 E47.35708
G1 X105.369 Y116.887 E47.41165
G1 X106.204 Y117.379 E47.46524
G1 X107.112 Y117.778 E47.52008
G1 X108.057 Y118.066 E47.57471
G1 X109.012 Y118.239 E47.62837
G1 X110 Y118.299 E47.6831
M205 X12.5 Y12.5
G0 F8250 X110 Y118.774
M205 X14 Y14
;TYPE:WALL-OUTER
G1 F2250 X111.041 Y118.712 E47.735
G1 X112.05 Y118.529 E47.78603
G1 X113.049 Y118.224 E47.83802
G1 X114.009 Y117.803 E47.89018
G1 X114.894 Y117.281 E47.94132
G1 X115.724 Y116.645 E47.99335
G1 X116.477 Y115.915 E48.04554
G1 X117.128 Y115.108 E48.09714
G1 X117.678 Y114.238 E48.14837
G1 X118.131 Y113.291 E48.20061
G1 X118.462 Y112.316 E48.25185
G1 X118.677 Y111.298 E48.30363
G1 X118.77 Y110.253 E48.35584
G1 X118.739 Y109.217 E48.40742
G1 X118.583 Y108.187 E48.45926
G1 X118.31 Y107.181 E48.51114
G1 X117.92 Y106.23 E48.56229
G1 X117.413 Y105.309 E48.61461
G1 X116.816 Y104.474 E48.66569
G1 X116.114 Y103.706 E48.71747
G1 X115.319 Y103.02 E48.76973
G1 X114.461 Y102.443 E48.82118
G1 X113.541 Y101.971 E48.87264
G1 X112.562 Y101.608 E48.9246
G1 X111.548 Y101.363 E48.97652
G1 X110.511 Y101.241 E49.02848
G1 X110 Y101.226 E49.05392
G1 X109.485 Y101.241 E49.07956
G1 X108.448 Y101.362 E49.13152
G1 X107.434 Y101.608 E49.18345
G1 X106.455 Y101.971 E49.23541
G1 X105.535 Y102.443 E49.28687
G1 X104.677 Y103.02 E49.33832
G1 X103.882 Y103.706 E49.39058
G1 X103.184 Y104.474 E49.44222
G1 X102.583 Y105.309 E49.49342
G1 X102.076 Y106.23 E49.54574
G1 X101.682 Y107.193 E49.59752
G1 X101.409 Y108.194 E49.64916
G1 X101.261 Y109.216 E49.70055
G1 X101.23 Y110.253 E49.75218
G1 X101.323 Y111.299 E49.80444
G1 X101.534 Y112.316 E49.85613
G1 X101.865 Y113.291 E49.90737
G1 X102.318 Y114.238 E49.95961
G1 X102.868 Y115.108 E50.01083
G1 X103.523 Y115.915 E50.06256
G1 X104.276 Y116.645 E50.11475
G1 X105.103 Y117.281 E50.16667
G1 X105.987 Y117.803 E50.21776
G1 X106.947 Y118.224 E50.26993
G1 X107.946 Y118.528 E50.32189
G1 X108.955 Y118.712 E50.37293
G1 X110 Y118.774 E50.42503
M205 X12.5 Y12.5
G0 F8250 X110.199 Y118.763
G1 F1500 E44.42503
G0 F8250 X110.162 Y118.138
G0 X109.843 Y118.057
G0 X109.964 Y116.58
G0 X109.983 Y115.873
M205 X14 Y14
G1 F1500 E50.42503
G1 F2250 X109.102 Y115.804 E50.46901
G1 X108.27 Y115.616 E50.51146
G1 X107.457 Y115.295 E50.55496
G1 X106.679 Y114.845 E50.59968
G1 X105.995 Y114.298 E50.64327
G1 X105.405 Y113.662 E50.68644
G1 X104.917 Y112.949 E50.72944
G1 X104.53 Y112.152 E50.77353
G1 X104.269 Y111.294 E50.81816
G1 X104.139 Y110.441 E50.8611
G1 X104.141 Y109.541 E50.90589
G1 X104.274 Y108.68 E50.94925
G1 X104.527 Y107.85 E50.99243
G1 X104.91 Y107.059 E51.03617
G1 X105.397 Y106.344 E51.07922
G1 X106.011 Y105.684 E51.12408
G1 X106.694 Y105.141 E51.1675
G1 X107.445 Y104.707 E51.21067
G1 X108.271 Y104.384 E51.2548
G1 X109.135 Y104.187 E51.29891
G1 X110.007 Y104.122 E51.34242
G1 X110.871 Y104.188 E51.38554
G1 X111.739 Y104.388 E51.42987
G1 X112.555 Y104.707 E51.47347
G1 X113.302 Y105.141 E51.51647
G1 X113.991 Y105.689 E51.56028
G1 X114.587 Y106.329 E51.6038
G1 X115.086 Y107.059 E51.64781
G1 X115.469 Y107.85 E51.69154
G1 X115.731 Y108.706 E51.73609
G1 X115.855 Y109.545 E51.7783
G1 X115.857 Y110.441 E51.82289
G1 X115.724 Y111.327 E51.86747
G1 X115.474 Y112.133 E51.90947
G1 X115.079 Y112.949 E51.95459
G1 X114.592 Y113.662 E51.99756
G1 X113.985 Y114.313 E52.04185
G1 X113.298 Y114.858 E52.08549
G1 X112.543 Y115.295 E52.12891
G1 X111.726 Y115.616 E52.17259
G1 X110.885 Y115.806 E52.2155
G1 X109.983 Y115.873 E52.26051
M205 X12.5 Y12.5
G0 F8250 X109.784 Y115.858
G1 F1500 E46.26051
G0 F8250 X109.739 Y116.482
G0 X109.999 Y116.582
G0 X109.91 Y118.061
G0 X110 Y117.89
M205 X14 Y14
;TYPE:SKIN
G1 F1500 E52.26051
G1 F2100 X109.055 Y117.835 E52.30762
G1 X108.158 Y117.672 E52.35299
G1 X107.255 Y117.396 E52.39998
G1 X106.383 Y117.015 E52.44734
G1 X105.591 Y116.545 E52.49317
G1 X104.856 Y115.981 E52.53927
G1 X104.175 Y115.319 E52.58654
G1 X103.579 Y114.588 E52.63347
G1 X103.09 Y113.815 E52.67899
G1 X102.678 Y112.95 E52.72667
G1 X102.382 Y112.084 E52.77222
G1 X102.195 Y111.171 E52.8186
G1 X102.11 Y110.217 E52.86626
G1 X102.137 Y109.284 E52.91271
G1 X102.269 Y108.378 E52.95828
G1 X102.514 Y107.481 E53.00455
G1 X102.868 Y106.614 E53.05116
G1 X103.331 Y105.773 E53.09893
G1 X103.864 Y105.03 E53.14444
G1 X104.49 Y104.342 E53.19073
G1 X105.213 Y103.715 E53.23835
G1 X105.979 Y103.203 E53.28421
G1 X106.803 Y102.779 E53.33032
G1 X107.69 Y102.452 E53.37737
G1 X108.604 Y102.23 E53.42418
G1 X109.58 Y102.115 E53.47309
G1 X109.958 Y102.105 E53.4919
G1 X110.439 Y102.117 E53.51585
G1 X111.387 Y102.231 E53.56337
G1 X112.306 Y102.452 E53.6104
G1 X113.189 Y102.779 E53.65726
G1 X114.013 Y103.203 E53.70338
G1 X114.779 Y103.716 E53.74926
G1 X115.502 Y104.342 E53.79685
G1 X116.128 Y105.026 E53.843
G1 X116.665 Y105.776 E53.8889
G1 X117.124 Y106.614 E53.93645
G1 X117.474 Y107.457 E53.98188
G1 X117.719 Y108.363 E54.02858
G1 X117.859 Y109.289 E54.07519
G1 X117.886 Y110.217 E54.12139
G1 X117.8 Y111.17 E54.16901
G1 X117.61 Y112.08 E54.21527
G1 X117.315 Y112.951 E54.26104
G1 X116.902 Y113.814 E54.30865
G1 X116.412 Y114.588 E54.35424
G1 X115.821 Y115.324 E54.40121
G1 X115.144 Y115.981 E54.44816
G1 X114.406 Y116.545 E54.49438
G1 X113.609 Y117.015 E54.54043
G1 X112.741 Y117.396 E54.58761
G1 X111.834 Y117.673 E54.6348
G1 X110.941 Y117.836 E54.67998
G1 X110 Y117.89 E54.72688
M205 X12.5 Y12.5
G0 F8250 X110 Y117.32
M205 X14 Y14
G1 F1357.8 X109.118 Y117.258 E54.79494
G1 F1369.6 X108.816 Y117.217 E54.81819
G1 F1373.5 X108.299 Y117.111 E54.85835
G1 F1377.6 X107.882 Y117.001 E54.89107
G1 X107.45 Y116.851 E54.92576
G1 F1371.6 X106.885 Y116.619 E54.9723
G1 F1369.6 X106.645 Y116.499 E54.99277
G1 F1359.7 X105.905 Y116.067 E55.05863
G1 F1363.6 X105.237 Y115.547 E55.12351
G1 F1383.6 X104.988 Y115.328 E55.14856
G1 F1381.6 X104.594 Y114.923 E55.1913
G1 F1377.6 X104.26 Y114.537 E55.23002
G1 F1375.5 X104.041 Y114.246 E55.25769
G1 F1346.2 X103.64 Y113.636 E55.31437
G1 F1363.6 X103.189 Y112.703 E55.39379
G1 F1357.8 X102.938 Y111.935 E55.45598
G1 F1363.6 X102.852 Y111.588 E55.48337
G1 F1367.6 X102.764 Y111.089 E55.52209
G1 F1375.5 X102.702 Y110.567 E55.56203
G1 F1377.6 X102.684 Y110.19 E55.59067
G1 F1350 X102.694 Y109.406 E55.65136
G1 F1365.6 X102.848 Y108.387 E55.73023
G1 F1357.8 X103.058 Y107.669 E55.78781
G1 F1371.6 X103.188 Y107.309 E55.81698
G1 F1375.5 X103.385 Y106.867 E55.85374
G1 F1379.6 X103.638 Y106.375 E55.89565
G1 X103.82 Y106.075 E55.92223
G1 F1365.6 X104.293 Y105.404 E55.98506
G1 F1385.6 X104.942 Y104.692 E56.05772
G1 F1363.6 X105.567 Y104.169 E56.12018
G1 F1367.6 X105.9 Y103.927 E56.15164
G1 F1371.6 X106.267 Y103.7 E56.18452
G1 F1369.6 X106.747 Y103.438 E56.22624
G1 F1367.6 X107.029 Y103.308 E56.24997
G1 F1365.6 X107.827 Y103.004 E56.31533
G1 F1369.6 X108.805 Y102.771 E56.39204
G1 F1342.3 X109.599 Y102.693 E56.45416
G1 F1355.8 X110.049 Y102.673 E56.48888
G1 F1363.6 X110.39 Y102.69 E56.51504
G1 F1375.5 X111.025 Y102.752 E56.56352
G1 F1379.6 X111.282 Y102.795 E56.58326
G1 F1371.6 X112.141 Y102.995 E56.65046
G1 F1369.6 X112.959 Y103.305 E56.71721
G1 F1379.6 X113.202 Y103.415 E56.73742
G1 F1371.6 X113.72 Y103.7 E56.78247
G1 F1365.6 X114.083 Y103.927 E56.81523
G1 F1367.6 X114.422 Y104.172 E56.84719
G1 F1371.6 X114.916 Y104.577 E56.89587
G1 F1379.6 X115.105 Y104.758 E56.91569
G1 F1365.6 X115.688 Y105.388 E56.98138
G1 F1363.6 X116.172 Y106.078 E57.04598
G1 F1379.6 X116.339 Y106.354 E57.07041
G1 F1377.6 X116.604 Y106.868 E57.11428
G1 F1375.5 X116.811 Y107.325 E57.1524
G1 F1371.6 X116.931 Y107.65 E57.1788
G1 F1363.6 X117.146 Y108.398 E57.23845
G1 F1379.6 X117.296 Y109.451 E57.31902
G1 F1357.8 X117.308 Y110.189 E57.37583
G1 F1377.6 X117.29 Y110.574 E57.40507
G1 F1381.6 X117.229 Y111.088 E57.44423
G1 X117.14 Y111.589 E57.48272
G1 F1383.6 X117.05 Y111.936 E57.50979
G1 F1371.6 X116.819 Y112.66 E57.5677
G1 F1385.6 X116.361 Y113.617 E57.64772
G1 F1361.7 X115.946 Y114.247 E57.70562
G1 F1377.6 X115.709 Y114.566 E57.73577
G1 F1379.6 X115.397 Y114.927 E57.77191
G1 F1377.6 X115.015 Y115.317 E57.81333
G1 F1375.5 X114.763 Y115.542 E57.839
G1 F1357.8 X114.083 Y116.069 E57.90521
G1 F1359.7 X113.348 Y116.496 E57.97055
G1 F1375.5 X113.108 Y116.616 E57.99093
G1 F1379.6 X112.535 Y116.857 E58.03802
G1 F1387.7 X112.179 Y116.981 E58.06642
G1 F1385.6 X111.69 Y117.113 E58.10462
G1 F1377.6 X111.183 Y117.217 E58.14388
G1 F1371.6 X110.874 Y117.259 E58.16764
G1 F1357.8 X110 Y117.32 E58.23508
M205 X12.5 Y12.5
G0 F8250 X109.978 Y116.753
M205 X14 Y14
G1 F2100 X111.045 Y116.67 E58.28834
G1 X111.994 Y116.456 E58.33675
G1 X112.887 Y116.103 E58.38454
G1 X113.817 Y115.571 E58.43786
G1 X114.613 Y114.926 E58.48884
G1 X115.272 Y114.218 E58.53698
G1 X115.814 Y113.428 E58.58466
G1 X116.306 Y112.417 E58.64061
G1 X116.593 Y111.479 E58.68943
G1 X116.734 Y110.504 E58.73845
G1 X116.731 Y109.467 E58.79006
G1 X116.586 Y108.485 E58.83946
G1 X116.292 Y107.537 E58.88885
G1 X115.85 Y106.627 E58.9392
G1 X115.296 Y105.8 E58.98874
G1 X114.564 Y105.017 E59.04208
G1 X113.79 Y104.408 E59.09109
G1 X112.947 Y103.915 E59.13969
G1 X112.007 Y103.548 E59.18991
G1 X110.971 Y103.312 E59.24279
G1 X110.045 Y103.243 E59.289
G1 X109.032 Y103.311 E59.33952
G1 X108.013 Y103.539 E59.39149
G1 X107.031 Y103.928 E59.44405
G1 X106.203 Y104.404 E59.49158
G1 X105.435 Y105.012 E59.54033
G1 X104.729 Y105.768 E59.59181
G1 X104.138 Y106.635 E59.64402
G1 X103.704 Y107.537 E59.69384
G1 X103.416 Y108.473 E59.74257
G1 X103.261 Y109.465 E59.79254
G1 X103.263 Y110.517 E59.84489
G1 X103.407 Y111.478 E59.89325
G1 X103.698 Y112.453 E59.94389
G1 X104.166 Y113.404 E59.99664
G1 X104.717 Y114.211 E60.04527
G1 X105.395 Y114.941 E60.09485
G1 X106.218 Y115.594 E60.14713
G1 X107.109 Y116.103 E60.1982
G1 X108.014 Y116.456 E60.24654
G1 X108.933 Y116.668 E60.29347
G1 X109.978 Y116.753 E60.34565
M205 X12.5 Y12.5
G1 F1500 E54.34565
;MESH:NONMESH
G0 F600 X109.978 Y116.753 Z0.84
G0 F8250 X110 Y116.502
G0 X109.03 Y116.444
G0 X108.08 Y116.227
G0 X107.173 Y115.871
G0 X106.329 Y115.385
G0 X105.567 Y114.777
G0 X104.905 Y114.063
G0 X104.356 Y113.258
G0 X103.934 Y112.38
G0 X103.647 Y111.449
G0 X103.502 Y110.486
G0 X103.502 Y109.514
G0 X103.647 Y108.551
G0 X104.292 Y106.72
G0 X96.231 Y96.542
;TIME_ELAPSED:53.393135
;LAYER:2
M106 S170
M205 X8 Y8
;TYPE:SKIRT
G1 F1500 E60.34565
G1 X96.861 Y95.928 E60.38943
G1 X97.358 Y95.484 E60.4226
G1 X97.924 Y95.004 E60.45953
G1 X98.636 Y94.459 E60.50415
G1 X99.188 Y94.074 E60.53764
G1 X99.779 Y93.683 E60.57291
G1 X100.553 Y93.225 E60.61766
G1 X101.126 Y92.919 E60.64999
G1 X101.79 Y92.585 E60.68698
G1 X102.595 Y92.229 E60.73078
G1 X103.502 Y91.878 E60.77918
G1 X103.861 Y91.75 E60.79815
G1 X104.727 Y91.484 E60.84324
G1 X105.439 Y91.299 E60.87984
G1 X106.085 Y91.148 E60.91286
G1 X106.972 Y90.987 E60.95772
G1 X107.648 Y90.895 E60.99167
G1 X108.345 Y90.817 E61.02658
G1 X108.936 Y90.772 E61.05607
G1 X109.343 Y90.753 E61.07635
G1 X109.994 Y90.743 E61.10875
G1 X110.652 Y90.754 E61.1415
G1 X111.531 Y90.807 E61.18533
G1 X112.163 Y90.872 E61.21694
G1 X112.921 Y90.969 E61.25497
G1 X113.788 Y91.124 E61.2988
G1 X114.424 Y91.266 E61.33123
G1 X115.129 Y91.442 E61.3674
G1 X115.978 Y91.7 E61.41155
G1 X116.979 Y92.058 E61.46446
G1 X117.322 Y92.192 E61.48279
G1 X118.114 Y92.54 E61.52584
G1 X118.69 Y92.823 E61.55777
G1 X119.355 Y93.172 E61.59515
G1 X120.107 Y93.615 E61.63858
G1 X120.683 Y93.988 E61.67273
G1 X121.278 Y94.395 E61.70861
G1 X121.991 Y94.937 E61.75318
G1 X122.519 Y95.377 E61.78738
G1 X123.022 Y95.817 E61.82064
G1 X123.681 Y96.454 E61.86625
G1 X124.153 Y96.953 E61.90044
G1 X124.616 Y97.467 E61.93486
G1 X125.181 Y98.161 E61.9794
G1 X125.604 Y98.73 E62.01468
G1 X126.008 Y99.301 E62.04949
G1 X126.501 Y100.079 E62.09533
G1 X126.795 Y100.593 E62.1248
G1 X127.149 Y101.247 E62.16181
G1 X127.548 Y102.08 E62.20777
G1 X127.809 Y102.695 E62.24102
G1 X128.066 Y103.342 E62.27566
G1 X128.358 Y104.199 E62.32072
G1 X128.543 Y104.833 E62.35359
G1 X128.73 Y105.54 E62.38998
G1 X128.914 Y106.409 E62.43419
G1 X129.075 Y107.398 E62.48405
G1 X129.127 Y107.785 E62.50348
G1 X129.207 Y108.674 E62.5479
G1 X129.239 Y109.359 E62.58203
G1 X129.255 Y110.046 E62.61623
G1 X129.229 Y110.959 E62.66168
G1 X129.182 Y111.603 E62.69382
G1 X129.108 Y112.357 E62.73152
G1 X128.979 Y113.236 E62.77573
G1 X128.863 Y113.84 E62.80634
G1 X128.695 Y114.601 E62.84512
G1 X128.469 Y115.434 E62.88808
G1 X128.266 Y116.072 E62.9214
G1 X128.033 Y116.748 E62.95698
G1 X127.686 Y117.607 E63.00309
G1 X127.418 Y118.194 E63.0352
G1 X127.11 Y118.829 E63.07032
G1 X126.671 Y119.629 E63.11573
G1 X126.313 Y120.217 E63.14999
G1 X125.921 Y120.827 E63.18608
G1 X125.407 Y121.545 E63.23002
G1 X125.01 Y122.052 E63.26207
G1 X124.567 Y122.591 E63.29679
G1 X123.959 Y123.259 E63.34174
G1 X123.466 Y123.755 E63.37654
G1 X122.932 Y124.265 E63.41329
G1 X122.265 Y124.841 E63.45715
G1 X121.768 Y125.234 E63.48868
G1 X121.174 Y125.68 E63.52564
G1 X120.445 Y126.173 E63.56944
G1 X119.868 Y126.528 E63.60315
G1 X119.268 Y126.878 E63.63772
G1 X118.44 Y127.304 E63.68406
G1 X117.516 Y127.724 E63.73457
G1 X117.193 Y127.861 E63.75203
G1 X116.346 Y128.177 E63.79702
G1 X115.357 Y128.491 E63.84866
G1 X114.998 Y128.594 E63.86725
G1 X114.168 Y128.795 E63.90975
G1 X113.18 Y128.986 E63.95983
G1 X112.773 Y129.053 E63.98035
G1 X111.886 Y129.159 E64.02481
G1 X110.911 Y129.229 E64.07346
G1 X110.522 Y129.247 E64.09284
G1 X109.611 Y129.249 E64.13817
G1 X108.952 Y129.221 E64.171
G1 X108.225 Y129.172 E64.20726
G1 X107.333 Y129.067 E64.25196
G1 X106.669 Y128.959 E64.28543
G1 X105.981 Y128.83 E64.32027
G1 X105.088 Y128.616 E64.36597
G1 X104.456 Y128.434 E64.3987
G1 X103.796 Y128.227 E64.43312
G1 X102.932 Y127.909 E64.47894
G1 X102.31 Y127.647 E64.51253
G1 X101.676 Y127.362 E64.54712
G1 X100.851 Y126.94 E64.59324
G1 X100.019 Y126.462 E64.64099
G1 X99.696 Y126.266 E64.65979
G1 X98.93 Y125.752 E64.7057
G1 X98.108 Y125.139 E64.75673
G1 X97.798 Y124.894 E64.77639
G1 X97.142 Y124.329 E64.81948
G1 X96.408 Y123.634 E64.86978
G1 X96.137 Y123.363 E64.88885
G1 X95.529 Y122.699 E64.93366
G1 X95.109 Y122.198 E64.96619
G1 X94.649 Y121.621 E65.00291
G1 X94.134 Y120.905 E65.04681
G1 X93.607 Y120.092 E65.09502
G1 X93.389 Y119.735 E65.11584
G1 X92.959 Y118.957 E65.16008
G1 X92.664 Y118.364 E65.19304
G1 X92.347 Y117.685 E65.23033
G1 X92.011 Y116.859 E65.27471
G1 X91.703 Y115.983 E65.32092
G1 X91.567 Y115.561 E65.34298
G1 X91.326 Y114.683 E65.38829
G1 X91.179 Y114.035 E65.42136
G1 X91.041 Y113.352 E65.45604
G1 X90.904 Y112.445 E65.50169
G1 X90.809 Y111.507 E65.5486
G1 X90.778 Y111.102 E65.56882
G1 X90.749 Y110.186 E65.61443
G1 X90.767 Y109.157 E65.66564
G1 X90.784 Y108.78 E65.68442
G1 X90.861 Y107.907 E65.72804
G1 X90.994 Y106.932 E65.77701
G1 X91.057 Y106.548 E65.79637
G1 X91.239 Y105.679 E65.84056
G1 X91.504 Y104.661 E65.89291
G1 X91.613 Y104.287 E65.91229
G1 X91.891 Y103.466 E65.95543
G1 X92.127 Y102.854 E65.98807
G1 X92.406 Y102.181 E66.02433
G1 X92.784 Y101.383 E66.06827
G1 X93.092 Y100.8 E66.10109
G1 X93.479 Y100.113 E66.14033
G1 X93.941 Y99.382 E66.18336
G1 X94.459 Y98.64 E66.2284
G1 X94.722 Y98.283 E66.25046
G1 X95.295 Y97.574 E66.29583
G1 X95.743 Y97.067 E66.3295
G1 X96.231 Y96.542 E66.36517
M205 X20 Y20
G1 F1500 E60.36517
;MESH:guia_rocker.STL
G0 F9000 X104.292 Y106.72
G0 X103.647 Y108.551
G0 X103.502 Y109.514
G0 X103.502 Y110.486
G0 X103.647 Y111.449
G0 X103.934 Y112.38
G0 X104.356 Y113.258
G0 X104.905 Y114.063
G0 X105.567 Y114.777
G0 X106.329 Y115.385
G0 X107.173 Y115.871
G0 X108.08 Y116.227
G0 X108.85 Y116.403
G0 X110.053 Y116.497
G0 X110.043 Y116.347
;TYPE:WALL-INNER
G1 F1500 E66.36517
G1 F3900 X109.027 Y116.273 E66.4215
G1 X108.131 Y116.07 E66.4723
G1 X107.266 Y115.73 E66.52369
G1 X106.442 Y115.258 E66.5762
G1 X105.677 Y114.654 E66.63009
G1 X105.036 Y113.962 E66.68225
G1 X104.516 Y113.203 E66.73313
G1 X104.073 Y112.286 E66.78944
G1 X103.806 Y111.413 E66.83992
G1 X103.666 Y110.483 E66.89192
G1 X103.664 Y109.554 E66.94329
G1 X103.816 Y108.556 E66.99911
G1 X104.088 Y107.671 E67.05031
G1 X104.494 Y106.83 E67.10195
G1 X105.011 Y106.067 E67.15291
G1 X105.694 Y105.329 E67.20851
G1 X106.423 Y104.748 E67.26006
G1 X107.228 Y104.285 E67.31141
G1 X108.092 Y103.943 E67.36279
G1 X109.07 Y103.716 E67.4183
G1 X110.022 Y103.647 E67.47108
G1 X110.926 Y103.716 E67.52121
G1 X111.825 Y103.919 E67.57218
G1 X112.756 Y104.274 E67.62727
G1 X113.567 Y104.746 E67.67916
G1 X114.319 Y105.342 E67.73222
G1 X114.948 Y106.02 E67.78335
G1 X115.502 Y106.829 E67.83757
G1 X115.908 Y107.67 E67.88921
G1 X116.194 Y108.587 E67.94232
G1 X116.332 Y109.555 E67.99639
G1 X116.331 Y110.483 E68.04771
G1 X116.194 Y111.405 E68.09925
G1 X115.924 Y112.286 E68.1502
G1 X115.481 Y113.203 E68.20651
G1 X114.962 Y113.96 E68.25726
G1 X114.332 Y114.639 E68.30848
G1 X113.602 Y115.224 E68.36021
G1 X112.735 Y115.73 E68.41571
G1 X111.871 Y116.07 E68.46706
G1 X110.969 Y116.273 E68.51818
G1 X110.043 Y116.347 E68.56955
G1 F1500 E62.56955
G0 F9000 X110.053 Y116.497
G0 X109.91 Y118.061
G0 X110 Y118.299
G1 F1500 E68.56955
G1 F3900 X110.984 Y118.24 E68.62405
G1 X111.939 Y118.066 E68.67773
G1 X112.884 Y117.778 E68.73236
G1 X113.792 Y117.379 E68.7872
G1 X114.628 Y116.886 E68.84086
G1 X115.414 Y116.284 E68.89561
G1 X116.125 Y115.594 E68.95039
G1 X116.741 Y114.831 E69.00462
G1 X117.262 Y114.008 E69.05848
G1 X117.69 Y113.111 E69.11343
G1 X118.003 Y112.19 E69.16722
G1 X118.206 Y111.228 E69.22158
G1 X118.295 Y110.239 E69.27649
G1 X118.266 Y109.26 E69.33065
G1 X118.118 Y108.285 E69.38518
G1 X117.859 Y107.334 E69.43968
G1 X117.491 Y106.435 E69.49339
G1 X117.01 Y105.562 E69.54851
G1 X116.447 Y104.773 E69.60211
G1 X115.783 Y104.047 E69.65651
G1 X115.03 Y103.398 E69.71148
G1 X114.219 Y102.853 E69.76551
G1 X113.349 Y102.407 E69.81956
G1 X112.423 Y102.063 E69.87419
G1 X111.464 Y101.831 E69.92874
G1 X110.476 Y101.716 E69.98374
G1 X109.971 Y101.701 E70.01168
G1 X109.52 Y101.715 E70.03663
G1 X108.532 Y101.831 E70.09164
G1 X107.573 Y102.063 E70.1462
G1 X106.647 Y102.407 E70.20082
G1 X105.777 Y102.853 E70.25488
G1 X104.966 Y103.398 E70.30891
G1 X104.214 Y104.047 E70.36383
G1 X103.553 Y104.774 E70.41816
G1 X102.986 Y105.564 E70.47193
G1 X102.505 Y106.435 E70.52695
G1 X102.133 Y107.346 E70.58136
G1 X101.875 Y108.291 E70.63553
G1 X101.735 Y109.258 E70.68956
G1 X101.705 Y110.239 E70.74383
G1 X101.794 Y111.229 E70.79879
G1 X101.993 Y112.191 E70.85311
G1 X102.306 Y113.111 E70.90684
G1 X102.734 Y114.008 E70.9618
G1 X103.254 Y114.831 E71.01563
G1 X103.874 Y115.594 E71.06999
G1 X104.587 Y116.285 E71.1249
G1 X105.369 Y116.887 E71.17947
G1 X106.204 Y117.379 E71.23306
G1 X107.112 Y117.778 E71.2879
G1 X108.057 Y118.066 E71.34252
G1 X109.012 Y118.239 E71.39619
G1 X110 Y118.299 E71.45092
G0 F9000 X110 Y118.774
;TYPE:WALL-OUTER
G1 F3000 X111.041 Y118.712 E71.50282
G1 X112.05 Y118.529 E71.55385
G1 X113.049 Y118.224 E71.60583
G1 X114.009 Y117.803 E71.658
G1 X114.894 Y117.281 E71.70913
G1 X115.724 Y116.645 E71.76117
G1 X116.477 Y115.915 E71.81336
G1 X117.128 Y115.108 E71.86496
G1 X117.678 Y114.238 E71.91618
G1 X118.131 Y113.291 E71.96843
G1 X118.462 Y112.316 E72.01967
G1 X118.677 Y111.298 E72.07145
G1 X118.77 Y110.253 E72.12366
G1 X118.739 Y109.217 E72.17524
G1 X118.583 Y108.187 E72.22708
G1 X118.31 Y107.181 E72.27896
G1 X117.92 Y106.23 E72.33011
G1 X117.413 Y105.309 E72.38243
G1 X116.816 Y104.474 E72.43351
G1 X116.114 Y103.706 E72.48529
G1 X115.319 Y103.02 E72.53755
G1 X114.461 Y102.443 E72.589
G1 X113.541 Y101.971 E72.64046
G1 X112.562 Y101.608 E72.69242
G1 X111.548 Y101.363 E72.74434
G1 X110.511 Y101.241 E72.7963
G1 X110 Y101.226 E72.82174
G1 X109.485 Y101.241 E72.84738
G1 X108.448 Y101.362 E72.89934
G1 X107.434 Y101.608 E72.95126
G1 X106.455 Y101.971 E73.00323
G1 X105.535 Y102.443 E73.05468
G1 X104.677 Y103.02 E73.10614
G1 X103.882 Y103.706 E73.1584
G1 X103.184 Y104.474 E73.21004
G1 X102.583 Y105.309 E73.26124
G1 X102.076 Y106.23 E73.31356
G1 X101.682 Y107.193 E73.36534
G1 X101.409 Y108.194 E73.41698
G1 X101.261 Y109.216 E73.46837
G1 X101.23 Y110.253 E73.52
G1 X101.323 Y111.299 E73.57226
G1 X101.534 Y112.316 E73.62395
G1 X101.865 Y113.291 E73.67519
G1 X102.318 Y114.238 E73.72743
G1 X102.868 Y115.108 E73.77865
G1 X103.523 Y115.915 E73.83038
G1 X104.276 Y116.645 E73.88257
G1 X105.103 Y117.281 E73.93449
G1 X105.987 Y117.803 E73.98558
G1 X106.947 Y118.224 E74.03774
G1 X107.946 Y118.528 E74.08971
G1 X108.955 Y118.712 E74.14075
G1 X110 Y118.774 E74.19285
G0 F9000 X110.199 Y118.763
G1 F1500 E68.19285
G0 F9000 X110.162 Y118.138
G0 X109.843 Y118.057
G0 X109.964 Y116.58
G0 X109.983 Y115.873
G1 F1500 E74.19285
G1 F3000 X109.102 Y115.804 E74.23683
G1 X108.27 Y115.616 E74.27928
G1 X107.457 Y115.295 E74.32277
G1 X106.679 Y114.845 E74.3675
G1 X105.995 Y114.298 E74.41109
G1 X105.405 Y113.662 E74.45426
G1 X104.917 Y112.949 E74.49726
G1 X104.53 Y112.152 E74.54135
G1 X104.269 Y111.294 E74.58598
G1 X104.139 Y110.441 E74.62892
G1 X104.141 Y109.541 E74.67371
G1 X104.274 Y108.68 E74.71707
G1 X104.527 Y107.85 E74.76025
G1 X104.91 Y107.059 E74.80398
G1 X105.397 Y106.344 E74.84704
G1 X106.011 Y105.684 E74.8919
G1 X106.679 Y105.152 E74.93439
G1 X107.445 Y104.707 E74.97848
G1 X108.271 Y104.384 E75.02262
G1 X109.135 Y104.187 E75.06672
G1 X110.007 Y104.122 E75.11023
G1 X110.871 Y104.188 E75.15336
G1 X111.739 Y104.388 E75.19769
G1 X112.555 Y104.707 E75.24129
G1 X113.302 Y105.141 E75.28428
G1 X113.991 Y105.689 E75.32809
G1 X114.587 Y106.329 E75.37161
G1 X115.086 Y107.059 E75.41562
G1 X115.469 Y107.85 E75.45936
G1 X115.731 Y108.706 E75.50391
G1 X115.855 Y109.545 E75.54611
G1 X115.857 Y110.441 E75.5907
G1 X115.724 Y111.327 E75.63529
G1 X115.474 Y112.133 E75.67728
G1 X115.079 Y112.949 E75.7224
G1 X114.592 Y113.662 E75.76537
G1 X113.985 Y114.313 E75.80967
G1 X113.298 Y114.858 E75.85331
G1 X112.543 Y115.295 E75.89672
G1 X111.726 Y115.616 E75.9404
G1 X110.885 Y115.806 E75.98331
G1 X109.983 Y115.873 E76.02832
G0 F9000 X109.784 Y115.858
G1 F1500 E70.02832
G0 F9000 X109.739 Y116.482
G0 X109.999 Y116.582
G0 X109.91 Y118.061
G0 X110 Y117.89
;TYPE:SKIN
G1 F1500 E76.02832
G1 F2700 X109.055 Y117.835 E76.07543
G1 X108.158 Y117.672 E76.1208
G1 X107.255 Y117.396 E76.16779
G1 X106.383 Y117.015 E76.21515
G1 X105.591 Y116.545 E76.26098
G1 X104.856 Y115.981 E76.30709
G1 X104.175 Y115.319 E76.35435
G1 X103.579 Y114.588 E76.40129
G1 X103.09 Y113.815 E76.44681
G1 X102.678 Y112.95 E76.49449
G1 X102.382 Y112.084 E76.54003
G1 X102.195 Y111.171 E76.58641
G1 X102.11 Y110.217 E76.63408
G1 X102.137 Y109.284 E76.68053
G1 X102.269 Y108.378 E76.72609
G1 X102.514 Y107.481 E76.77237
G1 X102.868 Y106.614 E76.81897
G1 X103.331 Y105.773 E76.86675
G1 X103.864 Y105.03 E76.91225
G1 X104.49 Y104.342 E76.95854
G1 X105.213 Y103.715 E77.00617
G1 X105.979 Y103.203 E77.05202
G1 X106.803 Y102.779 E77.09814
G1 X107.69 Y102.452 E77.14518
G1 X108.604 Y102.23 E77.19199
G1 X109.58 Y102.115 E77.2409
G1 X109.958 Y102.105 E77.25972
G1 X110.439 Y102.117 E77.28366
G1 X111.387 Y102.231 E77.33118
G1 X112.306 Y102.452 E77.37822
G1 X113.189 Y102.779 E77.42508
G1 X114.013 Y103.203 E77.47119
G1 X114.779 Y103.716 E77.51707
G1 X115.502 Y104.342 E77.56467
G1 X116.128 Y105.026 E77.61081
G1 X116.665 Y105.776 E77.65671
G1 X117.124 Y106.614 E77.70426
G1 X117.474 Y107.457 E77.74969
G1 X117.719 Y108.363 E77.7964
G1 X117.859 Y109.289 E77.843
G1 X117.886 Y110.217 E77.8892
G1 X117.8 Y111.17 E77.93682
G1 X117.61 Y112.08 E77.98309
G1 X117.315 Y112.951 E78.02885
G1 X116.902 Y113.814 E78.07646
G1 X116.412 Y114.588 E78.12205
G1 X115.821 Y115.324 E78.16903
G1 X115.144 Y115.981 E78.21597
G1 X114.406 Y116.545 E78.2622
G1 X113.609 Y117.015 E78.30824
G1 X112.741 Y117.396 E78.35542
G1 X111.834 Y117.673 E78.40261
G1 X110.941 Y117.836 E78.44779
G1 X110 Y117.89 E78.4947
G0 F9000 X110 Y117.32
G1 F1745.7 X109.118 Y117.258 E78.56275
G1 F1760.9 X108.816 Y117.217 E78.58601
G1 F1766 X108.299 Y117.111 E78.62616
G1 F1771.1 X107.882 Y117.001 E78.65888
G1 X107.45 Y116.851 E78.69357
G1 F1763.4 X106.885 Y116.619 E78.74011
G1 F1760.9 X106.645 Y116.499 E78.76059
G1 F1748.2 X105.905 Y116.067 E78.82645
G1 F1753.2 X105.237 Y115.547 E78.89132
G1 F1778.9 X104.988 Y115.328 E78.91637
G1 F1776.3 X104.594 Y114.923 E78.95911
G1 F1771.1 X104.26 Y114.537 E78.99784
G1 F1768.6 X104.041 Y114.246 E79.02551
G1 F1730.8 X103.64 Y113.636 E79.08218
G1 F1753.2 X103.189 Y112.703 E79.1616
G1 F1745.7 X102.938 Y111.935 E79.22379
G1 F1753.2 X102.852 Y111.588 E79.25119
G1 F1758.3 X102.764 Y111.089 E79.28991
G1 F1768.6 X102.702 Y110.567 E79.32985
G1 F1771.1 X102.684 Y110.19 E79.35848
G1 F1735.7 X102.694 Y109.406 E79.41918
G1 F1755.8 X102.848 Y108.387 E79.49804
G1 F1745.7 X103.058 Y107.669 E79.55562
G1 F1763.4 X103.188 Y107.309 E79.58479
G1 F1768.6 X103.385 Y106.867 E79.62155
G1 F1773.7 X103.638 Y106.375 E79.66346
G1 X103.82 Y106.075 E79.69005
G1 F1755.8 X104.293 Y105.404 E79.75287
G1 F1781.5 X104.942 Y104.692 E79.82553
G1 F1753.2 X105.567 Y104.169 E79.88799
G1 F1758.3 X105.9 Y103.927 E79.91945
G1 X106.268 Y103.701 E79.95245
G1 F1721 X106.922 Y103.348 E80.01048
G1 F1745.7 X107.852 Y102.998 E80.08696
G1 F1758.3 X108.706 Y102.795 E80.15404
G1 F1773.7 X108.961 Y102.752 E80.17363
G1 F1760.9 X109.599 Y102.692 E80.22253
G1 F1745.7 X110.049 Y102.673 E80.2572
G1 F1753.2 X110.39 Y102.69 E80.28336
G1 F1768.6 X111.025 Y102.752 E80.33184
G1 F1773.7 X111.282 Y102.795 E80.35157
G1 F1763.4 X112.141 Y102.995 E80.41878
G1 F1760.9 X112.959 Y103.305 E80.48553
G1 F1773.7 X113.202 Y103.415 E80.50574
G1 F1763.4 X113.72 Y103.7 E80.55079
G1 F1755.8 X114.083 Y103.927 E80.58355
G1 F1758.3 X114.422 Y104.172 E80.61551
G1 F1763.4 X114.916 Y104.577 E80.66419
G1 F1773.7 X115.105 Y104.758 E80.68401
G1 F1755.8 X115.688 Y105.388 E80.7497
G1 F1753.2 X116.172 Y106.078 E80.81429
G1 F1773.7 X116.339 Y106.354 E80.83873
G1 F1771.1 X116.604 Y106.868 E80.8826
G1 F1768.6 X116.811 Y107.325 E80.92072
G1 F1763.4 X116.931 Y107.65 E80.94712
G1 F1753.2 X117.146 Y108.398 E81.00676
G1 F1773.7 X117.296 Y109.451 E81.08734
G1 F1745.7 X117.308 Y110.189 E81.14415
G1 F1771.1 X117.29 Y110.574 E81.17339
G1 F1776.3 X117.229 Y111.088 E81.21254
G1 X117.14 Y111.589 E81.25103
G1 F1778.9 X117.05 Y111.936 E81.27811
G1 F1763.4 X116.819 Y112.66 E81.33602
G1 F1781.5 X116.361 Y113.617 E81.41604
G1 F1750.7 X115.946 Y114.247 E81.47394
G1 F1771.1 X115.709 Y114.566 E81.50409
G1 F1773.7 X115.397 Y114.927 E81.54023
G1 F1771.1 X115.015 Y115.317 E81.58165
G1 F1768.6 X114.763 Y115.542 E81.60731
G1 F1745.7 X114.083 Y116.069 E81.67353
G1 F1748.2 X113.348 Y116.496 E81.73887
G1 F1768.6 X113.108 Y116.616 E81.75925
G1 F1773.7 X112.535 Y116.857 E81.80634
G1 F1784.1 X112.179 Y116.981 E81.83473
G1 F1781.5 X111.69 Y117.113 E81.87293
G1 F1771.1 X111.183 Y117.217 E81.9122
G1 F1763.4 X110.874 Y117.259 E81.93596
G1 F1745.7 X110 Y117.32 E82.0034
G0 F9000 X109.978 Y116.753
G1 F2700 X111.045 Y116.67 E82.05666
G1 X111.994 Y116.456 E82.10507
G1 X112.887 Y116.103 E82.15286
G1 X113.817 Y115.571 E82.20618
G1 X114.613 Y114.926 E82.25716
G1 X115.272 Y114.218 E82.3053
G1 X115.814 Y113.428 E82.35297
G1 X116.306 Y112.417 E82.40893
G1 X116.593 Y111.479 E82.45774
G1 X116.734 Y110.504 E82.50677
G1 X116.731 Y109.467 E82.55838
G1 X116.586 Y108.485 E82.60778
G1 X116.292 Y107.537 E82.65717
G1 X115.85 Y106.627 E82.70752
G1 X115.296 Y105.8 E82.75705
G1 X114.564 Y105.017 E82.8104
G1 X113.79 Y104.408 E82.85941
G1 X112.947 Y103.915 E82.90801
G1 X112.007 Y103.548 E82.95823
G1 X110.971 Y103.312 E83.01111
G1 X110.045 Y103.243 E83.05732
G1 X109.028 Y103.311 E83.10804
G1 X108.022 Y103.54 E83.15939
G1 X107.031 Y103.928 E83.21235
G1 X106.203 Y104.404 E83.25988
G1 X105.435 Y105.012 E83.30862
G1 X104.729 Y105.768 E83.3601
G1 X104.138 Y106.635 E83.41232
G1 X103.704 Y107.537 E83.46213
G1 X103.416 Y108.473 E83.51087
G1 X103.261 Y109.465 E83.56084
G1 X103.263 Y110.517 E83.61319
G1 X103.407 Y111.478 E83.66155
G1 X103.698 Y112.453 E83.71218
G1 X104.166 Y113.404 E83.76493
G1 X104.717 Y114.211 E83.81356
G1 X105.395 Y114.941 E83.86314
G1 X106.218 Y115.594 E83.91542
G1 X107.109 Y116.103 E83.96649
G1 X108.014 Y116.456 E84.01483
G1 X108.933 Y116.668 E84.06177
G1 X109.978 Y116.753 E84.11394
;MESH:NONMESH
G0 F600 X109.978 Y116.753 Z1.12
G0 F9000 X110.043 Y116.347
;TIME_ELAPSED:69.121779
;LAYER:3
;note -- min layer time used
M106 S255
;TYPE:WALL-INNER
;MESH:guia_rocker.STL
G1 F1409.4 X109.027 Y116.273 E84.17027
G1 X108.131 Y116.07 E84.22107
G1 X107.266 Y115.73 E84.27247
G1 X106.442 Y115.258 E84.32497
G1 X105.677 Y114.654 E84.37887
G1 X105.036 Y113.962 E84.43103
G1 X104.516 Y113.203 E84.4819
G1 X104.073 Y112.286 E84.53821
G1 X103.806 Y111.413 E84.58869
G1 X103.666 Y110.483 E84.6407
G1 X103.664 Y109.554 E84.69207
G1 X103.816 Y108.556 E84.74789
G1 X104.088 Y107.671 E84.79908
G1 X104.494 Y106.83 E84.85072
G1 X105.011 Y106.067 E84.90168
G1 X105.694 Y105.329 E84.95729
G1 X106.423 Y104.748 E85.00883
G1 X107.228 Y104.285 E85.06018
G1 X108.092 Y103.943 E85.11156
G1 X109.07 Y103.716 E85.16708
G1 X110.022 Y103.647 E85.21986
G1 X110.926 Y103.716 E85.26999
G1 X111.825 Y103.919 E85.32095
G1 X112.756 Y104.274 E85.37605
G1 X113.567 Y104.746 E85.42793
G1 X114.319 Y105.342 E85.48099
G1 X114.948 Y106.02 E85.53213
G1 X115.502 Y106.829 E85.58635
G1 X115.908 Y107.67 E85.63799
G1 X116.194 Y108.587 E85.6911
G1 X116.332 Y109.555 E85.74517
G1 X116.331 Y110.483 E85.79648
G1 X116.194 Y111.405 E85.84802
G1 X115.924 Y112.286 E85.89897
G1 X115.481 Y113.203 E85.95529
G1 X114.962 Y113.96 E86.00604
G1 X114.332 Y114.639 E86.05726
G1 X113.602 Y115.224 E86.10898
G1 X112.735 Y115.73 E86.16449
G1 X111.871 Y116.07 E86.21583
G1 X110.969 Y116.273 E86.26696
G1 X110.043 Y116.347 E86.31832
G0 F9000 X110.059 Y116.573
G0 X110 Y118.073
G0 X110 Y118.299
G1 F1409.4 X110.984 Y118.24 E86.37283
G1 X111.939 Y118.066 E86.42651
G1 X112.884 Y117.778 E86.48113
G1 X113.792 Y117.379 E86.53597
G1 X114.628 Y116.886 E86.58964
G1 X115.414 Y116.284 E86.64438
G1 X116.125 Y115.594 E86.69917
G1 X116.741 Y114.831 E86.75339
G1 X117.262 Y114.008 E86.80725
G1 X117.69 Y113.111 E86.86221
G1 X118.003 Y112.19 E86.916
G1 X118.206 Y111.228 E86.97036
G1 X118.295 Y110.239 E87.02527
G1 X118.266 Y109.26 E87.07943
G1 X118.118 Y108.285 E87.13396
G1 X117.859 Y107.334 E87.18846
G1 X117.491 Y106.435 E87.24217
G1 X117.01 Y105.562 E87.29729
G1 X116.447 Y104.773 E87.35088
G1 X115.783 Y104.047 E87.40528
G1 X115.03 Y103.398 E87.46025
G1 X114.219 Y102.853 E87.51428
G1 X113.349 Y102.407 E87.56834
G1 X112.423 Y102.063 E87.62296
G1 X111.464 Y101.831 E87.67752
G1 X110.476 Y101.716 E87.73252
G1 X109.971 Y101.701 E87.76046
G1 X109.52 Y101.715 E87.78541
G1 X108.532 Y101.831 E87.84041
G1 X107.573 Y102.063 E87.89497
G1 X106.647 Y102.407 E87.94959
G1 X105.777 Y102.853 E88.00365
G1 X104.966 Y103.398 E88.05768
G1 X104.214 Y104.047 E88.11261
G1 X103.553 Y104.774 E88.16694
G1 X102.986 Y105.564 E88.22071
G1 X102.505 Y106.435 E88.27573
G1 X102.133 Y107.346 E88.33014
G1 X101.875 Y108.291 E88.38431
G1 X101.735 Y109.258 E88.43833
G1 X101.705 Y110.239 E88.4926
G1 X101.794 Y111.229 E88.54757
G1 X101.993 Y112.191 E88.60189
G1 X102.306 Y113.111 E88.65562
G1 X102.734 Y114.008 E88.71058
G1 X103.254 Y114.831 E88.76441
G1 X103.874 Y115.594 E88.81877
G1 X104.587 Y116.285 E88.87367
G1 X105.369 Y116.887 E88.92824
G1 X106.204 Y117.379 E88.98183
G1 X107.112 Y117.778 E89.03667
G1 X108.057 Y118.066 E89.0913
G1 X109.012 Y118.239 E89.14497
G1 X110 Y118.299 E89.1997
G0 F9000 X110 Y118.774
;TYPE:WALL-OUTER
G1 F1409.4 X111.041 Y118.712 E89.2516
G1 X112.05 Y118.529 E89.30263
G1 X113.049 Y118.224 E89.35461
G1 X114.009 Y117.803 E89.40678
G1 X114.894 Y117.281 E89.45791
G1 X115.724 Y116.645 E89.50995
G1 X116.477 Y115.915 E89.56214
G1 X117.128 Y115.108 E89.61374
G1 X117.678 Y114.238 E89.66496
G1 X118.131 Y113.291 E89.7172
G1 X118.462 Y112.316 E89.76844
G1 X118.677 Y111.298 E89.82022
G1 X118.77 Y110.253 E89.87243
G1 X118.739 Y109.217 E89.92401
G1 X118.583 Y108.187 E89.97586
G1 X118.31 Y107.181 E90.02773
G1 X117.92 Y106.23 E90.07888
G1 X117.413 Y105.309 E90.1312
G1 X116.816 Y104.474 E90.18229
G1 X116.114 Y103.706 E90.23407
G1 X115.319 Y103.02 E90.28632
G1 X114.461 Y102.443 E90.33778
G1 X113.541 Y101.971 E90.38924
G1 X112.562 Y101.608 E90.4412
G1 X111.548 Y101.363 E90.49311
G1 X110.511 Y101.241 E90.54508
G1 X110 Y101.226 E90.57052
G1 X109.485 Y101.241 E90.59616
G1 X108.448 Y101.362 E90.64811
G1 X107.434 Y101.608 E90.70004
G1 X106.455 Y101.971 E90.752
G1 X105.535 Y102.443 E90.80346
G1 X104.677 Y103.02 E90.85492
G1 X103.882 Y103.706 E90.90717
G1 X103.184 Y104.474 E90.95882
G1 X102.583 Y105.309 E91.01002
G1 X102.076 Y106.23 E91.06234
G1 X101.682 Y107.193 E91.11412
G1 X101.409 Y108.194 E91.16575
G1 X101.261 Y109.216 E91.21714
G1 X101.23 Y110.253 E91.26877
G1 X101.323 Y111.299 E91.32103
G1 X101.534 Y112.316 E91.37272
G1 X101.865 Y113.291 E91.42396
G1 X102.318 Y114.238 E91.47621
G1 X102.868 Y115.108 E91.52743
G1 X103.523 Y115.915 E91.57915
G1 X104.276 Y116.645 E91.63134
G1 X105.103 Y117.281 E91.68326
G1 X105.987 Y117.803 E91.73435
G1 X106.947 Y118.224 E91.78652
G1 X107.946 Y118.528 E91.83849
G1 X108.955 Y118.712 E91.88953
G1 X110 Y118.774 E91.94163
G0 F9000 X110.199 Y118.763
G1 F1500 E85.94163
G0 F9000 X110.159 Y118.064
G0 X109.931 Y116.571
G0 X109.983 Y115.873
G1 F1500 E91.94163
G1 F1409.4 X109.102 Y115.804 E91.9856
G1 X108.27 Y115.616 E92.02805
G1 X107.457 Y115.295 E92.07155
G1 X106.679 Y114.845 E92.11628
G1 X105.995 Y114.298 E92.15986
G1 X105.405 Y113.662 E92.20304
G1 X104.917 Y112.949 E92.24603
G1 X104.53 Y112.152 E92.29013
G1 X104.269 Y111.294 E92.33476
G1 X104.139 Y110.441 E92.3777
G1 X104.141 Y109.541 E92.42249
G1 X104.274 Y108.68 E92.46584
G1 X104.527 Y107.85 E92.50902
G1 X104.91 Y107.059 E92.55276
G1 X105.397 Y106.344 E92.59581
G1 X106.011 Y105.684 E92.64067
G1 X106.694 Y105.141 E92.6841
G1 X107.445 Y104.707 E92.72726
G1 X108.271 Y104.384 E92.7714
G1 X109.135 Y104.187 E92.8155
G1 X110.007 Y104.122 E92.85902
G1 X110.871 Y104.188 E92.90214
G1 X111.739 Y104.388 E92.94647
G1 X112.555 Y104.707 E92.99007
G1 X113.302 Y105.141 E93.03306
G1 X113.991 Y105.689 E93.07687
G1 X114.587 Y106.329 E93.12039
G1 X115.086 Y107.059 E93.1644
G1 X115.469 Y107.85 E93.20814
G1 X115.731 Y108.706 E93.25269
G1 X115.855 Y109.545 E93.29489
G1 X115.857 Y110.441 E93.33948
G1 X115.724 Y111.327 E93.38407
G1 X115.474 Y112.133 E93.42607
G1 X115.079 Y112.949 E93.47118
G1 X114.592 Y113.662 E93.51415
G1 X113.985 Y114.313 E93.55845
G1 X113.298 Y114.858 E93.60209
G1 X112.543 Y115.295 E93.6455
G1 X111.726 Y115.616 E93.68918
G1 X110.885 Y115.806 E93.73209
G1 X109.983 Y115.873 E93.7771
G0 F9000 X109.784 Y115.858
G0 X109.732 Y116.556
G0 X109.546 Y118.021
;TYPE:FILL
G1 F1409.4 X114.431 Y116.712 E94.0959
G1 X114.469 Y116.691
G1 X115.159 Y114.114 E94.26407
G1 X115.188 Y114.07
G1 X116.21 Y115.092 E94.35517
G0 F9000 X116.443 Y111.362
G0 X116.517 Y109.072
G1 F1409.4 X117.927 Y108.694 E94.44719
G0 F9000 X116.515 Y109.054
G1 F1409.4 X117.213 Y106.449 E94.6172
G1 X117.18 Y106.388
G1 X113.617 Y102.825 E94.93483
G1 X113.543 Y102.787
G1 X110.981 Y103.474 E95.10203
G1 X110.931 Y103.467
G1 X111.307 Y102.064 E95.19359
G0 F9000 X108.963 Y103.234
G0 X105.935 Y104.817
G1 F1409.4 X104.902 Y103.783 E95.28572
G0 F9000 X105.918 Y104.83
G1 F1409.4 X103.321 Y105.526 E95.45521
G1 X103.284 Y105.576
G1 X101.976 Y110.458 E95.7738
G1 X101.983 Y110.538
G1 X103.846 Y112.401 E95.93988
G1 X103.874 Y112.459
G1 X102.475 Y112.834 E96.03118
G0 F9000 X105.597 Y114.9
G0 X107.544 Y116.107
G1 F1409.4 X107.163 Y117.528 E96.12392
G0 F9000 X107.558 Y116.113
G1 F1409.4 X109.461 Y118.015 E96.29352
G0 F9000 X109.483 Y117.643
;MESH:NONMESH
G0 F600 X109.483 Y117.643 Z1.4
G0 F9000 X110.059 Y116.573
G0 X110.043 Y116.347
;TIME_ELAPSED:80.809418
;LAYER:4
;note -- min layer time used
;TYPE:WALL-INNER
;MESH:guia_rocker.STL
G1 F1376.4 X109.027 Y116.273 E96.34985
G1 X108.131 Y116.07 E96.40065
G1 X107.266 Y115.73 E96.45205
G1 X106.442 Y115.258 E96.50455
G1 X105.677 Y114.654 E96.55845
G1 X105.036 Y113.962 E96.61061
G1 X104.516 Y113.203 E96.66148
G1 X104.073 Y112.286 E96.71779
G1 X103.806 Y111.413 E96.76827
G1 X103.666 Y110.483 E96.82028
G1 X103.664 Y109.554 E96.87165
G1 X103.816 Y108.556 E96.92747
G1 X104.088 Y107.671 E96.97866
G1 X104.494 Y106.83 E97.0303
G1 X105.011 Y106.067 E97.08126
G1 X105.694 Y105.329 E97.13687
G1 X106.423 Y104.748 E97.18841
G1 X107.228 Y104.285 E97.23976
G1 X108.092 Y103.943 E97.29114
G1 X109.07 Y103.716 E97.34666
G1 X110.022 Y103.647 E97.39944
G1 X110.926 Y103.716 E97.44957
G1 X111.825 Y103.919 E97.50053
G1 X112.756 Y104.274 E97.55563
G1 X113.567 Y104.746 E97.60751
G1 X114.319 Y105.342 E97.66057
G1 X114.948 Y106.02 E97.71171
G1 X115.502 Y106.829 E97.76593
G1 X115.908 Y107.67 E97.81757
G1 X116.194 Y108.587 E97.87068
G1 X116.332 Y109.555 E97.92475
G1 X116.331 Y110.483 E97.97606
G1 X116.194 Y111.405 E98.0276
G1 X115.924 Y112.286 E98.07855
G1 X115.481 Y113.203 E98.13487
G1 X114.962 Y113.96 E98.18562
G1 X114.332 Y114.639 E98.23683
G1 X113.602 Y115.224 E98.28856
G1 X112.735 Y115.73 E98.34407
G1 X111.871 Y116.07 E98.39541
G1 X110.969 Y116.273 E98.44654
G1 X110.043 Y116.347 E98.4979
G0 F9000 X110.059 Y116.573
G0 X110 Y118.073
G0 X110 Y118.299
G1 F1376.4 X110.984 Y118.24 E98.55241
G1 X111.939 Y118.066 E98.60609
G1 X112.884 Y117.778 E98.66071
G1 X113.792 Y117.379 E98.71555
G1 X114.628 Y116.886 E98.76922
G1 X115.414 Y116.284 E98.82396
G1 X116.125 Y115.594 E98.87875
G1 X116.741 Y114.831 E98.93297
G1 X117.262 Y114.008 E98.98683
G1 X117.69 Y113.111 E99.04179
G1 X118.003 Y112.19 E99.09558
G1 X118.206 Y111.228 E99.14994
G1 X118.295 Y110.239 E99.20485
G1 X118.266 Y109.26 E99.25901
G1 X118.118 Y108.285 E99.31354
G1 X117.859 Y107.334 E99.36804
G1 X117.491 Y106.435 E99.42175
G1 X117.01 Y105.562 E99.47687
G1 X116.447 Y104.773 E99.53046
G1 X115.783 Y104.047 E99.58486
G1 X115.03 Y103.398 E99.63983
G1 X114.219 Y102.853 E99.69386
G1 X113.349 Y102.407 E99.74792
G1 X112.423 Y102.063 E99.80254
G1 X111.464 Y101.831 E99.8571
G1 X110.476 Y101.716 E99.9121
G1 X109.971 Y101.701 E99.94004
G1 X109.52 Y101.715 E99.96499
G1 X108.532 Y101.831 E100.01999
G1 X107.573 Y102.063 E100.07455
G1 X106.647 Y102.407 E100.12917
G1 X105.777 Y102.853 E100.18323
G1 X104.966 Y103.398 E100.23726
G1 X104.214 Y104.047 E100.29219
G1 X103.553 Y104.774 E100.34652
G1 X102.986 Y105.564 E100.40029
G1 X102.505 Y106.435 E100.45531
G1 X102.133 Y107.346 E100.50972
G1 X101.875 Y108.291 E100.56389
G1 X101.735 Y109.258 E100.61791
G1 X101.705 Y110.239 E100.67218
G1 X101.794 Y111.229 E100.72715
G1 X101.993 Y112.191 E100.78147
G1 X102.306 Y113.111 E100.8352
G1 X102.734 Y114.008 E100.89016
G1 X103.254 Y114.831 E100.94399
G1 X103.874 Y115.594 E100.99835
G1 X104.587 Y116.285 E101.05325
G1 X105.369 Y116.887 E101.10782
G1 X106.204 Y117.379 E101.16141
G1 X107.112 Y117.778 E101.21625
G1 X108.057 Y118.066 E101.27088
G1 X109.012 Y118.239 E101.32455
G1 X110 Y118.299 E101.37928
G0 F9000 X110 Y118.774
;TYPE:WALL-OUTER
G1 F1376.4 X111.041 Y118.712 E101.43118
G1 X112.05 Y118.529 E101.48221
G1 X113.049 Y118.224 E101.53419
G1 X114.009 Y117.803 E101.58636
G1 X114.894 Y117.281 E101.63749
G1 X115.724 Y116.645 E101.68953
G1 X116.477 Y115.915 E101.74172
G1 X117.128 Y115.108 E101.79332
G1 X117.678 Y114.238 E101.84454
G1 X118.131 Y113.291 E101.89678
G1 X118.462 Y112.316 E101.94802
G1 X118.677 Y111.298 E101.9998
G1 X118.77 Y110.253 E102.05201
G1 X118.739 Y109.217 E102.10359
G1 X118.583 Y108.187 E102.15544
G1 X118.31 Y107.181 E102.20731
G1 X117.92 Y106.23 E102.25846
G1 X117.413 Y105.309 E102.31078
G1 X116.816 Y104.474 E102.36187
G1 X116.114 Y103.706 E102.41365
G1 X115.319 Y103.02 E102.4659
G1 X114.461 Y102.443 E102.51736
G1 X113.541 Y101.971 E102.56882
G1 X112.562 Y101.608 E102.62078
G1 X111.548 Y101.363 E102.67269
G1 X110.511 Y101.241 E102.72466
G1 X110 Y101.226 E102.7501
G1 X109.485 Y101.241 E102.77574
G1 X108.448 Y101.362 E102.82769
G1 X107.434 Y101.608 E102.87962
G1 X106.455 Y101.971 E102.93158
G1 X105.535 Y102.443 E102.98304
G1 X104.677 Y103.02 E103.0345
G1 X103.882 Y103.706 E103.08675
G1 X103.184 Y104.474 E103.1384
G1 X102.583 Y105.309 E103.1896
G1 X102.076 Y106.23 E103.24192
G1 X101.682 Y107.193 E103.2937
G1 X101.409 Y108.194 E103.34533
G1 X101.261 Y109.216 E103.39672
G1 X101.23 Y110.253 E103.44835
G1 X101.323 Y111.299 E103.50061
G1 X101.534 Y112.316 E103.5523
G1 X101.865 Y113.291 E103.60354
G1 X102.318 Y114.238 E103.65579
G1 X102.868 Y115.108 E103.70701
G1 X103.523 Y115.915 E103.75873
G1 X104.276 Y116.645 E103.81092
G1 X105.103 Y117.281 E103.86284
G1 X105.987 Y117.803 E103.91393
G1 X106.947 Y118.224 E103.9661
G1 X107.946 Y118.528 E104.01807
G1 X108.955 Y118.712 E104.06911
G1 X110 Y118.774 E104.12121
G0 F9000 X110.199 Y118.763
G1 F1500 E98.12121
G0 F9000 X110.159 Y118.064
G0 X109.931 Y116.571
G0 X109.983 Y115.873
G1 F1500 E104.12121
G1 F1376.4 X109.102 Y115.804 E104.16518
G1 X108.27 Y115.616 E104.20763
G1 X107.457 Y115.295 E104.25113
G1 X106.679 Y114.845 E104.29586
G1 X105.995 Y114.298 E104.33944
G1 X105.405 Y113.662 E104.38262
G1 X104.917 Y112.949 E104.42561
G1 X104.53 Y112.152 E104.46971
G1 X104.269 Y111.294 E104.51434
G1 X104.139 Y110.441 E104.55728
G1 X104.141 Y109.541 E104.60207
G1 X104.274 Y108.68 E104.64542
G1 X104.527 Y107.85 E104.6886
G1 X104.91 Y107.059 E104.73234
G1 X105.397 Y106.344 E104.77539
G1 X106.011 Y105.684 E104.82025
G1 X106.694 Y105.141 E104.86368
G1 X107.445 Y104.707 E104.90684
G1 X108.271 Y104.384 E104.95098
G1 X109.135 Y104.187 E104.99508
G1 X110.007 Y104.122 E105.0386
G1 X110.871 Y104.188 E105.08172
G1 X111.739 Y104.388 E105.12605
G1 X112.555 Y104.707 E105.16965
G1 X113.302 Y105.141 E105.21264
G1 X113.991 Y105.689 E105.25645
G1 X114.587 Y106.329 E105.29997
G1 X115.086 Y107.059 E105.34398
G1 X115.469 Y107.85 E105.38772
G1 X115.731 Y108.706 E105.43227
G1 X115.855 Y109.545 E105.47447
G1 X115.857 Y110.441 E105.51906
G1 X115.724 Y111.327 E105.56365
G1 X115.474 Y112.133 E105.60565
G1 X115.079 Y112.949 E105.65076
G1 X114.592 Y113.662 E105.69373
G1 X113.985 Y114.313 E105.73803
G1 X113.298 Y114.858 E105.78167
G1 X112.543 Y115.295 E105.82508
G1 X111.726 Y115.616 E105.86876
G1 X110.885 Y115.806 E105.91167
G1 X109.983 Y115.873 E105.95668
G0 F9000 X109.784 Y115.858
G0 X109.732 Y116.556
G0 X108.019 Y116.294
;TYPE:FILL
G1 F1376.4 X109.759 Y118.033 E106.11175
G0 F9000 X110.269 Y118.032
G1 F1376.4 X113.792 Y117.088 E106.34167
G0 F9000 X114.225 Y116.834
G1 F1376.4 X114.871 Y114.425 E106.49889
G0 F9000 X115.302 Y113.903
G1 F1376.4 X116.335 Y114.937 E106.59102
G0 F9000 X116.546 Y109.269
G1 F1376.4 X117.956 Y108.891 E106.68304
G0 F9000 X116.442 Y108.562
G1 F1376.4 X117.075 Y106.199 E106.83724
G0 F9000 X116.835 Y105.763
G1 F1376.4 X114.242 Y103.17 E107.0684
G0 F9000 X113.806 Y102.922
G1 F1376.4 X111.397 Y103.567 E107.22561
G0 F9000 X110.73 Y103.451
G1 F1376.4 X111.108 Y102.041 E107.31762
G0 F9000 X106.091 Y104.692
G1 F1376.4 X105.053 Y103.654 E107.41016
G0 F9000 X105.532 Y105.139
G1 F1376.4 X103.154 Y105.776 E107.56534
G0 F9000 X102.905 Y106.226
G1 F1376.4 X101.971 Y109.71 E107.79272
G0 F9000 X101.956 Y110.231
G1 F1376.4 X103.726 Y112.001 E107.95051
G0 F9000 X103.963 Y112.641
G1 F1376.4 X102.539 Y113.022 E108.04343
G0 F9000 X107.358 Y116.034
G1 F1376.4 X106.98 Y117.446 E108.13557
G0 F9000 X107.13 Y117.107
;MESH:NONMESH
G0 F600 X107.13 Y117.107 Z1.68
G0 F9000 X110.059 Y116.573
G0 X110.043 Y116.347
;TIME_ELAPSED:92.925034
;LAYER:5
;note -- min layer time used
;TYPE:WALL-INNER
;MESH:guia_rocker.STL
G1 F1326.9 X109.027 Y116.273 E108.1919
G1 X108.131 Y116.07 E108.2427
G1 X107.266 Y115.73 E108.29409
G1 X106.442 Y115.258 E108.3466
G1 X105.677 Y114.654 E108.4005
G1 X105.036 Y113.962 E108.45265
G1 X104.516 Y113.203 E108.50353
G1 X104.073 Y112.286 E108.55984
G1 X103.806 Y111.413 E108.61032
G1 X103.666 Y110.483 E108.66232
G1 X103.664 Y109.554 E108.71369
G1 X103.816 Y108.556 E108.76951
G1 X104.088 Y107.671 E108.82071
G1 X104.494 Y106.83 E108.87235
G1 X105.011 Y106.067 E108.92331
G1 X105.694 Y105.329 E108.97891
G1 X106.423 Y104.748 E109.03046
G1 X107.228 Y104.285 E109.08181
G1 X108.092 Y103.943 E109.13319
G1 X109.07 Y103.716 E109.1887
G1 X110.022 Y103.647 E109.24148
G1 X110.926 Y103.716 E109.29162
G1 X111.825 Y103.919 E109.34258
G1 X112.756 Y104.274 E109.39767
G1 X113.567 Y104.746 E109.44956
G1 X114.319 Y105.342 E109.50262
G1 X114.948 Y106.02 E109.55376
G1 X115.502 Y106.829 E109.60797
G1 X115.908 Y107.67 E109.65961
G1 X116.194 Y108.587 E109.71273
G1 X116.332 Y109.555 E109.76679
G1 X116.331 Y110.483 E109.81811
G1 X116.194 Y111.405 E109.86965
G1 X115.924 Y112.286 E109.9206
G1 X115.481 Y113.203 E109.97691
G1 X114.962 Y113.96 E110.02766
G1 X114.332 Y114.639 E110.07888
G1 X113.602 Y115.224 E110.13061
G1 X112.735 Y115.73 E110.18612
G1 X111.871 Y116.07 E110.23746
G1 X110.969 Y116.273 E110.28858
G1 X110.043 Y116.347 E110.33995
G0 F9000 X110.059 Y116.573
G0 X110 Y118.073
G0 X110 Y118.299
G1 F1326.9 X110.984 Y118.24 E110.39445
G1 X111.939 Y118.066 E110.44813
G1 X112.884 Y117.778 E110.50276
G1 X113.792 Y117.379 E110.5576
G1 X114.628 Y116.886 E110.61126
G1 X115.414 Y116.284 E110.66601
G1 X116.125 Y115.594 E110.72079
G1 X116.741 Y114.831 E110.77502
G1 X117.262 Y114.008 E110.82888
G1 X117.69 Y113.111 E110.88383
G1 X118.003 Y112.19 E110.93762
G1 X118.206 Y111.228 E110.99199
G1 X118.295 Y110.239 E111.04689
G1 X118.266 Y109.26 E111.10105
G1 X118.118 Y108.285 E111.15558
G1 X117.859 Y107.334 E111.21008
G1 X117.491 Y106.435 E111.2638
G1 X117.01 Y105.562 E111.31891
G1 X116.447 Y104.773 E111.37251
G1 X115.783 Y104.047 E111.42691
G1 X115.03 Y103.398 E111.48188
G1 X114.219 Y102.853 E111.53591
G1 X113.349 Y102.407 E111.58997
G1 X112.423 Y102.063 E111.64459
G1 X111.464 Y101.831 E111.69915
G1 X110.476 Y101.716 E111.75415
G1 X109.971 Y101.701 E111.78208
G1 X109.52 Y101.715 E111.80703
G1 X108.532 Y101.831 E111.86204
G1 X107.573 Y102.063 E111.9166
G1 X106.647 Y102.407 E111.97122
G1 X105.777 Y102.853 E112.02528
G1 X104.966 Y103.398 E112.07931
G1 X104.214 Y104.047 E112.13423
G1 X103.553 Y104.774 E112.18857
G1 X102.986 Y105.564 E112.24233
G1 X102.505 Y106.435 E112.29735
G1 X102.133 Y107.346 E112.35176
G1 X101.875 Y108.291 E112.40593
G1 X101.735 Y109.258 E112.45996
G1 X101.705 Y110.239 E112.51423
G1 X101.794 Y111.229 E112.56919
G1 X101.993 Y112.191 E112.62351
G1 X102.306 Y113.111 E112.67725
G1 X102.734 Y114.008 E112.7322
G1 X103.254 Y114.831 E112.78603
G1 X103.874 Y115.594 E112.8404
G1 X104.587 Y116.285 E112.8953
G1 X105.369 Y116.887 E112.94987
G1 X106.204 Y117.379 E113.00346
G1 X107.112 Y117.778 E113.0583
G1 X108.057 Y118.066 E113.11293
G1 X109.012 Y118.239 E113.16659
G1 X110 Y118.299 E113.22132
G0 F9000 X110 Y118.774
;TYPE:WALL-OUTER
G1 F1326.9 X111.041 Y118.712 E113.27322
G1 X112.05 Y118.529 E113.32425
G1 X113.049 Y118.224 E113.37623
G1 X114.009 Y117.803 E113.4284
G1 X114.894 Y117.281 E113.47953
G1 X115.724 Y116.645 E113.53157
G1 X116.477 Y115.915 E113.58376
G1 X117.128 Y115.108 E113.63536
G1 X117.678 Y114.238 E113.68659
G1 X118.131 Y113.291 E113.73883
G1 X118.462 Y112.316 E113.79007
G1 X118.677 Y111.298 E113.84185
G1 X118.77 Y110.253 E113.89406
G1 X118.739 Y109.217 E113.94564
G1 X118.583 Y108.187 E113.99748
G1 X118.31 Y107.181 E114.04936
G1 X117.92 Y106.23 E114.10051
G1 X117.413 Y105.309 E114.15283
G1 X116.816 Y104.474 E114.20391
G1 X116.114 Y103.706 E114.25569
G1 X115.319 Y103.02 E114.30795
G1 X114.461 Y102.443 E114.3594
G1 X113.541 Y101.971 E114.41086
G1 X112.562 Y101.608 E114.46282
G1 X111.548 Y101.363 E114.51474
G1 X110.511 Y101.241 E114.5667
G1 X110 Y101.226 E114.59214
G1 X109.485 Y101.241 E114.61778
G1 X108.448 Y101.362 E114.66974
G1 X107.434 Y101.608 E114.72167
G1 X106.455 Y101.971 E114.77363
G1 X105.535 Y102.443 E114.82508
G1 X104.677 Y103.02 E114.87654
G1 X103.882 Y103.706 E114.9288
G1 X103.184 Y104.474 E114.98044
G1 X102.583 Y105.309 E115.03164
G1 X102.076 Y106.23 E115.08396
G1 X101.682 Y107.193 E115.13574
G1 X101.409 Y108.194 E115.18738
G1 X101.261 Y109.216 E115.23877
G1 X101.23 Y110.253 E115.2904
G1 X101.323 Y111.299 E115.34266
G1 X101.534 Y112.316 E115.39435
G1 X101.865 Y113.291 E115.44559
G1 X102.318 Y114.238 E115.49783
G1 X102.868 Y115.108 E115.54905
G1 X103.523 Y115.915 E115.60078
G1 X104.276 Y116.645 E115.65297
G1 X105.103 Y117.281 E115.70489
G1 X105.987 Y117.803 E115.75598
G1 X106.947 Y118.224 E115.80815
G1 X107.946 Y118.528 E115.86011
G1 X108.955 Y118.712 E115.91115
G1 X110 Y118.774 E115.96325
G0 F9000 X110.199 Y118.763
G1 F1500 E109.96325
G0 F9000 X110.159 Y118.064
G0 X109.931 Y116.571
G0 X109.983 Y115.873
G1 F1500 E115.96325
G1 F1326.9 X109.102 Y115.804 E116.00723
G1 X108.27 Y115.616 E116.04968
G1 X107.457 Y115.295 E116.09318
G1 X106.679 Y114.845 E116.1379
G1 X105.995 Y114.298 E116.18149
G1 X105.405 Y113.662 E116.22466
G1 X104.917 Y112.949 E116.26766
G1 X104.53 Y112.152 E116.31175
G1 X104.269 Y111.294 E116.35638
G1 X104.139 Y110.441 E116.39932
G1 X104.141 Y109.541 E116.44411
G1 X104.274 Y108.68 E116.48747
G1 X104.527 Y107.85 E116.53065
G1 X104.91 Y107.059 E116.57439
G1 X105.397 Y106.344 E116.61744
G1 X106.011 Y105.684 E116.6623
G1 X106.694 Y105.141 E116.70572
G1 X107.445 Y104.707 E116.74889
G1 X108.271 Y104.384 E116.79302
G1 X109.135 Y104.187 E116.83712
G1 X110.007 Y104.122 E116.88064
G1 X110.871 Y104.188 E116.92376
G1 X111.739 Y104.388 E116.96809
G1 X112.555 Y104.707 E117.01169
G1 X113.302 Y105.141 E117.05469
G1 X113.991 Y105.689 E117.0985
G1 X114.587 Y106.329 E117.14202
G1 X115.086 Y107.059 E117.18602
G1 X115.469 Y107.85 E117.22976
G1 X115.731 Y108.706 E117.27431
G1 X115.855 Y109.545 E117.31652
G1 X115.857 Y110.441 E117.36111
G1 X115.724 Y111.327 E117.40569
G1 X115.474 Y112.133 E117.44769
G1 X115.079 Y112.949 E117.49281
G1 X114.592 Y113.662 E117.53578
G1 X113.985 Y114.313 E117.58007
G1 X113.298 Y114.858 E117.62371
G1 X112.543 Y115.295 E117.66712
G1 X111.726 Y115.616 E117.71081
G1 X110.885 Y115.806 E117.75372
G1 X109.983 Y115.873 E117.79873
G0 F9000 X109.784 Y115.858
G0 X109.732 Y116.556
G0 X108.39 Y116.384
;TYPE:FILL
G1 F1326.9 X110.05 Y118.044 E117.94671
G0 F9000 X111.68 Y117.859
G1 F1326.9 X112.352 Y117.679 E117.99057
G0 F9000 X113.982 Y116.977
G1 F1326.9 X114.582 Y114.739 E118.13662
G0 F9000 X115.416 Y113.737
G1 F1326.9 X116.46 Y114.781 E118.22969
G0 F9000 X116.576 Y109.466
G1 F1326.9 X117.986 Y109.088 E118.32171
G0 F9000 X116.334 Y108.198
G1 F1326.9 X116.937 Y105.949 E118.46849
G0 F9000 X115.908 Y104.556
G1 F1326.9 X115.397 Y104.045 E118.51404
G0 F9000 X114.069 Y103.056
G1 F1326.9 X111.813 Y103.661 E118.66128
G0 F9000 X110.529 Y103.436
G1 F1326.9 X110.909 Y102.018 E118.75382
G0 F9000 X106.247 Y104.568
G1 F1326.9 X105.213 Y103.534 E118.84599
G0 F9000 X105.275 Y105.413
G1 F1326.9 X103.021 Y106.017 E118.99309
G0 F9000 X102.394 Y107.369
G1 F1326.9 X102.105 Y108.446 E119.06338
G0 F9000 X101.964 Y109.959
G1 F1326.9 X103.606 Y111.601 E119.20976
G0 F9000 X104.052 Y112.822
G1 F1326.9 X102.626 Y113.204 E119.30282
G0 F9000 X107.173 Y115.961
G1 F1326.9 X106.796 Y117.366 E119.39452
G0 F9000 X106.946 Y117.026
;MESH:NONMESH
G0 F600 X106.946 Y117.026 Z1.96
G0 F9000 X110.059 Y116.573
G0 X110.043 Y116.347
;TIME_ELAPSED:105.272134
;LAYER:6
;note -- min layer time used
;TYPE:WALL-INNER
;MESH:guia_rocker.STL
G1 F1308.6 X109.027 Y116.273 E119.45085
G1 X108.131 Y116.07 E119.50165
G1 X107.266 Y115.73 E119.55304
G1 X106.442 Y115.258 E119.60555
G1 X105.677 Y114.654 E119.65944
G1 X105.036 Y113.962 E119.7116
G1 X104.516 Y113.203 E119.76248
G1 X104.073 Y112.286 E119.81879
G1 X103.806 Y111.413 E119.86927
G1 X103.666 Y110.483 E119.92127
G1 X103.664 Y109.554 E119.97264
G1 X103.816 Y108.556 E120.02846
G1 X104.088 Y107.671 E120.07966
G1 X104.494 Y106.83 E120.1313
G1 X105.011 Y106.067 E120.18226
G1 X105.694 Y105.329 E120.23786
G1 X106.423 Y104.748 E120.28941
G1 X107.228 Y104.285 E120.34076
G1 X108.092 Y103.943 E120.39214
G1 X109.07 Y103.716 E120.44765
G1 X110.022 Y103.647 E120.50043
G1 X110.926 Y103.716 E120.55057
G1 X111.825 Y103.919 E120.60153
G1 X112.756 Y104.274 E120.65662
G1 X113.567 Y104.746 E120.70851
G1 X114.319 Y105.342 E120.76157
G1 X114.948 Y106.02 E120.8127
G1 X115.502 Y106.829 E120.86692
G1 X115.908 Y107.67 E120.91856
G1 X116.194 Y108.587 E120.97167
G1 X116.332 Y109.555 E121.02574
G1 X116.331 Y110.483 E121.07706
G1 X116.194 Y111.405 E121.1286
G1 X115.924 Y112.286 E121.17955
G1 X115.481 Y113.203 E121.23586
G1 X114.962 Y113.96 E121.28661
G1 X114.332 Y114.639 E121.33783
G1 X113.602 Y115.224 E121.38956
G1 X112.735 Y115.73 E121.44506
G1 X111.871 Y116.07 E121.49641
G1 X110.969 Y116.273 E121.54753
G1 X110.043 Y116.347 E121.5989
G0 F9000 X110.059 Y116.573
G0 X110 Y118.073
G0 X110 Y118.299
G1 F1308.6 X110.984 Y118.24 E121.6534
G1 X111.939 Y118.066 E121.70708
G1 X112.884 Y117.778 E121.76171
G1 X113.792 Y117.379 E121.81655
G1 X114.628 Y116.886 E121.87021
G1 X115.414 Y116.284 E121.92496
G1 X116.125 Y115.594 E121.97974
G1 X116.741 Y114.831 E122.03397
G1 X117.262 Y114.008 E122.08783
G1 X117.69 Y113.111 E122.14278
G1 X118.003 Y112.19 E122.19657
G1 X118.206 Y111.228 E122.25094
G1 X118.295 Y110.239 E122.30584
G1 X118.266 Y109.26 E122.36
G1 X118.118 Y108.285 E122.41453
G1 X117.859 Y107.334 E122.46903
G1 X117.491 Y106.435 E122.52275
G1 X117.01 Y105.562 E122.57786
G1 X116.447 Y104.773 E122.63146
G1 X115.783 Y104.047 E122.68586
G1 X115.03 Y103.398 E122.74083
G1 X114.219 Y102.853 E122.79486
G1 X113.349 Y102.407 E122.84892
G1 X112.423 Y102.063 E122.90354
G1 X111.464 Y101.831 E122.95809
G1 X110.476 Y101.716 E123.0131
G1 X109.971 Y101.701 E123.04103
G1 X109.52 Y101.715 E123.06598
G1 X108.532 Y101.831 E123.12099
G1 X107.573 Y102.063 E123.17555
G1 X106.647 Y102.407 E123.23017
G1 X105.777 Y102.853 E123.28423
G1 X104.966 Y103.398 E123.33826
G1 X104.214 Y104.047 E123.39318
G1 X103.553 Y104.774 E123.44751
G1 X102.986 Y105.564 E123.50128
G1 X102.505 Y106.435 E123.5563
G1 X102.133 Y107.346 E123.61071
G1 X101.875 Y108.291 E123.66488
G1 X101.735 Y109.258 E123.71891
G1 X101.705 Y110.239 E123.77318
G1 X101.794 Y111.229 E123.82814
G1 X101.993 Y112.191 E123.88246
G1 X102.306 Y113.111 E123.93619
G1 X102.734 Y114.008 E123.99115
G1 X103.254 Y114.831 E124.04498
G1 X103.874 Y115.594 E124.09934
G1 X104.587 Y116.285 E124.15425
G1 X105.369 Y116.887 E124.20882
G1 X106.204 Y117.379 E124.26241
G1 X107.112 Y117.778 E124.31725
G1 X108.057 Y118.066 E124.37187
G1 X109.012 Y118.239 E124.42554
G1 X110 Y118.299 E124.48027
G0 F9000 X110 Y118.774
;TYPE:WALL-OUTER
G1 F1308.6 X111.041 Y118.712 E124.53217
G1 X112.05 Y118.529 E124.5832
G1 X113.049 Y118.224 E124.63518
G1 X114.009 Y117.803 E124.68735
G1 X114.894 Y117.281 E124.73848
G1 X115.724 Y116.645 E124.79052
G1 X116.477 Y115.915 E124.84271
G1 X117.128 Y115.108 E124.89431
G1 X117.678 Y114.238 E124.94553
G1 X118.131 Y113.291 E124.99778
G1 X118.462 Y112.316 E125.04902
G1 X118.677 Y111.298 E125.1008
G1 X118.77 Y110.253 E125.15301
G1 X118.739 Y109.217 E125.20459
G1 X118.583 Y108.187 E125.25643
G1 X118.31 Y107.181 E125.30831
G1 X117.92 Y106.23 E125.35946
G1 X117.413 Y105.309 E125.41178
G1 X116.816 Y104.474 E125.46286
G1 X116.114 Y103.706 E125.51464
G1 X115.319 Y103.02 E125.5669
G1 X114.461 Y102.443 E125.61835
G1 X113.541 Y101.971 E125.66981
G1 X112.562 Y101.608 E125.72177
G1 X111.548 Y101.363 E125.77369
G1 X110.511 Y101.241 E125.82565
G1 X110 Y101.226 E125.85109
G1 X109.485 Y101.241 E125.87673
G1 X108.448 Y101.362 E125.92869
G1 X107.434 Y101.608 E125.98061
G1 X106.455 Y101.971 E126.03258
G1 X105.535 Y102.443 E126.08403
G1 X104.677 Y103.02 E126.13549
G1 X103.882 Y103.706 E126.18775
G1 X103.184 Y104.474 E126.23939
G1 X102.583 Y105.309 E126.29059
G1 X102.076 Y106.23 E126.34291
G1 X101.682 Y107.193 E126.39469
G1 X101.409 Y108.194 E126.44633
G1 X101.261 Y109.216 E126.49772
G1 X101.23 Y110.253 E126.54935
G1 X101.323 Y111.299 E126.60161
G1 X101.534 Y112.316 E126.6533
G1 X101.865 Y113.291 E126.70454
G1 X102.318 Y114.238 E126.75678
G1 X102.868 Y115.108 E126.808
G1 X103.523 Y115.915 E126.85973
G1 X104.276 Y116.645 E126.91192
G1 X105.103 Y117.281 E126.96384
G1 X105.987 Y117.803 E127.01493
G1 X106.947 Y118.224 E127.0671
G1 X107.946 Y118.528 E127.11906
G1 X108.955 Y118.712 E127.1701
G1 X110 Y118.774 E127.2222
G0 F9000 X110.199 Y118.763
G1 F1500 E121.2222
G0 F9000 X110.159 Y118.064
G0 X109.931 Y116.571
G0 X109.983 Y115.873
G1 F1500 E127.2222
G1 F1308.6 X109.102 Y115.804 E127.26618
G1 X108.27 Y115.616 E127.30863
G1 X107.457 Y115.295 E127.35212
G1 X106.679 Y114.845 E127.39685
G1 X105.995 Y114.298 E127.44044
G1 X105.405 Y113.662 E127.48361
G1 X104.917 Y112.949 E127.52661
G1 X104.53 Y112.152 E127.5707
G1 X104.269 Y111.294 E127.61533
G1 X104.139 Y110.441 E127.65827
G1 X104.141 Y109.541 E127.70306
G1 X104.274 Y108.68 E127.74642
G1 X104.52 Y107.87 E127.78854
G1 X104.91 Y107.059 E127.83333
G1 X105.397 Y106.344 E127.87638
G1 X106.011 Y105.684 E127.92124
G1 X106.694 Y105.141 E127.96466
G1 X107.445 Y104.707 E128.00783
G1 X108.271 Y104.384 E128.05197
G1 X109.135 Y104.187 E128.09607
G1 X110.007 Y104.122 E128.13958
G1 X110.871 Y104.188 E128.18271
G1 X111.739 Y104.388 E128.22703
G1 X112.555 Y104.707 E128.27064
G1 X113.302 Y105.141 E128.31363
G1 X113.991 Y105.689 E128.35744
G1 X114.587 Y106.329 E128.40096
G1 X115.086 Y107.059 E128.44497
G1 X115.469 Y107.85 E128.4887
G1 X115.731 Y108.706 E128.53325
G1 X115.855 Y109.545 E128.57546
G1 X115.857 Y110.441 E128.62005
G1 X115.724 Y111.327 E128.66464
G1 X115.474 Y112.133 E128.70663
G1 X115.079 Y112.949 E128.75175
G1 X114.592 Y113.662 E128.79472
G1 X113.985 Y114.313 E128.83901
G1 X113.298 Y114.858 E128.88266
G1 X112.543 Y115.295 E128.92607
G1 X111.726 Y115.616 E128.96975
G1 X110.885 Y115.806 E129.01266
G1 X109.983 Y115.873 E129.05767
G0 F9000 X109.784 Y115.858
G0 X109.732 Y116.556
G0 X108.752 Y116.467
;TYPE:FILL
G1 F1308.6 X110.314 Y118.029 E129.19692
G0 F9000 X113.739 Y117.12
G1 F1308.6 X114.314 Y114.972 E129.33709
G0 F9000 X115.53 Y113.571
G1 F1308.6 X116.579 Y114.62 E129.4306
G0 F9000 X116.581 Y109.67
G1 F1308.6 X118.015 Y109.285 E129.5242
G0 F9000 X116.224 Y107.844
G1 F1308.6 X116.799 Y105.697 E129.66431
G0 F9000 X114.291 Y103.202
G1 F1308.6 X112.159 Y103.773 E129.80344
G0 F9000 X110.328 Y103.42
G1 F1308.6 X110.71 Y101.994 E129.8965
G0 F9000 X106.42 Y104.461
G1 F1308.6 X105.38 Y103.421 E129.98921
G0 F9000 X105.019 Y105.686
G1 F1308.6 X102.888 Y106.257 E130.12828
G0 F9000 X101.972 Y109.686
G1 F1308.6 X103.529 Y111.243 E130.26708
G0 F9000 X104.141 Y113.003
G1 F1308.6 X102.712 Y113.386 E130.36034
G0 F9000 X106.995 Y115.861
G1 F1308.6 X106.613 Y117.286 E130.45334
G0 F9000 X106.764 Y116.945
;MESH:NONMESH
G0 F600 X106.764 Y116.945 Z2.24
G0 F9000 X110.059 Y116.573
G0 X110.043 Y116.347
;TIME_ELAPSED:117.510758
;LAYER:7
;note -- min layer time used
;TYPE:WALL-INNER
;MESH:guia_rocker.STL
G1 F1304.3 X109.027 Y116.273 E130.50966
G1 X108.131 Y116.07 E130.56046
G1 X107.266 Y115.73 E130.61186
G1 X106.442 Y115.258 E130.66437
G1 X105.677 Y114.654 E130.71826
G1 X105.036 Y113.962 E130.77042
G1 X104.516 Y113.203 E130.82129
G1 X104.073 Y112.286 E130.8776
G1 X103.806 Y111.413 E130.92808
G1 X103.666 Y110.483 E130.98009
G1 X103.664 Y109.554 E131.03146
G1 X103.816 Y108.556 E131.08728
G1 X104.088 Y107.671 E131.13847
G1 X104.494 Y106.83 E131.19011
G1 X105.011 Y106.067 E131.24108
G1 X105.694 Y105.329 E131.29668
G1 X106.423 Y104.748 E131.34822
G1 X107.228 Y104.285 E131.39957
G1 X108.092 Y103.943 E131.45095
G1 X109.07 Y103.716 E131.50647
G1 X110.022 Y103.647 E131.55925
G1 X110.926 Y103.716 E131.60938
G1 X111.825 Y103.919 E131.66034
G1 X112.756 Y104.274 E131.71544
G1 X113.567 Y104.746 E131.76732
G1 X114.319 Y105.342 E131.82038
G1 X114.948 Y106.02 E131.87152
G1 X115.502 Y106.829 E131.92574
G1 X115.908 Y107.67 E131.97738
G1 X116.194 Y108.587 E132.03049
G1 X116.332 Y109.555 E132.08456
G1 X116.331 Y110.483 E132.13587
G1 X116.194 Y111.405 E132.18741
G1 X115.924 Y112.286 E132.23836
G1 X115.481 Y113.203 E132.29468
G1 X114.962 Y113.96 E132.34543
G1 X114.332 Y114.639 E132.39665
G1 X113.602 Y115.224 E132.44837
G1 X112.735 Y115.73 E132.50388
G1 X111.871 Y116.07 E132.55522
G1 X110.969 Y116.273 E132.60635
G1 X110.043 Y116.347 E132.65771
G0 F9000 X110.059 Y116.573
G0 X110 Y118.073
G0 X110 Y118.299
G1 F1304.3 X110.984 Y118.24 E132.71222
G1 X111.939 Y118.066 E132.7659
G1 X112.884 Y117.778 E132.82052
G1 X113.792 Y117.379 E132.87536
G1 X114.628 Y116.886 E132.92903
G1 X115.414 Y116.284 E132.98377
G1 X116.125 Y115.594 E133.03856
G1 X116.741 Y114.831 E133.09278
G1 X117.262 Y114.008 E133.14664
G1 X117.69 Y113.111 E133.2016
G1 X118.003 Y112.19 E133.25539
G1 X118.206 Y111.228 E133.30975
G1 X118.295 Y110.239 E133.36466
G1 X118.266 Y109.26 E133.41882
G1 X118.118 Y108.285 E133.47335
G1 X117.859 Y107.334 E133.52785
G1 X117.491 Y106.435 E133.58156
G1 X117.01 Y105.562 E133.63668
G1 X116.447 Y104.773 E133.69027
G1 X115.783 Y104.047 E133.74467
G1 X115.03 Y103.398 E133.79964
G1 X114.219 Y102.853 E133.85367
G1 X113.349 Y102.407 E133.90773
G1 X112.423 Y102.063 E133.96235
G1 X111.464 Y101.831 E134.01691
G1 X110.476 Y101.716 E134.07191
G1 X109.971 Y101.701 E134.09985
G1 X109.52 Y101.715 E134.1248
G1 X108.532 Y101.831 E134.1798
G1 X107.573 Y102.063 E134.23436
G1 X106.647 Y102.407 E134.28898
G1 X105.777 Y102.853 E134.34304
G1 X104.966 Y103.398 E134.39707
G1 X104.214 Y104.047 E134.452
G1 X103.553 Y104.774 E134.50633
G1 X102.986 Y105.564 E134.5601
G1 X102.505 Y106.435 E134.61512
G1 X102.133 Y107.346 E134.66953
G1 X101.875 Y108.291 E134.7237
G1 X101.735 Y109.258 E134.77772
G1 X101.705 Y110.239 E134.83199
G1 X101.794 Y111.229 E134.88696
G1 X101.993 Y112.191 E134.94128
G1 X102.306 Y113.111 E134.99501
G1 X102.734 Y114.008 E135.04997
G1 X103.254 Y114.831 E135.1038
G1 X103.874 Y115.594 E135.15816
G1 X104.587 Y116.285 E135.21306
G1 X105.369 Y116.887 E135.26763
G1 X106.204 Y117.379 E135.32122
G1 X107.112 Y117.778 E135.37606
G1 X108.057 Y118.066 E135.43069
G1 X109.012 Y118.239 E135.48436
G1 X110 Y118.299 E135.53909
G0 F9000 X110 Y118.774
;TYPE:WALL-OUTER
G1 F1304.3 X111.041 Y118.712 E135.59099
G1 X112.05 Y118.529 E135.64202
G1 X113.049 Y118.224 E135.694
G1 X114.009 Y117.803 E135.74617
G1 X114.894 Y117.281 E135.7973
G1 X115.724 Y116.645 E135.84934
G1 X116.477 Y115.915 E135.90153
G1 X117.128 Y115.108 E135.95313
G1 X117.678 Y114.238 E136.00435
G1 X118.131 Y113.291 E136.05659
G1 X118.462 Y112.316 E136.10783
G1 X118.677 Y111.298 E136.15961
G1 X118.77 Y110.253 E136.21182
G1 X118.739 Y109.217 E136.2634
G1 X118.583 Y108.187 E136.31525
G1 X118.31 Y107.181 E136.36712
G1 X117.92 Y106.23 E136.41827
G1 X117.413 Y105.309 E136.47059
G1 X116.816 Y104.474 E136.52168
G1 X116.114 Y103.706 E136.57346
G1 X115.319 Y103.02 E136.62571
G1 X114.461 Y102.443 E136.67717
G1 X113.541 Y101.971 E136.72863
G1 X112.562 Y101.608 E136.78059
G1 X111.548 Y101.363 E136.8325
G1 X110.511 Y101.241 E136.88447
G1 X110 Y101.226 E136.90991
G1 X109.485 Y101.241 E136.93555
G1 X108.448 Y101.362 E136.9875
G1 X107.434 Y101.608 E137.03943
G1 X106.455 Y101.971 E137.09139
G1 X105.535 Y102.443 E137.14285
G1 X104.677 Y103.02 E137.19431
G1 X103.882 Y103.706 E137.24656
G1 X103.184 Y104.474 E137.29821
G1 X102.583 Y105.309 E137.34941
G1 X102.076 Y106.23 E137.40173
G1 X101.682 Y107.193 E137.45351
G1 X101.409 Y108.194 E137.50514
G1 X101.261 Y109.216 E137.55653
G1 X101.23 Y110.253 E137.60816
G1 X101.323 Y111.299 E137.66042
G1 X101.534 Y112.316 E137.71211
G1 X101.865 Y113.291 E137.76335
G1 X102.318 Y114.238 E137.8156
G1 X102.868 Y115.108 E137.86682
G1 X103.523 Y115.915 E137.91854
G1 X104.276 Y116.645 E137.97074
G1 X105.103 Y117.281 E138.02265
G1 X105.987 Y117.803 E138.07374
G1 X106.947 Y118.224 E138.12591
G1 X107.946 Y118.528 E138.17788
G1 X108.955 Y118.712 E138.22892
G1 X110 Y118.774 E138.28102
G0 F9000 X110.199 Y118.763
G1 F1500 E132.28102
G0 F9000 X110.159 Y118.064
G0 X109.931 Y116.571
G0 X109.983 Y115.873
G1 F1500 E138.28102
G1 F1304.3 X109.102 Y115.804 E138.32499
G1 X108.27 Y115.616 E138.36744
G1 X107.457 Y115.295 E138.41094
G1 X106.679 Y114.845 E138.45567
G1 X105.995 Y114.298 E138.49925
G1 X105.405 Y113.662 E138.54243
G1 X104.917 Y112.949 E138.58543
G1 X104.53 Y112.152 E138.62952
G1 X104.269 Y111.294 E138.67415
G1 X104.139 Y110.441 E138.71709
G1 X104.141 Y109.541 E138.76188
G1 X104.274 Y108.68 E138.80523
G1 X104.527 Y107.85 E138.84841
G1 X104.91 Y107.059 E138.89215
G1 X105.397 Y106.344 E138.9352
G1 X106.011 Y105.684 E138.98006
G1 X106.694 Y105.141 E139.02349
G1 X107.445 Y104.707 E139.06665
G1 X108.271 Y104.384 E139.11079
G1 X109.101 Y104.192 E139.15319
G1 X110.007 Y104.122 E139.19841
G1 X110.871 Y104.188 E139.24153
G1 X111.739 Y104.388 E139.28586
G1 X112.555 Y104.707 E139.32946
G1 X113.302 Y105.141 E139.37245
G1 X113.991 Y105.689 E139.41626
G1 X114.587 Y106.329 E139.45979
G1 X115.086 Y107.059 E139.50379
G1 X115.469 Y107.85 E139.54753
G1 X115.731 Y108.706 E139.59208
G1 X115.855 Y109.545 E139.63428
G1 X115.857 Y110.441 E139.67887
G1 X115.724 Y111.327 E139.72346
G1 X115.474 Y112.133 E139.76546
G1 X115.079 Y112.949 E139.81057
G1 X114.592 Y113.662 E139.85354
G1 X113.985 Y114.313 E139.89784
G1 X113.298 Y114.858 E139.94148
G1 X112.543 Y115.295 E139.98489
G1 X111.726 Y115.616 E140.02858
G1 X110.885 Y115.806 E140.07148
G1 X109.983 Y115.873 E140.1165
G0 F9000 X109.784 Y115.858
G0 X109.095 Y116.529
;TYPE:FILL
G1 F1304.3 X110.578 Y118.013 E140.24874
G0 F9000 X113.504 Y117.232
G1 F1304.3 X114.053 Y115.183 E140.38246
G0 F9000 X115.644 Y113.405
G1 F1304.3 X116.687 Y114.448 E140.47544
G0 F9000 X116.581 Y109.874
G1 F1304.3 X118.021 Y109.489 E140.5694
G0 F9000 X116.109 Y107.51
G1 F1304.3 X116.65 Y105.489 E140.70128
G0 F9000 X114.509 Y103.348
G1 F1304.3 X112.47 Y103.895 E140.83436
G0 F9000 X110.127 Y103.405
G1 F1304.3 X110.512 Y101.97 E140.92802
G0 F9000 X106.598 Y104.359
G1 F1304.3 X105.548 Y103.309 E141.02162
G0 F9000 X104.793 Y105.952
G1 F1304.3 X102.756 Y106.498 E141.15456
G0 F9000 X101.98 Y109.414
G1 F1304.3 X103.479 Y110.914 E141.28823
G0 F9000 X104.23 Y113.184
G1 F1304.3 X102.799 Y113.567 E141.38161
G0 F9000 X106.817 Y115.76
G1 F1304.3 X106.43 Y117.205 E141.47591
G0 F9000 X106.58 Y116.864
;MESH:NONMESH
G0 F600 X106.58 Y116.864 Z2.52
G0 F9000 X110.059 Y116.573
G0 X110.043 Y116.347
;TIME_ELAPSED:129.719249
;LAYER:8
;note -- min layer time used
;TYPE:WALL-INNER
;MESH:guia_rocker.STL
G1 F1301.4 X109.027 Y116.273 E141.53224
G1 X108.131 Y116.07 E141.58304
G1 X107.266 Y115.73 E141.63443
G1 X106.442 Y115.258 E141.68694
G1 X105.677 Y114.654 E141.74084
G1 X105.036 Y113.962 E141.79299
G1 X104.516 Y113.203 E141.84387
G1 X104.073 Y112.286 E141.90018
G1 X103.806 Y111.413 E141.95066
G1 X103.666 Y110.483 E142.00266
G1 X103.664 Y109.554 E142.05403
G1 X103.816 Y108.556 E142.10985
G1 X104.088 Y107.671 E142.16105
G1 X104.494 Y106.83 E142.21269
G1 X105.011 Y106.067 E142.26365
G1 X105.694 Y105.329 E142.31925
G1 X106.423 Y104.748 E142.3708
G1 X107.228 Y104.285 E142.42215
G1 X108.092 Y103.943 E142.47353
G1 X109.07 Y103.716 E142.52905
G1 X110.022 Y103.647 E142.58182
G1 X110.926 Y103.716 E142.63196
G1 X111.825 Y103.919 E142.68292
G1 X112.756 Y104.274 E142.73801
G1 X113.567 Y104.746 E142.7899
G1 X114.319 Y105.342 E142.84296
G1 X114.948 Y106.02 E142.8941
G1 X115.502 Y106.829 E142.94831
G1 X115.908 Y107.67 E142.99995
G1 X116.194 Y108.587 E143.05307
G1 X116.332 Y109.555 E143.10713
G1 X116.331 Y110.483 E143.15845
G1 X116.194 Y111.405 E143.20999
G1 X115.924 Y112.286 E143.26094
G1 X115.481 Y113.203 E143.31725
G1 X114.962 Y113.96 E143.368
G1 X114.332 Y114.639 E143.41922
G1 X113.602 Y115.224 E143.47095
G1 X112.735 Y115.73 E143.52646
G1 X111.871 Y116.07 E143.5778
G1 X110.969 Y116.273 E143.62892
G1 X110.043 Y116.347 E143.68029
G0 F9000 X110.059 Y116.573
G0 X110 Y118.073
G0 X110 Y118.299
G1 F1301.4 X110.984 Y118.24 E143.7348
G1 X111.939 Y118.066 E143.78847
G1 X112.884 Y117.778 E143.8431
G1 X113.792 Y117.379 E143.89794
G1 X114.628 Y116.886 E143.95161
G1 X115.414 Y116.284 E144.00635
G1 X116.125 Y115.594 E144.06113
G1 X116.741 Y114.831 E144.11536
G1 X117.262 Y114.008 E144.16922
G1 X117.69 Y113.111 E144.22417
G1 X118.003 Y112.19 E144.27796
G1 X118.206 Y111.228 E144.33233
G1 X118.295 Y110.239 E144.38723
G1 X118.266 Y109.26 E144.44139
G1 X118.118 Y108.285 E144.49592
G1 X117.859 Y107.334 E144.55042
G1 X117.491 Y106.435 E144.60414
G1 X117.01 Y105.562 E144.65925
G1 X116.447 Y104.773 E144.71285
G1 X115.783 Y104.047 E144.76725
G1 X115.03 Y103.398 E144.82222
G1 X114.219 Y102.853 E144.87625
G1 X113.349 Y102.407 E144.93031
G1 X112.423 Y102.063 E144.98493
G1 X111.464 Y101.831 E145.03949
G1 X110.476 Y101.716 E145.09449
G1 X109.971 Y101.701 E145.12242
G1 X109.52 Y101.715 E145.14737
G1 X108.532 Y101.831 E145.20238
G1 X107.573 Y102.063 E145.25694
G1 X106.647 Y102.407 E145.31156
G1 X105.777 Y102.853 E145.36562
G1 X104.966 Y103.398 E145.41965
G1 X104.214 Y104.047 E145.47457
G1 X103.553 Y104.774 E145.52891
G1 X102.986 Y105.564 E145.58268
G1 X102.505 Y106.435 E145.63769
G1 X102.133 Y107.346 E145.6921
G1 X101.875 Y108.291 E145.74627
G1 X101.735 Y109.258 E145.8003
G1 X101.705 Y110.239 E145.85457
G1 X101.794 Y111.229 E145.90953
G1 X101.993 Y112.191 E145.96385
G1 X102.306 Y113.111 E146.01759
G1 X102.734 Y114.008 E146.07254
G1 X103.254 Y114.831 E146.12637
G1 X103.874 Y115.594 E146.18074
G1 X104.587 Y116.285 E146.23564
G1 X105.369 Y116.887 E146.29021
G1 X106.204 Y117.379 E146.3438
G1 X107.112 Y117.778 E146.39864
G1 X108.057 Y118.066 E146.45327
G1 X109.012 Y118.239 E146.50693
G1 X110 Y118.299 E146.56166
G0 F9000 X110 Y118.774
;TYPE:WALL-OUTER
G1 F1301.4 X111.041 Y118.712 E146.61356
G1 X112.05 Y118.529 E146.66459
G1 X113.049 Y118.224 E146.71658
G1 X114.009 Y117.803 E146.76874
G1 X114.894 Y117.281 E146.81988
G1 X115.724 Y116.645 E146.87191
G1 X116.477 Y115.915 E146.92411
G1 X117.128 Y115.108 E146.9757
G1 X117.678 Y114.238 E147.02693
G1 X118.131 Y113.291 E147.07917
G1 X118.462 Y112.316 E147.13041
G1 X118.677 Y111.298 E147.18219
G1 X118.77 Y110.253 E147.2344
G1 X118.739 Y109.217 E147.28598
G1 X118.583 Y108.187 E147.33782
G1 X118.31 Y107.181 E147.3897
G1 X117.92 Y106.23 E147.44085
G1 X117.413 Y105.309 E147.49317
G1 X116.816 Y104.474 E147.54425
G1 X116.114 Y103.706 E147.59603
G1 X115.319 Y103.02 E147.64829
G1 X114.461 Y102.443 E147.69974
G1 X113.541 Y101.971 E147.7512
G1 X112.562 Y101.608 E147.80316
G1 X111.548 Y101.363 E147.85508
G1 X110.511 Y101.241 E147.90704
G1 X110 Y101.226 E147.93248
G1 X109.485 Y101.241 E147.95812
G1 X108.448 Y101.362 E148.01008
G1 X107.434 Y101.608 E148.06201
G1 X106.455 Y101.971 E148.11397
G1 X105.535 Y102.443 E148.16543
G1 X104.677 Y103.02 E148.21688
G1 X103.882 Y103.706 E148.26914
G1 X103.184 Y104.474 E148.32078
G1 X102.583 Y105.309 E148.37198
G1 X102.076 Y106.23 E148.4243
G1 X101.682 Y107.193 E148.47608
G1 X101.409 Y108.194 E148.52772
G1 X101.261 Y109.216 E148.57911
G1 X101.23 Y110.253 E148.63074
G1 X101.323 Y111.299 E148.683
G1 X101.534 Y112.316 E148.73469
G1 X101.865 Y113.291 E148.78593
G1 X102.318 Y114.238 E148.83817
G1 X102.868 Y115.108 E148.88939
G1 X103.523 Y115.915 E148.94112
G1 X104.276 Y116.645 E148.99331
G1 X105.103 Y117.281 E149.04523
G1 X105.987 Y117.803 E149.09632
G1 X106.947 Y118.224 E149.14849
G1 X107.946 Y118.528 E149.20045
G1 X108.955 Y118.712 E149.25149
G1 X110 Y118.774 E149.30359
G0 F9000 X110.199 Y118.763
G1 F1500 E143.30359
G0 F9000 X110.159 Y118.064
G0 X109.931 Y116.571
G0 X109.983 Y115.873
G1 F1500 E149.30359
G1 F1301.4 X109.102 Y115.804 E149.34757
G1 X108.27 Y115.616 E149.39002
G1 X107.457 Y115.295 E149.43352
G1 X106.679 Y114.845 E149.47824
G1 X105.995 Y114.298 E149.52183
G1 X105.405 Y113.662 E149.565
G1 X104.917 Y112.949 E149.608
G1 X104.53 Y112.152 E149.65209
G1 X104.269 Y111.294 E149.69672
G1 X104.139 Y110.441 E149.73966
G1 X104.141 Y109.541 E149.78445
G1 X104.274 Y108.68 E149.82781
G1 X104.527 Y107.85 E149.87099
G1 X104.91 Y107.059 E149.91473
G1 X105.397 Y106.344 E149.95778
G1 X106.011 Y105.684 E150.00264
G1 X106.694 Y105.141 E150.04606
G1 X107.445 Y104.707 E150.08923
G1 X108.271 Y104.384 E150.13336
G1 X109.135 Y104.187 E150.17747
G1 X110.007 Y104.122 E150.22098
G1 X110.871 Y104.188 E150.2641
G1 X111.739 Y104.388 E150.30843
G1 X112.555 Y104.707 E150.35203
G1 X113.302 Y105.141 E150.39503
G1 X113.991 Y105.689 E150.43884
G1 X114.587 Y106.329 E150.48236
G1 X115.086 Y107.059 E150.52637
G1 X115.469 Y107.85 E150.5701
G1 X115.731 Y108.706 E150.61465
G1 X115.855 Y109.545 E150.65686
G1 X115.857 Y110.441 E150.70145
G1 X115.724 Y111.327 E150.74603
G1 X115.474 Y112.133 E150.78803
G1 X115.079 Y112.949 E150.83315
G1 X114.592 Y113.662 E150.87612
G1 X113.985 Y114.313 E150.92041
G1 X113.298 Y114.858 E150.96405
G1 X112.543 Y115.295 E151.00747
G1 X111.726 Y115.616 E151.05115
G1 X110.885 Y115.806 E151.09406
G1 X109.983 Y115.873 E151.13907
G0 F9000 X109.784 Y115.858
G0 X109.399 Y116.554
;TYPE:FILL
G1 F1301.4 X110.843 Y117.997 E151.26775
G0 F9000 X113.271 Y117.335
G1 F1301.4 X113.791 Y115.394 E151.39442
G0 F9000 X114.848 Y114.316
G0 X115.745 Y113.226
G1 F1301.4 X116.796 Y114.277 E151.48811
G0 F9000 X116.581 Y110.079
G1 F1301.4 X118.027 Y109.692 E151.58247
G0 F9000 X115.977 Y107.238
G1 F1301.4 X116.501 Y105.28 E151.71024
G0 F9000 X114.728 Y103.495
G1 F1301.4 X112.782 Y104.016 E151.83723
G0 F9000 X111.314 Y103.643
G0 X109.922 Y103.404
G1 F1301.4 X110.309 Y101.96 E151.93147
G0 F9000 X106.775 Y104.257
G1 F1301.4 X105.715 Y103.196 E152.02601
G0 F9000 X104.621 Y106.203
G1 F1301.4 X102.656 Y106.73 E152.15425
G0 F9000 X102.001 Y109.155
G1 F1301.4 X103.429 Y110.584 E152.2816
G0 F9000 X103.838 Y112.038
G0 X104.323 Y113.364
G1 F1301.4 X102.886 Y113.749 E152.37537
G0 F9000 X106.639 Y115.658
G1 F1301.4 X106.249 Y117.115 E152.47045
G0 F9000 X106.44 Y116.794
;MESH:NONMESH
G0 F600 X106.44 Y116.794 Z2.8
G0 F9000 X110.059 Y116.573
G0 X110.043 Y116.347
;TIME_ELAPSED:141.929357
;LAYER:9
;note -- min layer time used
;TYPE:WALL-INNER
;MESH:guia_rocker.STL
G1 F1299.2 X109.027 Y116.273 E152.52678
G1 X108.131 Y116.07 E152.57758
G1 X107.266 Y115.73 E152.62897
G1 X106.442 Y115.258 E152.68148
G1 X105.677 Y114.654 E152.73538
G1 X105.036 Y113.962 E152.78753
G1 X104.516 Y113.203 E152.83841
G1 X104.073 Y112.286 E152.89472
G1 X103.806 Y111.413 E152.9452
G1 X103.666 Y110.483 E152.9972
G1 X103.664 Y109.554 E153.04857
G1 X103.816 Y108.556 E153.10439
G1 X104.088 Y107.671 E153.15559
G1 X104.494 Y106.83 E153.20723
G1 X105.011 Y106.067 E153.25819
G1 X105.694 Y105.329 E153.31379
G1 X106.423 Y104.748 E153.36534
G1 X107.228 Y104.285 E153.41669
G1 X108.092 Y103.943 E153.46807
G1 X109.07 Y103.716 E153.52359
G1 X110.022 Y103.647 E153.57637
G1 X110.926 Y103.716 E153.6265
G1 X111.825 Y103.919 E153.67746
G1 X112.756 Y104.274 E153.73255
G1 X113.567 Y104.746 E153.78444
G1 X114.319 Y105.342 E153.8375
G1 X114.948 Y106.02 E153.88864
G1 X115.502 Y106.829 E153.94285
G1 X115.908 Y107.67 E153.99449
G1 X116.194 Y108.587 E154.04761
G1 X116.332 Y109.555 E154.10167
G1 X116.331 Y110.483 E154.15299
G1 X116.194 Y111.405 E154.20453
G1 X115.924 Y112.286 E154.25548
G1 X115.481 Y113.203 E154.31179
G1 X114.962 Y113.96 E154.36254
G1 X114.332 Y114.639 E154.41376
G1 X113.602 Y115.224 E154.46549
G1 X112.735 Y115.73 E154.521
G1 X111.871 Y116.07 E154.57234
G1 X110.969 Y116.273 E154.62346
G1 X110.043 Y116.347 E154.67483
G0 F9000 X110.059 Y116.573
G0 X110 Y118.073
G0 X110 Y118.299
G1 F1299.2 X110.984 Y118.24 E154.72934
G1 X111.939 Y118.066 E154.78301
G1 X112.884 Y117.778 E154.83764
G1 X113.792 Y117.379 E154.89248
G1 X114.628 Y116.886 E154.94615
G1 X115.414 Y116.284 E155.00089
G1 X116.125 Y115.594 E155.05568
G1 X116.741 Y114.831 E155.1099
G1 X117.262 Y114.008 E155.16376
G1 X117.69 Y113.111 E155.21872
G1 X118.003 Y112.19 E155.2725
G1 X118.206 Y111.228 E155.32687
G1 X118.295 Y110.239 E155.38178
G1 X118.266 Y109.26 E155.43593
G1 X118.118 Y108.285 E155.49046
G1 X117.859 Y107.334 E155.54496
G1 X117.491 Y106.435 E155.59868
G1 X117.01 Y105.562 E155.65379
G1 X116.447 Y104.773 E155.70739
G1 X115.783 Y104.047 E155.76179
G1 X115.03 Y103.398 E155.81676
G1 X114.219 Y102.853 E155.87079
G1 X113.349 Y102.407 E155.92485
G1 X112.423 Y102.063 E155.97947
G1 X111.464 Y101.831 E156.03403
G1 X110.476 Y101.716 E156.08903
G1 X109.971 Y101.701 E156.11696
G1 X109.52 Y101.715 E156.14191
G1 X108.532 Y101.831 E156.19692
G1 X107.573 Y102.063 E156.25148
G1 X106.647 Y102.407 E156.3061
G1 X105.777 Y102.853 E156.36016
G1 X104.966 Y103.398 E156.41419
G1 X104.214 Y104.047 E156.46912
G1 X103.553 Y104.774 E156.52345
G1 X102.986 Y105.564 E156.57722
G1 X102.505 Y106.435 E156.63223
G1 X102.133 Y107.346 E156.68665
G1 X101.875 Y108.291 E156.74081
G1 X101.735 Y109.258 E156.79484
G1 X101.705 Y110.239 E156.84911
G1 X101.794 Y111.229 E156.90407
G1 X101.993 Y112.191 E156.95839
G1 X102.306 Y113.111 E157.01213
G1 X102.734 Y114.008 E157.06708
G1 X103.254 Y114.831 E157.12091
G1 X103.874 Y115.594 E157.17528
G1 X104.587 Y116.285 E157.23018
G1 X105.369 Y116.887 E157.28475
G1 X106.204 Y117.379 E157.33834
G1 X107.112 Y117.778 E157.39318
G1 X108.057 Y118.066 E157.44781
G1 X109.012 Y118.239 E157.50147
G1 X110 Y118.299 E157.55621
G0 F9000 X110 Y118.774
;TYPE:WALL-OUTER
G1 F1299.2 X111.041 Y118.712 E157.6081
G1 X112.05 Y118.529 E157.65914
G1 X113.049 Y118.224 E157.71112
G1 X114.009 Y117.803 E157.76328
G1 X114.894 Y117.281 E157.81442
G1 X115.724 Y116.645 E157.86645
G1 X116.477 Y115.915 E157.91865
G1 X117.128 Y115.108 E157.97025
G1 X117.678 Y114.238 E158.02147
G1 X118.131 Y113.291 E158.07371
G1 X118.462 Y112.316 E158.12495
G1 X118.677 Y111.298 E158.17673
G1 X118.77 Y110.253 E158.22894
G1 X118.739 Y109.217 E158.28052
G1 X118.583 Y108.187 E158.33236
G1 X118.31 Y107.181 E158.38424
G1 X117.92 Y106.23 E158.43539
G1 X117.413 Y105.309 E158.48771
G1 X116.816 Y104.474 E158.53879
G1 X116.114 Y103.706 E158.59057
G1 X115.319 Y103.02 E158.64283
G1 X114.461 Y102.443 E158.69429
G1 X113.541 Y101.971 E158.74574
G1 X112.562 Y101.608 E158.79771
G1 X111.548 Y101.363 E158.84962
G1 X110.511 Y101.241 E158.90158
G1 X110 Y101.226 E158.92702
G1 X109.485 Y101.241 E158.95266
G1 X108.448 Y101.362 E159.00462
G1 X107.434 Y101.608 E159.05655
G1 X106.455 Y101.971 E159.10851
G1 X105.535 Y102.443 E159.15997
G1 X104.677 Y103.02 E159.21142
G1 X103.882 Y103.706 E159.26368
G1 X103.184 Y104.474 E159.31533
G1 X102.583 Y105.309 E159.36652
G1 X102.076 Y106.23 E159.41884
G1 X101.682 Y107.193 E159.47062
G1 X101.409 Y108.194 E159.52226
G1 X101.261 Y109.216 E159.57365
G1 X101.23 Y110.253 E159.62528
G1 X101.323 Y111.299 E159.67754
G1 X101.534 Y112.316 E159.72923
G1 X101.865 Y113.291 E159.78047
G1 X102.318 Y114.238 E159.83271
G1 X102.868 Y115.108 E159.88393
G1 X103.523 Y115.915 E159.93566
G1 X104.276 Y116.645 E159.98785
G1 X105.103 Y117.281 E160.03977
G1 X105.987 Y117.803 E160.09086
G1 X106.947 Y118.224 E160.14303
G1 X107.946 Y118.528 E160.19499
G1 X108.955 Y118.712 E160.24604
G1 X110 Y118.774 E160.29813
G0 F9000 X110.199 Y118.763
G1 F1500 E154.29813
G0 F9000 X110.159 Y118.064
G0 X109.931 Y116.571
G0 X109.983 Y115.873
G1 F1500 E160.29813
G1 F1299.2 X109.102 Y115.804 E160.34211
G1 X108.27 Y115.616 E160.38456
G1 X107.457 Y115.295 E160.42806
G1 X106.679 Y114.845 E160.47278
G1 X105.995 Y114.298 E160.51637
G1 X105.405 Y113.662 E160.55954
G1 X104.917 Y112.949 E160.60254
G1 X104.53 Y112.152 E160.64663
G1 X104.269 Y111.294 E160.69126
G1 X104.139 Y110.441 E160.7342
G1 X104.141 Y109.541 E160.77899
G1 X104.274 Y108.68 E160.82235
G1 X104.527 Y107.85 E160.86553
G1 X104.91 Y107.059 E160.90927
G1 X105.397 Y106.344 E160.95232
G1 X106.011 Y105.684 E160.99718
G1 X106.694 Y105.141 E161.0406
G1 X107.445 Y104.707 E161.08377
G1 X108.271 Y104.384 E161.12791
G1 X109.135 Y104.187 E161.17201
G1 X110.007 Y104.122 E161.21552
G1 X110.871 Y104.188 E161.25864
G1 X111.739 Y104.388 E161.30297
G1 X112.555 Y104.707 E161.34657
G1 X113.302 Y105.141 E161.38957
G1 X113.991 Y105.689 E161.43338
G1 X114.587 Y106.329 E161.4769
G1 X115.086 Y107.059 E161.52091
G1 X115.469 Y107.85 E161.56464
G1 X115.731 Y108.706 E161.60919
G1 X115.855 Y109.545 E161.6514
G1 X115.857 Y110.441 E161.69599
G1 X115.724 Y111.327 E161.74058
G1 X115.474 Y112.133 E161.78257
G1 X115.079 Y112.949 E161.82769
G1 X114.592 Y113.662 E161.87066
G1 X113.985 Y114.313 E161.91495
G1 X113.298 Y114.858 E161.95859
G1 X112.543 Y115.295 E162.00201
G1 X111.726 Y115.616 E162.04569
G1 X110.885 Y115.806 E162.0886
G1 X109.983 Y115.873 E162.13361
G0 F9000 X109.784 Y115.858
G0 X109.704 Y116.579
;TYPE:FILL
G1 F1299.2 X111.091 Y117.965 E162.25721
G0 F9000 X113.039 Y117.437
G1 F1299.2 X113.543 Y115.554 E162.38009
G0 F9000 X114.433 Y114.777
G0 X114.969 Y114.198
G0 X115.836 Y113.037
G1 F1299.2 X116.904 Y114.105 E162.4753
G0 F9000 X116.581 Y110.284
G1 F1299.2 X118.034 Y109.895 E162.57011
G0 F9000 X115.845 Y106.966
G1 F1299.2 X116.352 Y105.071 E162.69377
G0 F9000 X114.934 Y103.644
G1 F1299.2 X113.043 Y104.151 E162.81718
G0 F9000 X111.92 Y103.773
G0 X111.381 Y103.65
G0 X109.713 Y103.42
G1 F1299.2 X110.106 Y101.954 E162.91285
G0 F9000 X106.953 Y104.154
G1 F1299.2 X105.882 Y103.083 E163.00833
G0 F9000 X104.449 Y106.454
G1 F1299.2 X102.561 Y106.96 E163.13154
G0 F9000 X102.037 Y108.911
G1 F1299.2 X103.416 Y110.291 E163.25452
G0 F9000 X103.647 Y111.449
G0 X103.809 Y111.977
G0 X104.442 Y113.537
G1 F1299.2 X102.98 Y113.929 E163.34994
G0 F9000 X106.461 Y115.557
G1 F1299.2 X106.072 Y117.01 E163.44475
G0 F9000 X106.263 Y116.689
;MESH:NONMESH
G0 F600 X106.263 Y116.689 Z3.08
G0 F9000 X110.059 Y116.573
G0 X110.043 Y116.347
;TIME_ELAPSED:154.136776
;LAYER:10
;note -- min layer time used
;TYPE:WALL-INNER
;MESH:guia_rocker.STL
G1 F1297 X109.027 Y116.273 E163.50108
G1 X108.131 Y116.07 E163.55188
G1 X107.266 Y115.73 E163.60327
G1 X106.442 Y115.258 E163.65578
G1 X105.677 Y114.654 E163.70968
G1 X105.036 Y113.962 E163.76184
G1 X104.516 Y113.203 E163.81271
G1 X104.073 Y112.286 E163.86902
G1 X103.806 Y111.413 E163.9195
G1 X103.666 Y110.483 E163.97151
G1 X103.664 Y109.554 E164.02288
G1 X103.816 Y108.556 E164.0787
G1 X104.088 Y107.671 E164.12989
G1 X104.494 Y106.83 E164.18153
G1 X105.011 Y106.067 E164.23249
G1 X105.694 Y105.329 E164.28809
G1 X106.423 Y104.748 E164.33964
G1 X107.228 Y104.285 E164.39099
G1 X108.092 Y103.943 E164.44237
G1 X109.07 Y103.716 E164.49789
G1 X110.022 Y103.647 E164.55067
G1 X110.926 Y103.716 E164.6008
G1 X111.825 Y103.919 E164.65176
G1 X112.756 Y104.274 E164.70686
G1 X113.567 Y104.746 E164.75874
G1 X114.319 Y105.342 E164.8118
G1 X114.948 Y106.02 E164.86294
G1 X115.502 Y106.829 E164.91716
G1 X115.908 Y107.67 E164.96879
G1 X116.194 Y108.587 E165.02191
G1 X116.332 Y109.555 E165.07598
G1 X116.331 Y110.483 E165.12729
G1 X116.194 Y111.405 E165.17883
G1 X115.924 Y112.286 E165.22978
G1 X115.481 Y113.203 E165.28609
G1 X114.962 Y113.96 E165.33685
G1 X114.332 Y114.639 E165.38806
G1 X113.602 Y115.224 E165.43979
G1 X112.735 Y115.73 E165.4953
G1 X111.871 Y116.07 E165.54664
G1 X110.969 Y116.273 E165.59776
G1 X110.043 Y116.347 E165.64913
G0 F9000 X110.059 Y116.573
G0 X110 Y118.073
G0 X110 Y118.299
G1 F1297 X110.984 Y118.24 E165.70364
G1 X111.939 Y118.066 E165.75731
G1 X112.884 Y117.778 E165.81194
G1 X113.792 Y117.379 E165.86678
G1 X114.628 Y116.886 E165.92045
G1 X115.414 Y116.284 E165.97519
G1 X116.125 Y115.594 E166.02998
G1 X116.741 Y114.831 E166.0842
G1 X117.262 Y114.008 E166.13806
G1 X117.69 Y113.111 E166.19302
G1 X118.003 Y112.19 E166.2468
G1 X118.206 Y111.228 E166.30117
G1 X118.295 Y110.239 E166.35608
G1 X118.266 Y109.26 E166.41023
G1 X118.118 Y108.285 E166.46476
G1 X117.859 Y107.334 E166.51927
G1 X117.491 Y106.435 E166.57298
G1 X117.01 Y105.562 E166.62809
G1 X116.447 Y104.773 E166.68169
G1 X115.783 Y104.047 E166.73609
G1 X115.03 Y103.398 E166.79106
G1 X114.219 Y102.853 E166.84509
G1 X113.349 Y102.407 E166.89915
G1 X112.423 Y102.063 E166.95377
G1 X111.464 Y101.831 E167.00833
G1 X110.476 Y101.716 E167.06333
G1 X109.971 Y101.701 E167.09127
G1 X109.52 Y101.715 E167.11622
G1 X108.532 Y101.831 E167.17122
G1 X107.573 Y102.063 E167.22578
G1 X106.647 Y102.407 E167.2804
G1 X105.777 Y102.853 E167.33446
G1 X104.966 Y103.398 E167.38849
G1 X104.214 Y104.047 E167.44342
G1 X103.553 Y104.774 E167.49775
G1 X102.986 Y105.564 E167.55152
G1 X102.505 Y106.435 E167.60654
G1 X102.133 Y107.346 E167.66095
G1 X101.875 Y108.291 E167.71511
G1 X101.735 Y109.258 E167.76914
G1 X101.705 Y110.239 E167.82341
G1 X101.794 Y111.229 E167.87837
G1 X101.993 Y112.191 E167.93269
G1 X102.306 Y113.111 E167.98643
G1 X102.734 Y114.008 E168.04139
G1 X103.254 Y114.831 E168.09522
G1 X103.874 Y115.594 E168.14958
G1 X104.587 Y116.285 E168.20448
G1 X105.369 Y116.887 E168.25905
G1 X106.204 Y117.379 E168.31264
G1 X107.112 Y117.778 E168.36748
G1 X108.057 Y118.066 E168.42211
G1 X109.012 Y118.239 E168.47577
G1 X110 Y118.299 E168.53051
G0 F9000 X110 Y118.774
;TYPE:WALL-OUTER
G1 F1297 X111.041 Y118.712 E168.5824
G1 X112.05 Y118.529 E168.63344
G1 X113.049 Y118.224 E168.68542
G1 X114.009 Y117.803 E168.73758
G1 X114.894 Y117.281 E168.78872
G1 X115.724 Y116.645 E168.84076
G1 X116.477 Y115.915 E168.89295
G1 X117.128 Y115.108 E168.94455
G1 X117.678 Y114.238 E168.99577
G1 X118.131 Y113.291 E169.04801
G1 X118.462 Y112.316 E169.09925
G1 X118.677 Y111.298 E169.15103
G1 X118.77 Y110.253 E169.20324
G1 X118.739 Y109.217 E169.25482
G1 X118.583 Y108.187 E169.30666
G1 X118.31 Y107.181 E169.35854
G1 X117.92 Y106.23 E169.40969
G1 X117.413 Y105.309 E169.46201
G1 X116.816 Y104.474 E169.51309
G1 X116.114 Y103.706 E169.56487
G1 X115.319 Y103.02 E169.61713
G1 X114.461 Y102.443 E169.66859
G1 X113.541 Y101.971 E169.72005
G1 X112.562 Y101.608 E169.77201
G1 X111.548 Y101.363 E169.82392
G1 X110.511 Y101.241 E169.87588
G1 X110 Y101.226 E169.90133
G1 X109.485 Y101.241 E169.92697
G1 X108.448 Y101.362 E169.97892
G1 X107.434 Y101.608 E170.03085
G1 X106.455 Y101.971 E170.08281
G1 X105.535 Y102.443 E170.13427
G1 X104.677 Y103.02 E170.18572
G1 X103.882 Y103.706 E170.23798
G1 X103.184 Y104.474 E170.28963
G1 X102.583 Y105.309 E170.34083
G1 X102.076 Y106.23 E170.39315
G1 X101.682 Y107.193 E170.44493
G1 X101.409 Y108.194 E170.49656
G1 X101.261 Y109.216 E170.54795
G1 X101.23 Y110.253 E170.59958
G1 X101.323 Y111.299 E170.65184
G1 X101.534 Y112.316 E170.70353
G1 X101.865 Y113.291 E170.75477
G1 X102.318 Y114.238 E170.80701
G1 X102.868 Y115.108 E170.85824
G1 X103.523 Y115.915 E170.90996
G1 X104.276 Y116.645 E170.96215
G1 X105.103 Y117.281 E171.01407
G1 X105.987 Y117.803 E171.06516
G1 X106.947 Y118.224 E171.11733
G1 X107.946 Y118.528 E171.1693
G1 X108.955 Y118.712 E171.22034
G1 X110 Y118.774 E171.27243
G0 F9000 X110.199 Y118.763
G1 F1500 E165.27243
G0 F9000 X110.159 Y118.064
G0 X109.931 Y116.571
G0 X109.983 Y115.873
G1 F1500 E171.27243
G1 F1297 X109.102 Y115.804 E171.31641
G1 X108.27 Y115.616 E171.35886
G1 X107.457 Y115.295 E171.40236
G1 X106.679 Y114.845 E171.44709
G1 X105.995 Y114.298 E171.49067
G1 X105.405 Y113.662 E171.53384
G1 X104.917 Y112.949 E171.57684
G1 X104.53 Y112.152 E171.62093
G1 X104.269 Y111.294 E171.66557
G1 X104.139 Y110.441 E171.70851
G1 X104.141 Y109.541 E171.75329
G1 X104.274 Y108.68 E171.79665
G1 X104.527 Y107.85 E171.83983
G1 X104.91 Y107.059 E171.88357
G1 X105.397 Y106.344 E171.92662
G1 X106.011 Y105.684 E171.97148
G1 X106.694 Y105.141 E172.0149
G1 X107.445 Y104.707 E172.05807
G1 X108.271 Y104.384 E172.10221
G1 X109.135 Y104.187 E172.14631
G1 X110.007 Y104.122 E172.18982
G1 X110.871 Y104.188 E172.23295
G1 X111.739 Y104.388 E172.27727
G1 X112.555 Y104.707 E172.32088
G1 X113.302 Y105.141 E172.36387
G1 X113.991 Y105.689 E172.40768
G1 X114.587 Y106.329 E172.4512
G1 X115.086 Y107.059 E172.49521
G1 X115.469 Y107.85 E172.53894
G1 X115.731 Y108.706 E172.58349
G1 X115.855 Y109.545 E172.6257
G1 X115.857 Y110.441 E172.67029
G1 X115.724 Y111.327 E172.71488
G1 X115.474 Y112.133 E172.75687
G1 X115.079 Y112.949 E172.80199
G1 X114.592 Y113.662 E172.84496
G1 X113.985 Y114.313 E172.88925
G1 X113.298 Y114.858 E172.9329
G1 X112.543 Y115.295 E172.97631
G1 X111.726 Y115.616 E173.01999
G1 X110.885 Y115.806 E173.0629
G1 X109.983 Y115.873 E173.10791
G0 F9000 X109.784 Y115.858
G0 X110.007 Y116.602
;TYPE:FILL
G1 F1297 X111.328 Y117.922 E173.22563
G0 F9000 X112.806 Y117.539
G1 F1297 X113.301 Y115.692 E173.34617
G0 F9000 X114.433 Y114.777
G0 X114.969 Y114.198
G0 X115.927 Y112.849
G1 F1297 X117.013 Y113.934 E173.44294
G0 F9000 X116.581 Y110.489
G1 F1297 X118.04 Y110.099 E173.53813
G0 F9000 X115.712 Y106.696
G1 F1297 X116.2 Y104.875 E173.65697
G0 F9000 X115.115 Y103.801
G1 F1297 X113.284 Y104.292 E173.77647
G0 F9000 X111.92 Y103.773
G0 X111.15 Y103.597
G0 X109.505 Y103.434
G1 F1297 X109.902 Y101.953 E173.87312
G0 F9000 X107.133 Y104.054
G1 F1297 X106.065 Y102.987 E173.96829
G0 F9000 X104.277 Y106.705
G1 F1297 X102.467 Y107.19 E174.08641
G0 F9000 X102.073 Y108.667
G1 F1297 X103.416 Y110.01 E174.20613
G0 F9000 X103.647 Y111.449
G0 X103.879 Y112.203
G0 X104.562 Y113.71
G1 F1297 X103.09 Y114.104 E174.30219
G0 F9000 X106.285 Y115.451
G1 F1297 X105.895 Y116.906 E174.39714
G0 F9000 X106.086 Y116.585
;MESH:NONMESH
G0 F600 X106.086 Y116.585 Z3.36
G0 F9000 X110.059 Y116.573
G0 X110.043 Y116.347
;TIME_ELAPSED:166.336616
;LAYER:11
;note -- min layer time used
;TYPE:WALL-INNER
;MESH:guia_rocker.STL
G1 F1296 X109.027 Y116.273 E174.45347
G1 X108.131 Y116.07 E174.50427
G1 X107.266 Y115.73 E174.55566
G1 X106.442 Y115.258 E174.60817
G1 X105.677 Y114.654 E174.66207
G1 X105.036 Y113.962 E174.71423
G1 X104.516 Y113.203 E174.7651
G1 X104.073 Y112.286 E174.82141
G1 X103.806 Y111.413 E174.87189
G1 X103.666 Y110.483 E174.9239
G1 X103.664 Y109.554 E174.97527
G1 X103.816 Y108.556 E175.03109
G1 X104.088 Y107.671 E175.08228
G1 X104.494 Y106.83 E175.13392
G1 X105.011 Y106.067 E175.18488
G1 X105.694 Y105.329 E175.24049
G1 X106.423 Y104.748 E175.29203
G1 X107.228 Y104.285 E175.34338
G1 X108.092 Y103.943 E175.39476
G1 X109.07 Y103.716 E175.45028
G1 X110.022 Y103.647 E175.50306
G1 X110.926 Y103.716 E175.55319
G1 X111.825 Y103.919 E175.60415
G1 X112.756 Y104.274 E175.65925
G1 X113.567 Y104.746 E175.71113
G1 X114.319 Y105.342 E175.76419
G1 X114.948 Y106.02 E175.81533
G1 X115.502 Y106.829 E175.86955
G1 X115.908 Y107.67 E175.92119
G1 X116.194 Y108.587 E175.9743
G1 X116.332 Y109.555 E176.02837
G1 X116.331 Y110.483 E176.07968
G1 X116.194 Y111.405 E176.13122
G1 X115.924 Y112.286 E176.18217
G1 X115.481 Y113.203 E176.23849
G1 X114.962 Y113.96 E176.28924
G1 X114.332 Y114.639 E176.34045
G1 X113.602 Y115.224 E176.39218
G1 X112.735 Y115.73 E176.44769
G1 X111.871 Y116.07 E176.49903
G1 X110.969 Y116.273 E176.55015
G1 X110.043 Y116.347 E176.60152
G0 F9000 X110.059 Y116.573
G0 X110 Y118.073
G0 X110 Y118.299
G1 F1296 X110.984 Y118.24 E176.65603
G1 X111.939 Y118.066 E176.7097
G1 X112.884 Y117.778 E176.76433
G1 X113.792 Y117.379 E176.81917
G1 X114.628 Y116.886 E176.87284
G1 X115.414 Y116.284 E176.92758
G1 X116.125 Y115.594 E176.98237
G1 X116.741 Y114.831 E177.03659
G1 X117.262 Y114.008 E177.09045
G1 X117.69 Y113.111 E177.14541
G1 X118.003 Y112.19 E177.1992
G1 X118.206 Y111.228 E177.25356
G1 X118.295 Y110.239 E177.30847
G1 X118.266 Y109.26 E177.36263
G1 X118.118 Y108.285 E177.41716
G1 X117.859 Y107.334 E177.47166
G1 X117.491 Y106.435 E177.52537
G1 X117.01 Y105.562 E177.58049
G1 X116.447 Y104.773 E177.63408
G1 X115.783 Y104.047 E177.68848
G1 X115.03 Y103.398 E177.74345
G1 X114.219 Y102.853 E177.79748
G1 X113.349 Y102.407 E177.85154
G1 X112.423 Y102.063 E177.90616
G1 X111.464 Y101.831 E177.96072
G1 X110.476 Y101.716 E178.01572
G1 X109.971 Y101.701 E178.04366
G1 X109.52 Y101.715 E178.06861
G1 X108.532 Y101.831 E178.12361
G1 X107.573 Y102.063 E178.17817
G1 X106.647 Y102.407 E178.23279
G1 X105.777 Y102.853 E178.28685
G1 X104.966 Y103.398 E178.34088
G1 X104.214 Y104.047 E178.39581
G1 X103.553 Y104.774 E178.45014
G1 X102.986 Y105.564 E178.50391
G1 X102.505 Y106.435 E178.55893
G1 X102.133 Y107.346 E178.61334
G1 X101.875 Y108.291 E178.6675
G1 X101.735 Y109.258 E178.72153
G1 X101.705 Y110.239 E178.7758
G1 X101.794 Y111.229 E178.83076
G1 X101.993 Y112.191 E178.88508
G1 X102.306 Y113.111 E178.93882
G1 X102.734 Y114.008 E178.99378
G1 X103.254 Y114.831 E179.04761
G1 X103.874 Y115.594 E179.10197
G1 X104.587 Y116.285 E179.15687
G1 X105.369 Y116.887 E179.21144
G1 X106.204 Y117.379 E179.26503
G1 X107.112 Y117.778 E179.31987
G1 X108.057 Y118.066 E179.3745
G1 X109.012 Y118.239 E179.42817
G1 X110 Y118.299 E179.4829
G0 F9000 X110 Y118.774
;TYPE:WALL-OUTER
G1 F1296 X111.041 Y118.712 E179.5348
G1 X112.05 Y118.529 E179.58583
G1 X113.049 Y118.224 E179.63781
G1 X114.009 Y117.803 E179.68998
G1 X114.894 Y117.281 E179.74111
G1 X115.724 Y116.645 E179.79315
G1 X116.477 Y115.915 E179.84534
G1 X117.128 Y115.108 E179.89694
G1 X117.678 Y114.238 E179.94816
G1 X118.131 Y113.291 E180.0004
G1 X118.462 Y112.316 E180.05164
G1 X118.677 Y111.298 E180.10342
G1 X118.77 Y110.253 E180.15563
G1 X118.739 Y109.217 E180.20721
G1 X118.583 Y108.187 E180.25906
G1 X118.31 Y107.181 E180.31093
G1 X117.92 Y106.23 E180.36208
G1 X117.413 Y105.309 E180.4144
G1 X116.816 Y104.474 E180.46549
G1 X116.114 Y103.706 E180.51727
G1 X115.319 Y103.02 E180.56952
G1 X114.461 Y102.443 E180.62098
G1 X113.541 Y101.971 E180.67244
G1 X112.562 Y101.608 E180.7244
G1 X111.548 Y101.363 E180.77631
G1 X110.511 Y101.241 E180.82828
G1 X110 Y101.226 E180.85372
G1 X109.485 Y101.241 E180.87936
G1 X108.448 Y101.362 E180.93131
G1 X107.434 Y101.608 E180.98324
G1 X106.455 Y101.971 E181.0352
G1 X105.535 Y102.443 E181.08666
G1 X104.677 Y103.02 E181.13812
G1 X103.882 Y103.706 E181.19037
G1 X103.184 Y104.474 E181.24202
G1 X102.583 Y105.309 E181.29322
G1 X102.076 Y106.23 E181.34554
G1 X101.682 Y107.193 E181.39732
G1 X101.409 Y108.194 E181.44895
G1 X101.261 Y109.216 E181.50034
G1 X101.23 Y110.253 E181.55197
G1 X101.323 Y111.299 E181.60423
G1 X101.534 Y112.316 E181.65592
G1 X101.865 Y113.291 E181.70716
G1 X102.318 Y114.238 E181.75941
G1 X102.868 Y115.108 E181.81063
G1 X103.523 Y115.915 E181.86235
G1 X104.276 Y116.645 E181.91454
G1 X105.103 Y117.281 E181.96646
G1 X105.987 Y117.803 E182.01755
G1 X106.947 Y118.224 E182.06972
G1 X107.946 Y118.528 E182.12169
G1 X108.955 Y118.712 E182.17273
G1 X110 Y118.774 E182.22482
G0 F9000 X110.199 Y118.763
G1 F1500 E176.22482
G0 F9000 X110.159 Y118.064
G0 X109.931 Y116.571
G0 X109.983 Y115.873
G1 F1500 E182.22482
G1 F1296 X109.102 Y115.804 E182.2688
G1 X108.27 Y115.616 E182.31125
G1 X107.457 Y115.295 E182.35475
G1 X106.679 Y114.845 E182.39948
G1 X105.995 Y114.298 E182.44306
G1 X105.405 Y113.662 E182.48624
G1 X104.917 Y112.949 E182.52923
G1 X104.53 Y112.152 E182.57333
G1 X104.269 Y111.294 E182.61796
G1 X104.139 Y110.441 E182.6609
G1 X104.141 Y109.541 E182.70569
G1 X104.274 Y108.68 E182.74904
G1 X104.527 Y107.85 E182.79222
G1 X104.91 Y107.059 E182.83596
G1 X105.397 Y106.344 E182.87901
G1 X106.011 Y105.684 E182.92387
G1 X106.694 Y105.141 E182.96729
G1 X107.445 Y104.707 E183.01046
G1 X108.271 Y104.384 E183.0546
G1 X109.135 Y104.187 E183.0987
G1 X110.007 Y104.122 E183.14221
G1 X110.861 Y104.187 E183.18484
G1 X111.739 Y104.388 E183.22966
G1 X112.555 Y104.707 E183.27326
G1 X113.302 Y105.141 E183.31626
G1 X113.991 Y105.689 E183.36007
G1 X114.587 Y106.329 E183.40359
G1 X115.086 Y107.059 E183.4476
G1 X115.469 Y107.85 E183.49133
G1 X115.731 Y108.706 E183.53588
G1 X115.855 Y109.545 E183.57809
G1 X115.857 Y110.441 E183.62268
G1 X115.724 Y111.327 E183.66726
G1 X115.474 Y112.133 E183.70926
G1 X115.079 Y112.949 E183.75438
G1 X114.592 Y113.662 E183.79735
G1 X113.985 Y114.313 E183.84164
G1 X113.298 Y114.858 E183.88528
G1 X112.543 Y115.295 E183.9287
G1 X111.726 Y115.616 E183.97238
G1 X110.885 Y115.806 E184.01529
G1 X109.983 Y115.873 E184.0603
G0 F9000 X109.784 Y115.858
G0 X110.266 Y116.581
;TYPE:FILL
G1 F1296 X111.565 Y117.88 E184.1761
G0 F9000 X112.583 Y117.609
G1 F1296 X113.059 Y115.83 E184.29219
G0 F9000 X114.433 Y114.777
G0 X114.969 Y114.198
G0 X116.019 Y112.66
G1 F1296 X117.108 Y113.749 E184.38927
G0 F9000 X116.551 Y110.702
G1 F1296 X118.037 Y110.304 E184.48624
G0 F9000 X115.565 Y106.479
G1 F1296 X116.041 Y104.702 E184.60221
G0 F9000 X115.296 Y103.958
G1 F1296 X113.523 Y104.432 E184.71789
G0 F9000 X111.92 Y103.773
G0 X111.15 Y103.597
G0 X109.295 Y103.45
G1 F1296 X109.695 Y101.958 E184.81527
G0 F9000 X107.335 Y103.976
G1 F1296 X106.25 Y102.891 E184.91199
G0 F9000 X104.163 Y106.941
G1 F1296 X102.373 Y107.42 E185.02879
G0 F9000 X102.108 Y108.423
G1 F1296 X103.415 Y109.73 E185.14531
G0 F9000 X103.647 Y111.449
G0 X103.879 Y112.203
G0 X104.681 Y113.883
G1 F1296 X103.201 Y114.28 E185.2419
G0 F9000 X106.116 Y115.316
G1 F1296 X105.718 Y116.802 E185.33888
G0 F9000 X105.909 Y116.48
;MESH:NONMESH
G0 F600 X105.909 Y116.48 Z3.64
G0 F9000 X110.059 Y116.573
G0 X110.043 Y116.347
;TIME_ELAPSED:178.519496
;LAYER:12
;note -- min layer time used
;TYPE:WALL-INNER
;MESH:guia_rocker.STL
G1 F1295 X109.027 Y116.273 E185.3952
G1 X108.131 Y116.07 E185.446
G1 X107.266 Y115.73 E185.4974
G1 X106.442 Y115.258 E185.5499
G1 X105.677 Y114.654 E185.6038
G1 X105.036 Y113.962 E185.65596
G1 X104.516 Y113.203 E185.70683
G1 X104.073 Y112.286 E185.76314
G1 X103.806 Y111.413 E185.81362
G1 X103.666 Y110.483 E185.86563
G1 X103.664 Y109.554 E185.917
G1 X103.816 Y108.556 E185.97282
G1 X104.088 Y107.671 E186.02401
G1 X104.494 Y106.83 E186.07565
G1 X105.011 Y106.067 E186.12661
G1 X105.694 Y105.329 E186.18222
G1 X106.423 Y104.748 E186.23376
G1 X107.228 Y104.285 E186.28511
G1 X108.092 Y103.943 E186.33649
G1 X109.07 Y103.716 E186.39201
G1 X110.022 Y103.647 E186.44479
G1 X110.926 Y103.716 E186.49492
G1 X111.825 Y103.919 E186.54588
G1 X112.756 Y104.274 E186.60098
G1 X113.567 Y104.746 E186.65286
G1 X114.319 Y105.342 E186.70592
G1 X114.948 Y106.02 E186.75706
G1 X115.502 Y106.829 E186.81128
G1 X115.908 Y107.67 E186.86292
G1 X116.194 Y108.587 E186.91603
G1 X116.332 Y109.555 E186.9701
G1 X116.331 Y110.483 E187.02141
G1 X116.194 Y111.405 E187.07295
G1 X115.924 Y112.286 E187.1239
G1 X115.481 Y113.203 E187.18022
G1 X114.962 Y113.96 E187.23097
G1 X114.332 Y114.639 E187.28219
G1 X113.602 Y115.224 E187.33391
G1 X112.735 Y115.73 E187.38942
G1 X111.871 Y116.07 E187.44076
G1 X110.969 Y116.273 E187.49189
G1 X110.043 Y116.347 E187.54325
G0 F9000 X110.059 Y116.573
G0 X110 Y118.073
G0 X110 Y118.299
G1 F1295 X110.984 Y118.24 E187.59776
G1 X111.939 Y118.066 E187.65144
G1 X112.884 Y117.778 E187.70606
G1 X113.792 Y117.379 E187.7609
G1 X114.628 Y116.886 E187.81457
G1 X115.414 Y116.284 E187.86931
G1 X116.125 Y115.594 E187.9241
G1 X116.741 Y114.831 E187.97832
G1 X117.262 Y114.008 E188.03218
G1 X117.69 Y113.111 E188.08714
G1 X118.003 Y112.19 E188.14093
G1 X118.206 Y111.228 E188.19529
G1 X118.295 Y110.239 E188.2502
G1 X118.266 Y109.26 E188.30436
G1 X118.118 Y108.285 E188.35889
G1 X117.859 Y107.334 E188.41339
G1 X117.491 Y106.435 E188.4671
G1 X117.01 Y105.562 E188.52222
G1 X116.447 Y104.773 E188.57581
G1 X115.783 Y104.047 E188.63021
G1 X115.03 Y103.398 E188.68518
G1 X114.219 Y102.853 E188.73921
G1 X113.349 Y102.407 E188.79327
G1 X112.423 Y102.063 E188.84789
G1 X111.464 Y101.831 E188.90245
G1 X110.476 Y101.716 E188.95745
G1 X109.971 Y101.701 E188.98539
G1 X109.52 Y101.715 E189.01034
G1 X108.532 Y101.831 E189.06534
G1 X107.573 Y102.063 E189.1199
G1 X106.647 Y102.407 E189.17452
G1 X105.777 Y102.853 E189.22858
G1 X104.966 Y103.398 E189.28261
G1 X104.214 Y104.047 E189.33754
G1 X103.553 Y104.774 E189.39187
G1 X102.986 Y105.564 E189.44564
G1 X102.505 Y106.435 E189.50066
G1 X102.133 Y107.346 E189.55507
G1 X101.875 Y108.291 E189.60924
G1 X101.735 Y109.258 E189.66326
G1 X101.705 Y110.239 E189.71753
G1 X101.794 Y111.229 E189.7725
G1 X101.993 Y112.191 E189.82682
G1 X102.306 Y113.111 E189.88055
G1 X102.734 Y114.008 E189.93551
G1 X103.254 Y114.831 E189.98934
G1 X103.874 Y115.594 E190.0437
G1 X104.587 Y116.285 E190.0986
G1 X105.369 Y116.887 E190.15317
G1 X106.204 Y117.379 E190.20676
G1 X107.112 Y117.778 E190.2616
G1 X108.057 Y118.066 E190.31623
G1 X109.012 Y118.239 E190.3699
G1 X110 Y118.299 E190.42463
G0 F9000 X110 Y118.774
;TYPE:WALL-OUTER
G1 F1295 X111.041 Y118.712 E190.47653
G1 X112.05 Y118.529 E190.52756
G1 X113.049 Y118.224 E190.57954
G1 X114.009 Y117.803 E190.63171
G1 X114.894 Y117.281 E190.68284
G1 X115.724 Y116.645 E190.73488
G1 X116.477 Y115.915 E190.78707
G1 X117.128 Y115.108 E190.83867
G1 X117.678 Y114.238 E190.88989
G1 X118.131 Y113.291 E190.94213
G1 X118.462 Y112.316 E190.99337
G1 X118.677 Y111.298 E191.04515
G1 X118.77 Y110.253 E191.09736
G1 X118.739 Y109.217 E191.14894
G1 X118.583 Y108.187 E191.20079
G1 X118.31 Y107.181 E191.25266
G1 X117.92 Y106.23 E191.30381
G1 X117.413 Y105.309 E191.35613
G1 X116.816 Y104.474 E191.40722
G1 X116.114 Y103.706 E191.459
G1 X115.319 Y103.02 E191.51125
G1 X114.461 Y102.443 E191.56271
G1 X113.541 Y101.971 E191.61417
G1 X112.562 Y101.608 E191.66613
G1 X111.548 Y101.363 E191.71804
G1 X110.511 Y101.241 E191.77001
G1 X110 Y101.226 E191.79545
G1 X109.485 Y101.241 E191.82109
G1 X108.448 Y101.362 E191.87304
G1 X107.434 Y101.608 E191.92497
G1 X106.455 Y101.971 E191.97693
G1 X105.535 Y102.443 E192.02839
G1 X104.677 Y103.02 E192.07985
G1 X103.882 Y103.706 E192.1321
G1 X103.184 Y104.474 E192.18375
G1 X102.583 Y105.309 E192.23495
G1 X102.076 Y106.23 E192.28727
G1 X101.682 Y107.193 E192.33905
G1 X101.409 Y108.194 E192.39068
G1 X101.261 Y109.216 E192.44207
G1 X101.23 Y110.253 E192.4937
G1 X101.323 Y111.299 E192.54596
G1 X101.534 Y112.316 E192.59765
G1 X101.865 Y113.291 E192.64889
G1 X102.318 Y114.238 E192.70114
G1 X102.868 Y115.108 E192.75236
G1 X103.523 Y115.915 E192.80408
G1 X104.276 Y116.645 E192.85628
G1 X105.103 Y117.281 E192.90819
G1 X105.987 Y117.803 E192.95928
G1 X106.947 Y118.224 E193.01145
G1 X107.946 Y118.528 E193.06342
G1 X108.955 Y118.712 E193.11446
G1 X110 Y118.774 E193.16656
G0 F9000 X110.199 Y118.763
G1 F1500 E187.16656
G0 F9000 X110.159 Y118.064
G0 X109.931 Y116.571
G0 X109.983 Y115.873
G1 F1500 E193.16656
G1 F1295 X109.102 Y115.804 E193.21053
G1 X108.27 Y115.616 E193.25298
G1 X107.457 Y115.295 E193.29648
G1 X106.679 Y114.845 E193.34121
G1 X105.995 Y114.298 E193.38479
G1 X105.405 Y113.662 E193.42797
G1 X104.917 Y112.949 E193.47096
G1 X104.53 Y112.152 E193.51506
G1 X104.269 Y111.294 E193.55969
G1 X104.139 Y110.441 E193.60263
G1 X104.141 Y109.541 E193.64742
G1 X104.274 Y108.68 E193.69077
G1 X104.527 Y107.85 E193.73395
G1 X104.91 Y107.059 E193.77769
G1 X105.397 Y106.344 E193.82074
G1 X106.011 Y105.684 E193.8656
G1 X106.694 Y105.141 E193.90903
G1 X107.445 Y104.707 E193.95219
G1 X108.271 Y104.384 E193.99633
G1 X109.135 Y104.187 E194.04043
G1 X110.007 Y104.122 E194.08395
G1 X110.871 Y104.188 E194.12707
G1 X111.739 Y104.388 E194.1714
G1 X112.555 Y104.707 E194.215
G1 X113.302 Y105.141 E194.25799
G1 X113.991 Y105.689 E194.3018
G1 X114.587 Y106.329 E194.34532
G1 X115.086 Y107.059 E194.38933
G1 X115.469 Y107.85 E194.43307
G1 X115.731 Y108.706 E194.47762
G1 X115.855 Y109.545 E194.51982
G1 X115.857 Y110.441 E194.56441
G1 X115.724 Y111.327 E194.609
G1 X115.474 Y112.133 E194.651
G1 X115.079 Y112.949 E194.69611
G1 X114.592 Y113.662 E194.73908
G1 X113.985 Y114.313 E194.78338
G1 X113.298 Y114.858 E194.82702
G1 X112.543 Y115.295 E194.87043
G1 X111.726 Y115.616 E194.91411
G1 X110.885 Y115.806 E194.95702
G1 X109.983 Y115.873 E195.00203
G0 F9000 X109.784 Y115.858
G0 X109.732 Y116.556
G0 X110.525 Y116.559
;TYPE:FILL
G1 F1295 X111.802 Y117.837 E195.11592
G0 F9000 X112.359 Y117.678
G1 F1295 X112.818 Y115.965 E195.22771
G0 F9000 X114.433 Y114.777
G0 X115.029 Y114.134
G0 X116.11 Y112.471
G1 F1295 X117.199 Y113.56 E195.32479
G0 F9000 X116.519 Y110.916
G1 F1295 X118.019 Y110.514 E195.42268
G0 F9000 X115.418 Y106.261
G1 F1295 X115.883 Y104.528 E195.53579
G0 F9000 X115.477 Y104.114
G1 F1295 X113.752 Y104.576 E195.64836
G0 F9000 X111.92 Y103.773
G0 X111.065 Y103.578
G0 X109.086 Y103.465
G1 F1295 X109.487 Y101.969 E195.74599
G0 F9000 X107.535 Y103.897
G1 F1295 X106.435 Y102.796 E195.84409
G0 F9000 X104.049 Y107.176
G1 F1295 X102.311 Y107.642 E195.95752
G0 F9000 X102.161 Y108.195
G1 F1295 X103.421 Y109.455 E196.06985
G0 F9000 X103.647 Y111.449
G0 X103.905 Y112.287
G0 X104.801 Y114.056
G1 F1295 X103.312 Y114.455 E196.16702
G0 F9000 X105.947 Y115.182
G1 F1295 X105.541 Y116.696 E196.26583
G0 F9000 X105.732 Y116.376
;MESH:NONMESH
G0 F600 X105.732 Y116.376 Z3.92
G0 F9000 X110.059 Y116.573
G0 X110.043 Y116.347
;TIME_ELAPSED:190.695162
;LAYER:13
;note -- min layer time used
;TYPE:WALL-INNER
;MESH:guia_rocker.STL
G1 F1296.3 X109.027 Y116.273 E196.32216
G1 X108.131 Y116.07 E196.37296
G1 X107.266 Y115.73 E196.42435
G1 X106.442 Y115.258 E196.47686
G1 X105.677 Y114.654 E196.53075
G1 X105.036 Y113.962 E196.58291
G1 X104.516 Y113.203 E196.63378
G1 X104.073 Y112.286 E196.6901
G1 X103.806 Y111.413 E196.74058
G1 X103.666 Y110.483 E196.79258
G1 X103.664 Y109.554 E196.84395
G1 X103.816 Y108.556 E196.89977
G1 X104.088 Y107.671 E196.95097
G1 X104.494 Y106.83 E197.0026
G1 X105.011 Y106.067 E197.05357
G1 X105.694 Y105.329 E197.10917
G1 X106.423 Y104.748 E197.16072
G1 X107.228 Y104.285 E197.21206
G1 X108.17 Y103.919 E197.26795
G1 X109.07 Y103.716 E197.31896
G1 X110.022 Y103.647 E197.37174
G1 X110.926 Y103.716 E197.42187
G1 X111.825 Y103.919 E197.47283
G1 X112.756 Y104.274 E197.52793
G1 X113.567 Y104.746 E197.57982
G1 X114.319 Y105.342 E197.63287
G1 X114.948 Y106.02 E197.68401
G1 X115.502 Y106.829 E197.73823
G1 X115.908 Y107.67 E197.78987
G1 X116.194 Y108.587 E197.84298
G1 X116.332 Y109.555 E197.89705
G1 X116.331 Y110.483 E197.94836
G1 X116.194 Y111.405 E197.9999
G1 X115.924 Y112.286 E198.05086
G1 X115.481 Y113.203 E198.10717
G1 X114.962 Y113.96 E198.15792
G1 X114.332 Y114.639 E198.20914
G1 X113.602 Y115.224 E198.26086
G1 X112.735 Y115.73 E198.31637
G1 X111.871 Y116.07 E198.36771
G1 X110.969 Y116.273 E198.41884
G1 X110.043 Y116.347 E198.4702
G0 F9000 X110.059 Y116.573
G0 X110 Y118.073
G0 X110 Y118.299
G1 F1296.3 X110.984 Y118.24 E198.52471
G1 X111.939 Y118.066 E198.57839
G1 X112.884 Y117.778 E198.63301
G1 X113.792 Y117.379 E198.68786
G1 X114.628 Y116.886 E198.74152
G1 X115.414 Y116.284 E198.79627
G1 X116.125 Y115.594 E198.85105
G1 X116.741 Y114.831 E198.90527
G1 X117.262 Y114.008 E198.95913
G1 X117.69 Y113.111 E199.01409
G1 X118.003 Y112.19 E199.06788
G1 X118.206 Y111.228 E199.12224
G1 X118.295 Y110.239 E199.17715
G1 X118.266 Y109.26 E199.23131
G1 X118.118 Y108.285 E199.28584
G1 X117.859 Y107.334 E199.34034
G1 X117.491 Y106.435 E199.39405
G1 X117.01 Y105.562 E199.44917
G1 X116.447 Y104.773 E199.50276
G1 X115.783 Y104.047 E199.55717
G1 X115.03 Y103.398 E199.61213
G1 X114.219 Y102.853 E199.66616
G1 X113.349 Y102.407 E199.72022
G1 X112.423 Y102.063 E199.77484
G1 X111.464 Y101.831 E199.8294
G1 X110.476 Y101.716 E199.8844
G1 X109.971 Y101.701 E199.91234
G1 X109.52 Y101.715 E199.93729
G1 X108.532 Y101.831 E199.9923
G1 X107.573 Y102.063 E200.04685
G1 X106.647 Y102.407 E200.10148
G1 X105.777 Y102.853 E200.15554
G1 X104.966 Y103.398 E200.20956
G1 X104.214 Y104.047 E200.26449
G1 X103.553 Y104.774 E200.31882
G1 X102.986 Y105.564 E200.37259
G1 X102.505 Y106.435 E200.42761
G1 X102.133 Y107.346 E200.48202
G1 X101.875 Y108.291 E200.53619
G1 X101.735 Y109.258 E200.59021
G1 X101.705 Y110.239 E200.64448
G1 X101.794 Y111.229 E200.69945
G1 X101.993 Y112.191 E200.75377
G1 X102.306 Y113.111 E200.8075
G1 X102.734 Y114.008 E200.86246
G1 X103.254 Y114.831 E200.91629
G1 X103.874 Y115.594 E200.97065
G1 X104.587 Y116.285 E201.02555
G1 X105.369 Y116.887 E201.08012
G1 X106.204 Y117.379 E201.13371
G1 X107.112 Y117.778 E201.18856
G1 X108.057 Y118.066 E201.24318
G1 X109.012 Y118.239 E201.29685
G1 X110 Y118.299 E201.35158
G0 F9000 X110 Y118.774
;TYPE:WALL-OUTER
G1 F1296.3 X111.041 Y118.712 E201.40348
G1 X112.05 Y118.529 E201.45451
G1 X113.049 Y118.224 E201.50649
G1 X114.009 Y117.803 E201.55866
G1 X114.894 Y117.281 E201.60979
G1 X115.724 Y116.645 E201.66183
G1 X116.477 Y115.915 E201.71402
G1 X117.128 Y115.108 E201.76562
G1 X117.678 Y114.238 E201.81684
G1 X118.131 Y113.291 E201.86908
G1 X118.462 Y112.316 E201.92033
G1 X118.677 Y111.298 E201.9721
G1 X118.77 Y110.253 E202.02432
G1 X118.739 Y109.217 E202.0759
G1 X118.583 Y108.187 E202.12774
G1 X118.31 Y107.181 E202.17961
G1 X117.92 Y106.23 E202.23077
G1 X117.413 Y105.309 E202.28309
G1 X116.816 Y104.474 E202.33417
G1 X116.114 Y103.706 E202.38595
G1 X115.319 Y103.02 E202.43821
G1 X114.461 Y102.443 E202.48966
G1 X113.541 Y101.971 E202.54112
G1 X112.562 Y101.608 E202.59308
G1 X111.548 Y101.363 E202.645
G1 X110.511 Y101.241 E202.69696
G1 X110 Y101.226 E202.7224
G1 X109.485 Y101.241 E202.74804
G1 X108.448 Y101.362 E202.8
G1 X107.434 Y101.608 E202.85192
G1 X106.455 Y101.971 E202.90388
G1 X105.535 Y102.443 E202.95534
G1 X104.677 Y103.02 E203.0068
G1 X103.882 Y103.706 E203.05905
G1 X103.184 Y104.474 E203.1107
G1 X102.583 Y105.309 E203.1619
G1 X102.076 Y106.23 E203.21422
G1 X101.682 Y107.193 E203.266
G1 X101.409 Y108.194 E203.31763
G1 X101.261 Y109.216 E203.36903
G1 X101.23 Y110.253 E203.42066
G1 X101.323 Y111.299 E203.47292
G1 X101.534 Y112.316 E203.5246
G1 X101.865 Y113.291 E203.57585
G1 X102.318 Y114.238 E203.62809
G1 X102.868 Y115.108 E203.67931
G1 X103.523 Y115.915 E203.73103
G1 X104.276 Y116.645 E203.78323
G1 X105.103 Y117.281 E203.83515
G1 X105.987 Y117.803 E203.88624
G1 X106.947 Y118.224 E203.9384
G1 X107.946 Y118.528 E203.99037
G1 X108.955 Y118.712 E204.04141
G1 X110 Y118.774 E204.09351
G0 F9000 X110.199 Y118.763
G1 F1500 E198.09351
G0 F9000 X110.159 Y118.064
G0 X109.931 Y116.571
G0 X109.983 Y115.873
G1 F1500 E204.09351
G1 F1296.3 X109.102 Y115.804 E204.13748
G1 X108.27 Y115.616 E204.17993
G1 X107.457 Y115.295 E204.22343
G1 X106.679 Y114.845 E204.26816
G1 X105.995 Y114.298 E204.31175
G1 X105.405 Y113.662 E204.35492
G1 X104.917 Y112.949 E204.39792
G1 X104.53 Y112.152 E204.44201
G1 X104.269 Y111.294 E204.48664
G1 X104.139 Y110.441 E204.52958
G1 X104.141 Y109.541 E204.57437
G1 X104.274 Y108.68 E204.61772
G1 X104.527 Y107.85 E204.66091
G1 X104.91 Y107.059 E204.70464
G1 X105.397 Y106.344 E204.74769
G1 X106.011 Y105.684 E204.79255
G1 X106.694 Y105.141 E204.83598
G1 X107.445 Y104.707 E204.87914
G1 X108.271 Y104.384 E204.92328
G1 X109.135 Y104.187 E204.96738
G1 X110.007 Y104.122 E205.0109
G1 X110.871 Y104.188 E205.05402
G1 X111.739 Y104.388 E205.09835
G1 X112.555 Y104.707 E205.14195
G1 X113.302 Y105.141 E205.18494
G1 X113.991 Y105.689 E205.22875
G1 X114.587 Y106.329 E205.27228
G1 X115.086 Y107.059 E205.31628
G1 X115.469 Y107.85 E205.36002
G1 X115.731 Y108.706 E205.40457
G1 X115.855 Y109.545 E205.44677
G1 X115.857 Y110.441 E205.49136
G1 X115.724 Y111.327 E205.53595
G1 X115.474 Y112.133 E205.57795
G1 X115.079 Y112.949 E205.62306
G1 X114.592 Y113.662 E205.66603
G1 X113.985 Y114.313 E205.71033
G1 X113.298 Y114.858 E205.75397
G1 X112.543 Y115.295 E205.79738
G1 X111.726 Y115.616 E205.84107
G1 X110.885 Y115.806 E205.88397
G1 X109.983 Y115.873 E205.92899
G0 F9000 X109.784 Y115.858
G0 X109.732 Y116.556
G0 X110.784 Y116.538
;TYPE:FILL
G1 F1296.3 X112.024 Y117.779 E206.03957
G1 X112.136 Y117.745
G1 X112.589 Y116.056 E206.1498
G0 F9000 X113.671 Y115.385
G0 X114.433 Y114.777
G0 X115.095 Y114.063
G0 X115.407 Y113.607
G0 X116.189 Y112.27
G1 F1296.3 X117.289 Y113.37 E206.24786
G0 F9000 X116.488 Y111.129
G1 F1296.3 X117.999 Y110.724 E206.34647
G0 F9000 X115.272 Y106.044
G1 F1296.3 X115.724 Y104.355 E206.45669
G1 X115.649 Y104.273
G1 X113.946 Y104.729 E206.56782
G0 F9000 X112.827 Y104.129
G0 X111.92 Y103.773
G0 X110.97 Y103.556
G0 X110.42 Y103.515
G0 X108.87 Y103.508
G1 F1296.3 X109.275 Y101.994 E206.66661
G0 F9000 X107.735 Y103.816
G1 F1296.3 X106.62 Y102.702 E206.76597
G0 F9000 X103.935 Y107.412
G1 F1296.3 X102.251 Y107.863 E206.87586
G1 X102.22 Y107.974
G1 X103.458 Y109.212 E206.98623
G0 F9000 X103.502 Y110.486
G0 X103.647 Y111.449
G0 X103.934 Y112.38
G0 X104.173 Y112.878
G0 X104.94 Y114.224
G1 F1296.3 X103.423 Y114.63 E207.08522
G0 F9000 X105.778 Y115.047
G1 F1296.3 X105.37 Y116.57 E207.18461
G0 F9000 X105.596 Y116.274
;MESH:NONMESH
G0 F600 X105.596 Y116.274 Z4.2
G0 F9000 X110.059 Y116.573
G0 X110.043 Y116.347
;TIME_ELAPSED:202.728038
;LAYER:14
;note -- min layer time used
;TYPE:WALL-INNER
;MESH:guia_rocker.STL
G1 F1295.8 X109.027 Y116.273 E207.24094
G1 X108.131 Y116.07 E207.29174
G1 X107.266 Y115.73 E207.34313
G1 X106.442 Y115.258 E207.39564
G1 X105.677 Y114.654 E207.44953
G1 X105.036 Y113.962 E207.50169
G1 X104.516 Y113.203 E207.55256
G1 X104.073 Y112.286 E207.60888
G1 X103.806 Y111.413 E207.65936
G1 X103.666 Y110.483 E207.71136
G1 X103.664 Y109.554 E207.76273
G1 X103.816 Y108.556 E207.81855
G1 X104.088 Y107.671 E207.86975
G1 X104.494 Y106.83 E207.92138
G1 X105.011 Y106.067 E207.97235
G1 X105.694 Y105.329 E208.02795
G1 X106.423 Y104.748 E208.07949
G1 X107.228 Y104.285 E208.13084
G1 X108.092 Y103.943 E208.18223
G1 X109.07 Y103.716 E208.23774
G1 X110.022 Y103.647 E208.29052
G1 X110.926 Y103.716 E208.34065
G1 X111.825 Y103.919 E208.39162
G1 X112.756 Y104.274 E208.44671
G1 X113.567 Y104.746 E208.4986
G1 X114.319 Y105.342 E208.55165
G1 X114.948 Y106.02 E208.60279
G1 X115.502 Y106.829 E208.65701
G1 X115.908 Y107.67 E208.70865
G1 X116.194 Y108.587 E208.76176
G1 X116.332 Y109.555 E208.81583
G1 X116.331 Y110.483 E208.86714
G1 X116.194 Y111.405 E208.91869
G1 X115.924 Y112.286 E208.96964
G1 X115.481 Y113.203 E209.02595
G1 X114.962 Y113.96 E209.0767
G1 X114.332 Y114.639 E209.12792
G1 X113.602 Y115.224 E209.17964
G1 X112.735 Y115.73 E209.23515
G1 X111.871 Y116.07 E209.28649
G1 X110.969 Y116.273 E209.33762
G1 X110.043 Y116.347 E209.38898
G0 F9000 X110.059 Y116.573
G0 X110 Y118.073
G0 X110 Y118.299
G1 F1295.8 X110.984 Y118.24 E209.44349
G1 X111.939 Y118.066 E209.49717
G1 X112.884 Y117.778 E209.55179
G1 X113.792 Y117.379 E209.60664
G1 X114.628 Y116.886 E209.6603
G1 X115.414 Y116.284 E209.71505
G1 X116.125 Y115.594 E209.76983
G1 X116.741 Y114.831 E209.82405
G1 X117.262 Y114.008 E209.87791
G1 X117.69 Y113.111 E209.93287
G1 X118.003 Y112.19 E209.98666
G1 X118.206 Y111.228 E210.04102
G1 X118.295 Y110.239 E210.09593
G1 X118.266 Y109.26 E210.15009
G1 X118.118 Y108.285 E210.20462
G1 X117.859 Y107.334 E210.25912
G1 X117.491 Y106.435 E210.31283
G1 X117.01 Y105.562 E210.36795
G1 X116.447 Y104.773 E210.42154
G1 X115.783 Y104.047 E210.47595
G1 X115.03 Y103.398 E210.53091
G1 X114.219 Y102.853 E210.58494
G1 X113.349 Y102.407 E210.639
G1 X112.423 Y102.063 E210.69363
G1 X111.464 Y101.831 E210.74818
G1 X110.476 Y101.716 E210.80318
G1 X109.971 Y101.701 E210.83112
G1 X109.52 Y101.715 E210.85607
G1 X108.532 Y101.831 E210.91108
G1 X107.573 Y102.063 E210.96563
G1 X106.647 Y102.407 E211.02026
G1 X105.777 Y102.853 E211.07432
G1 X104.966 Y103.398 E211.12834
G1 X104.214 Y104.047 E211.18327
G1 X103.553 Y104.774 E211.2376
G1 X102.986 Y105.564 E211.29137
G1 X102.505 Y106.435 E211.34639
G1 X102.133 Y107.346 E211.4008
G1 X101.875 Y108.291 E211.45497
G1 X101.735 Y109.258 E211.509
G1 X101.705 Y110.239 E211.56327
G1 X101.794 Y111.229 E211.61823
G1 X101.993 Y112.191 E211.67255
G1 X102.306 Y113.111 E211.72628
G1 X102.734 Y114.008 E211.78124
G1 X103.254 Y114.831 E211.83507
G1 X103.874 Y115.594 E211.88943
G1 X104.587 Y116.285 E211.94433
G1 X105.369 Y116.887 E211.9989
G1 X106.204 Y117.379 E212.05249
G1 X107.112 Y117.778 E212.10734
G1 X108.057 Y118.066 E212.16196
G1 X109.012 Y118.239 E212.21563
G1 X110 Y118.299 E212.27036
G0 F9000 X110 Y118.774
;TYPE:WALL-OUTER
G1 F1295.8 X111.041 Y118.712 E212.32226
G1 X112.05 Y118.529 E212.37329
G1 X113.049 Y118.224 E212.42527
G1 X114.009 Y117.803 E212.47744
G1 X114.894 Y117.281 E212.52857
G1 X115.724 Y116.645 E212.58061
G1 X116.477 Y115.915 E212.6328
G1 X117.128 Y115.108 E212.6844
G1 X117.678 Y114.238 E212.73562
G1 X118.131 Y113.291 E212.78787
G1 X118.462 Y112.316 E212.83911
G1 X118.677 Y111.298 E212.89089
G1 X118.77 Y110.253 E212.9431
G1 X118.739 Y109.217 E212.99468
G1 X118.583 Y108.187 E213.04652
G1 X118.31 Y107.181 E213.09839
G1 X117.92 Y106.23 E213.14955
G1 X117.413 Y105.309 E213.20187
G1 X116.816 Y104.474 E213.25295
G1 X116.114 Y103.706 E213.30473
G1 X115.319 Y103.02 E213.35699
G1 X114.461 Y102.443 E213.40844
G1 X113.541 Y101.971 E213.4599
G1 X112.562 Y101.608 E213.51186
G1 X111.548 Y101.363 E213.56378
G1 X110.511 Y101.241 E213.61574
G1 X110 Y101.226 E213.64118
G1 X109.485 Y101.241 E213.66682
G1 X108.448 Y101.362 E213.71878
G1 X107.434 Y101.608 E213.7707
G1 X106.455 Y101.971 E213.82266
G1 X105.535 Y102.443 E213.87412
G1 X104.677 Y103.02 E213.92558
G1 X103.882 Y103.706 E213.97783
G1 X103.184 Y104.474 E214.02948
G1 X102.583 Y105.309 E214.08068
G1 X102.076 Y106.23 E214.133
G1 X101.682 Y107.193 E214.18478
G1 X101.409 Y108.194 E214.23641
G1 X101.261 Y109.216 E214.28781
G1 X101.23 Y110.253 E214.33944
G1 X101.323 Y111.299 E214.3917
G1 X101.534 Y112.316 E214.44338
G1 X101.865 Y113.291 E214.49463
G1 X102.318 Y114.238 E214.54687
G1 X102.868 Y115.108 E214.59809
G1 X103.523 Y115.915 E214.64981
G1 X104.276 Y116.645 E214.70201
G1 X105.103 Y117.281 E214.75393
G1 X105.987 Y117.803 E214.80502
G1 X106.947 Y118.224 E214.85718
G1 X107.946 Y118.528 E214.90915
G1 X108.955 Y118.712 E214.96019
G1 X110 Y118.774 E215.01229
G0 F9000 X110.199 Y118.763
G1 F1500 E209.01229
G0 F9000 X110.159 Y118.064
G0 X109.931 Y116.571
G0 X109.983 Y115.873
G1 F1500 E215.01229
G1 F1295.8 X109.102 Y115.804 E215.05627
G1 X108.27 Y115.616 E215.09871
G1 X107.457 Y115.295 E215.14221
G1 X106.679 Y114.845 E215.18694
G1 X105.995 Y114.298 E215.23053
G1 X105.405 Y113.662 E215.2737
G1 X104.917 Y112.949 E215.3167
G1 X104.53 Y112.152 E215.36079
G1 X104.269 Y111.294 E215.40542
G1 X104.139 Y110.441 E215.44836
G1 X104.141 Y109.541 E215.49315
G1 X104.274 Y108.68 E215.5365
G1 X104.527 Y107.85 E215.57969
G1 X104.91 Y107.059 E215.62342
G1 X105.397 Y106.344 E215.66647
G1 X106.011 Y105.684 E215.71134
G1 X106.694 Y105.141 E215.75476
G1 X107.445 Y104.707 E215.79792
G1 X108.271 Y104.384 E215.84206
G1 X109.135 Y104.187 E215.88616
G1 X110.007 Y104.122 E215.92968
G1 X110.871 Y104.188 E215.9728
G1 X111.739 Y104.388 E216.01713
G1 X112.555 Y104.707 E216.06073
G1 X113.302 Y105.141 E216.10372
G1 X113.991 Y105.689 E216.14754
G1 X114.587 Y106.329 E216.19106
G1 X115.086 Y107.059 E216.23506
G1 X115.469 Y107.85 E216.2788
G1 X115.731 Y108.706 E216.32335
G1 X115.855 Y109.545 E216.36556
G1 X115.857 Y110.441 E216.41015
G1 X115.724 Y111.327 E216.45473
G1 X115.474 Y112.133 E216.49673
G1 X115.079 Y112.949 E216.54184
G1 X114.592 Y113.662 E216.58481
G1 X113.985 Y114.313 E216.62911
G1 X113.298 Y114.858 E216.67275
G1 X112.543 Y115.295 E216.71616
G1 X111.726 Y115.616 E216.75985
G1 X110.885 Y115.806 E216.80275
G1 X109.983 Y115.873 E216.84777
G0 F9000 X109.784 Y115.858
G0 X109.732 Y116.556
G0 X111.039 Y116.514
;TYPE:FILL
G1 F1295.8 X112.239 Y117.713 E216.9547
G0 F9000 X111.913 Y117.814
G1 F1295.8 X112.36 Y116.146 E217.06355
G0 F9000 X113.671 Y115.385
G0 X114.433 Y114.777
G0 X115.095 Y114.063
G0 X115.54 Y113.411
G0 X116.255 Y112.056
G1 F1295.8 X117.38 Y113.181 E217.16384
G0 F9000 X116.456 Y111.343
G1 F1295.8 X117.98 Y110.935 E217.26329
G0 F9000 X115.121 Y105.84
G1 F1295.8 X115.563 Y104.19 E217.37097
G0 F9000 X115.8 Y104.437
G1 F1295.8 X114.139 Y104.882 E217.47937
G0 F9000 X112.827 Y104.129
G0 X111.92 Y103.773
G0 X110.97 Y103.556
G0 X110.184 Y103.497
G0 X108.652 Y103.557
G1 F1295.8 X109.064 Y102.019 E217.57973
G0 F9000 X107.938 Y103.739
G1 F1295.8 X106.812 Y102.613 E217.68011
G0 F9000 X103.835 Y107.643
G1 F1295.8 X102.191 Y108.084 E217.78741
G0 F9000 X102.28 Y107.755
G1 F1295.8 X103.495 Y108.969 E217.89568
G0 F9000 X103.502 Y110.486
G0 X103.647 Y111.449
G0 X103.934 Y112.38
G0 X104.276 Y113.091
G0 X105.093 Y114.388
G1 F1295.8 X103.552 Y114.801 E217.99624
G0 F9000 X105.609 Y114.913
G1 F1295.8 X105.2 Y116.439 E218.09583
G0 F9000 X105.426 Y116.144
;MESH:NONMESH
G0 F600 X105.426 Y116.144 Z4.48
G0 F9000 X110.059 Y116.573
G0 X110.043 Y116.347
;TIME_ELAPSED:214.916438
;LAYER:15
;note -- min layer time used
;TYPE:WALL-INNER
;MESH:guia_rocker.STL
G1 F1298.3 X109.027 Y116.273 E218.15216
G1 X108.131 Y116.07 E218.20296
G1 X107.266 Y115.73 E218.25435
G1 X106.442 Y115.258 E218.30686
G1 X105.677 Y114.654 E218.36076
G1 X105.036 Y113.962 E218.41292
G1 X104.516 Y113.203 E218.46379
G1 X104.073 Y112.286 E218.5201
G1 X103.806 Y111.413 E218.57058
G1 X103.666 Y110.483 E218.62259
G1 X103.664 Y109.554 E218.67395
G1 X103.816 Y108.556 E218.72978
G1 X104.088 Y107.671 E218.78097
G1 X104.494 Y106.83 E218.83261
G1 X105.011 Y106.067 E218.88357
G1 X105.694 Y105.329 E218.93917
G1 X106.423 Y104.748 E218.99072
G1 X107.228 Y104.285 E219.04207
G1 X108.092 Y103.943 E219.09345
G1 X109.07 Y103.716 E219.14897
G1 X110.022 Y103.647 E219.20175
G1 X110.926 Y103.716 E219.25188
G1 X111.825 Y103.919 E219.30284
G1 X112.756 Y104.274 E219.35794
G1 X113.567 Y104.746 E219.40982
G1 X114.319 Y105.342 E219.46288
G1 X114.948 Y106.02 E219.51402
G1 X115.502 Y106.829 E219.56824
G1 X115.908 Y107.67 E219.61987
G1 X116.194 Y108.587 E219.67299
G1 X116.332 Y109.555 E219.72705
G1 X116.331 Y110.483 E219.77837
G1 X116.194 Y111.405 E219.82991
G1 X115.924 Y112.286 E219.88086
G1 X115.481 Y113.203 E219.93717
G1 X114.962 Y113.96 E219.98793
G1 X114.332 Y114.639 E220.03914
G1 X113.602 Y115.224 E220.09087
G1 X112.735 Y115.73 E220.14638
G1 X111.871 Y116.07 E220.19772
G1 X110.969 Y116.273 E220.24884
G1 X110.043 Y116.347 E220.30021
G0 F9000 X110.059 Y116.573
G0 X110 Y118.073
G0 X110 Y118.299
G1 F1298.3 X110.984 Y118.24 E220.35472
G1 X111.939 Y118.066 E220.40839
G1 X112.884 Y117.778 E220.46302
G1 X113.792 Y117.379 E220.51786
G1 X114.628 Y116.886 E220.57153
G1 X115.414 Y116.284 E220.62627
G1 X116.125 Y115.594 E220.68106
G1 X116.741 Y114.831 E220.73528
G1 X117.262 Y114.008 E220.78914
G1 X117.69 Y113.111 E220.8441
G1 X118.003 Y112.19 E220.89788
G1 X118.206 Y111.228 E220.95225
G1 X118.295 Y110.239 E221.00716
G1 X118.266 Y109.26 E221.06131
G1 X118.118 Y108.285 E221.11584
G1 X117.859 Y107.334 E221.17034
G1 X117.491 Y106.435 E221.22406
G1 X117.01 Y105.562 E221.27917
G1 X116.447 Y104.773 E221.33277
G1 X115.783 Y104.047 E221.38717
G1 X115.03 Y103.398 E221.44214
G1 X114.219 Y102.853 E221.49617
G1 X113.349 Y102.407 E221.55023
G1 X112.423 Y102.063 E221.60485
G1 X111.464 Y101.831 E221.65941
G1 X110.476 Y101.716 E221.71441
G1 X109.971 Y101.701 E221.74234
G1 X109.52 Y101.715 E221.76729
G1 X108.532 Y101.831 E221.8223
G1 X107.573 Y102.063 E221.87686
G1 X106.647 Y102.407 E221.93148
G1 X105.777 Y102.853 E221.98554
G1 X104.966 Y103.398 E222.03957
G1 X104.214 Y104.047 E222.0945
G1 X103.553 Y104.774 E222.14883
G1 X102.986 Y105.564 E222.2026
G1 X102.505 Y106.435 E222.25761
G1 X102.133 Y107.346 E222.31203
G1 X101.875 Y108.291 E222.36619
G1 X101.735 Y109.258 E222.42022
G1 X101.705 Y110.239 E222.47449
G1 X101.794 Y111.229 E222.52945
G1 X101.993 Y112.191 E222.58377
G1 X102.306 Y113.111 E222.63751
G1 X102.734 Y114.008 E222.69246
G1 X103.254 Y114.831 E222.74629
G1 X103.874 Y115.594 E222.80066
G1 X104.587 Y116.285 E222.85556
G1 X105.369 Y116.887 E222.91013
G1 X106.204 Y117.379 E222.96372
G1 X107.112 Y117.778 E223.01856
G1 X108.057 Y118.066 E223.07319
G1 X109.012 Y118.239 E223.12685
G1 X110 Y118.299 E223.18159
G0 F9000 X110 Y118.774
;TYPE:WALL-OUTER
G1 F1298.3 X111.041 Y118.712 E223.23348
G1 X112.05 Y118.529 E223.28452
G1 X113.049 Y118.224 E223.3365
G1 X114.009 Y117.803 E223.38866
G1 X114.894 Y117.281 E223.4398
G1 X115.724 Y116.645 E223.49183
G1 X116.477 Y115.915 E223.54403
G1 X117.128 Y115.108 E223.59563
G1 X117.678 Y114.238 E223.64685
G1 X118.131 Y113.291 E223.69909
G1 X118.462 Y112.316 E223.75033
G1 X118.677 Y111.298 E223.80211
G1 X118.77 Y110.253 E223.85432
G1 X118.739 Y109.217 E223.9059
G1 X118.583 Y108.187 E223.95774
G1 X118.31 Y107.181 E224.00962
G1 X117.92 Y106.23 E224.06077
G1 X117.413 Y105.309 E224.11309
G1 X116.816 Y104.474 E224.16417
G1 X116.114 Y103.706 E224.21595
G1 X115.319 Y103.02 E224.26821
G1 X114.461 Y102.443 E224.31967
G1 X113.541 Y101.971 E224.37112
G1 X112.562 Y101.608 E224.42309
G1 X111.548 Y101.363 E224.475
G1 X110.511 Y101.241 E224.52696
G1 X110 Y101.226 E224.5524
G1 X109.485 Y101.241 E224.57804
G1 X108.448 Y101.362 E224.63
G1 X107.434 Y101.608 E224.68193
G1 X106.455 Y101.971 E224.73389
G1 X105.535 Y102.443 E224.78535
G1 X104.677 Y103.02 E224.8368
G1 X103.882 Y103.706 E224.88906
G1 X103.184 Y104.474 E224.94071
G1 X102.583 Y105.309 E224.99191
G1 X102.076 Y106.23 E225.04423
G1 X101.682 Y107.193 E225.09601
G1 X101.409 Y108.194 E225.14764
G1 X101.261 Y109.216 E225.19903
G1 X101.23 Y110.253 E225.25066
G1 X101.323 Y111.299 E225.30292
G1 X101.534 Y112.316 E225.35461
G1 X101.865 Y113.291 E225.40585
G1 X102.318 Y114.238 E225.45809
G1 X102.868 Y115.108 E225.50932
G1 X103.523 Y115.915 E225.56104
G1 X104.276 Y116.645 E225.61323
G1 X105.103 Y117.281 E225.66515
G1 X105.987 Y117.803 E225.71624
G1 X106.947 Y118.224 E225.76841
G1 X107.946 Y118.528 E225.82038
G1 X108.955 Y118.712 E225.87142
G1 X110 Y118.774 E225.92351
G0 F9000 X110.199 Y118.763
G1 F1500 E219.92351
G0 F9000 X110.159 Y118.064
G0 X109.931 Y116.571
G0 X109.983 Y115.873
G1 F1500 E225.92351
G1 F1298.3 X109.102 Y115.804 E225.96749
G1 X108.27 Y115.616 E226.00994
G1 X107.457 Y115.295 E226.05344
G1 X106.679 Y114.845 E226.09817
G1 X105.995 Y114.298 E226.14175
G1 X105.405 Y113.662 E226.18492
G1 X104.917 Y112.949 E226.22792
G1 X104.53 Y112.152 E226.27201
G1 X104.269 Y111.294 E226.31664
G1 X104.139 Y110.441 E226.35958
G1 X104.141 Y109.541 E226.40437
G1 X104.274 Y108.68 E226.44773
G1 X104.527 Y107.85 E226.49091
G1 X104.91 Y107.059 E226.53465
G1 X105.397 Y106.344 E226.5777
G1 X106.011 Y105.684 E226.62256
G1 X106.694 Y105.141 E226.66598
G1 X107.445 Y104.707 E226.70915
G1 X108.271 Y104.384 E226.75329
G1 X109.135 Y104.187 E226.79739
G1 X110.007 Y104.122 E226.8409
G1 X110.871 Y104.188 E226.88403
G1 X111.739 Y104.388 E226.92835
G1 X112.555 Y104.707 E226.97196
G1 X113.302 Y105.141 E227.01495
G1 X113.991 Y105.689 E227.05876
G1 X114.587 Y106.329 E227.10228
G1 X115.086 Y107.059 E227.14629
G1 X115.469 Y107.85 E227.19002
G1 X115.731 Y108.706 E227.23457
G1 X115.855 Y109.545 E227.27678
G1 X115.857 Y110.441 E227.32137
G1 X115.724 Y111.327 E227.36596
G1 X115.474 Y112.133 E227.40795
G1 X115.079 Y112.949 E227.45307
G1 X114.592 Y113.662 E227.49604
G1 X113.985 Y114.313 E227.54033
G1 X113.298 Y114.858 E227.58397
G1 X112.543 Y115.295 E227.62739
G1 X111.726 Y115.616 E227.67107
G1 X110.885 Y115.806 E227.71398
G1 X109.983 Y115.873 E227.75899
G0 F9000 X109.784 Y115.858
G0 X109.732 Y116.556
G0 X111.268 Y116.463
;TYPE:FILL
G1 F1298.3 X112.453 Y117.648 E227.86463
G0 F9000 X111.697 Y117.856
G1 F1298.3 X112.131 Y116.236 E227.97035
G0 F9000 X113.671 Y115.385
G0 X114.433 Y114.777
G0 X115.095 Y114.063
G0 X115.54 Y113.411
G0 X116.32 Y111.841
G1 F1298.3 X117.467 Y112.989 E228.07265
G0 F9000 X116.407 Y111.561
G1 F1298.3 X117.962 Y111.144 E228.17413
G0 F9000 X115.876 Y107.182
G0 X114.962 Y105.67
G1 F1298.3 X115.397 Y104.046 E228.28011
G0 F9000 X115.951 Y104.602
G1 F1298.3 X114.332 Y105.036 E228.38577
G0 F9000 X112.827 Y104.129
G0 X111.92 Y103.773
G0 X110.97 Y103.556
G0 X110.184 Y103.497
G0 X108.434 Y103.606
G1 F1298.3 X108.852 Y102.044 E228.4877
G0 F9000 X108.149 Y103.67
G1 F1298.3 X107.016 Y102.538 E228.58866
G0 F9000 X104.622 Y106.322
G0 X103.766 Y107.867
G1 F1298.3 X102.131 Y108.305 E228.69535
G0 F9000 X102.34 Y107.535
G1 F1298.3 X103.532 Y108.727 E228.80162
G0 F9000 X103.502 Y110.486
G0 X103.647 Y111.449
G0 X103.934 Y112.38
G0 X104.276 Y113.091
G0 X105.244 Y114.552
G1 F1298.3 X103.688 Y114.969 E228.90316
G0 F9000 X105.443 Y114.768
G1 F1298.3 X105.03 Y116.308 E229.00367
G0 F9000 X105.256 Y116.014
;MESH:NONMESH
G0 F600 X105.256 Y116.014 Z4.76
G0 F9000 X110.059 Y116.573
G0 X110.043 Y116.347
;TIME_ELAPSED:227.173997
;LAYER:16
;note -- min layer time used
;TYPE:WALL-INNER
;MESH:guia_rocker.STL
G1 F1300.1 X109.027 Y116.273 E229.06
G1 X108.131 Y116.07 E229.1108
G1 X107.266 Y115.73 E229.16219
G1 X106.442 Y115.258 E229.2147
G1 X105.677 Y114.654 E229.26859
G1 X105.036 Y113.962 E229.32075
G1 X104.516 Y113.203 E229.37163
G1 X104.073 Y112.286 E229.42794
G1 X103.806 Y111.413 E229.47842
G1 X103.666 Y110.483 E229.53042
G1 X103.664 Y109.554 E229.58179
G1 X103.816 Y108.556 E229.63761
G1 X104.088 Y107.671 E229.68881
G1 X104.494 Y106.83 E229.74044
G1 X105.011 Y106.067 E229.79141
G1 X105.694 Y105.329 E229.84701
G1 X106.423 Y104.748 E229.89856
G1 X107.228 Y104.285 E229.94991
G1 X108.092 Y103.943 E230.00129
G1 X109.07 Y103.716 E230.0568
G1 X110.022 Y103.647 E230.10958
G1 X110.926 Y103.716 E230.15971
G1 X111.825 Y103.919 E230.21068
G1 X112.756 Y104.274 E230.26577
G1 X113.567 Y104.746 E230.31766
G1 X114.319 Y105.342 E230.37072
G1 X114.948 Y106.02 E230.42185
G1 X115.502 Y106.829 E230.47607
G1 X115.908 Y107.67 E230.52771
G1 X116.194 Y108.587 E230.58082
G1 X116.332 Y109.555 E230.63489
G1 X116.331 Y110.483 E230.6862
G1 X116.194 Y111.405 E230.73775
G1 X115.924 Y112.286 E230.7887
G1 X115.481 Y113.203 E230.84501
G1 X114.962 Y113.96 E230.89576
G1 X114.332 Y114.639 E230.94698
G1 X113.602 Y115.224 E230.99871
G1 X112.735 Y115.73 E231.05421
G1 X111.871 Y116.07 E231.10555
G1 X110.969 Y116.273 E231.15668
G1 X110.043 Y116.347 E231.20804
G0 F9000 X110.059 Y116.573
G0 X110 Y118.073
G0 X110 Y118.299
G1 F1300.1 X110.984 Y118.24 E231.26255
G1 X111.939 Y118.066 E231.31623
G1 X112.884 Y117.778 E231.37086
G1 X113.792 Y117.379 E231.4257
G1 X114.628 Y116.886 E231.47936
G1 X115.414 Y116.284 E231.53411
G1 X116.125 Y115.594 E231.58889
G1 X116.741 Y114.831 E231.64312
G1 X117.262 Y114.008 E231.69698
G1 X117.69 Y113.111 E231.75193
G1 X118.003 Y112.19 E231.80572
G1 X118.206 Y111.228 E231.86008
G1 X118.295 Y110.239 E231.91499
G1 X118.266 Y109.26 E231.96915
G1 X118.118 Y108.285 E232.02368
G1 X117.859 Y107.334 E232.07818
G1 X117.491 Y106.435 E232.13189
G1 X117.01 Y105.562 E232.18701
G1 X116.447 Y104.773 E232.24061
G1 X115.783 Y104.047 E232.29501
G1 X115.03 Y103.398 E232.34998
G1 X114.219 Y102.853 E232.404
G1 X113.349 Y102.407 E232.45806
G1 X112.423 Y102.063 E232.51269
G1 X111.464 Y101.831 E232.56724
G1 X110.476 Y101.716 E232.62224
G1 X109.971 Y101.701 E232.65018
G1 X109.52 Y101.715 E232.67513
G1 X108.532 Y101.831 E232.73014
G1 X107.573 Y102.063 E232.78469
G1 X106.647 Y102.407 E232.83932
G1 X105.777 Y102.853 E232.89338
G1 X104.966 Y103.398 E232.94741
G1 X104.214 Y104.047 E233.00233
G1 X103.553 Y104.774 E233.05666
G1 X102.986 Y105.564 E233.11043
G1 X102.505 Y106.435 E233.16545
G1 X102.133 Y107.346 E233.21986
G1 X101.875 Y108.291 E233.27403
G1 X101.735 Y109.258 E233.32806
G1 X101.705 Y110.239 E233.38233
G1 X101.794 Y111.229 E233.43729
G1 X101.993 Y112.191 E233.49161
G1 X102.306 Y113.111 E233.54534
G1 X102.734 Y114.008 E233.6003
G1 X103.254 Y114.831 E233.65413
G1 X103.874 Y115.594 E233.70849
G1 X104.587 Y116.285 E233.7634
G1 X105.369 Y116.887 E233.81797
G1 X106.204 Y117.379 E233.87156
G1 X107.112 Y117.778 E233.9264
G1 X108.057 Y118.066 E233.98102
G1 X109.012 Y118.239 E234.03469
G1 X110 Y118.299 E234.08942
G0 F9000 X110 Y118.774
;TYPE:WALL-OUTER
G1 F1300.1 X111.041 Y118.712 E234.14132
G1 X112.05 Y118.529 E234.19235
G1 X113.049 Y118.224 E234.24433
G1 X114.009 Y117.803 E234.2965
G1 X114.894 Y117.281 E234.34763
G1 X115.724 Y116.645 E234.39967
G1 X116.477 Y115.915 E234.45186
G1 X117.128 Y115.108 E234.50346
G1 X117.678 Y114.238 E234.55468
G1 X118.131 Y113.291 E234.60693
G1 X118.462 Y112.316 E234.65817
G1 X118.677 Y111.298 E234.70995
G1 X118.77 Y110.253 E234.76216
G1 X118.739 Y109.217 E234.81374
G1 X118.583 Y108.187 E234.86558
G1 X118.31 Y107.181 E234.91745
G1 X117.92 Y106.23 E234.96861
G1 X117.413 Y105.309 E235.02093
G1 X116.816 Y104.474 E235.07201
G1 X116.114 Y103.706 E235.12379
G1 X115.319 Y103.02 E235.17605
G1 X114.461 Y102.443 E235.2275
G1 X113.541 Y101.971 E235.27896
G1 X112.562 Y101.608 E235.33092
G1 X111.548 Y101.363 E235.38284
G1 X110.511 Y101.241 E235.4348
G1 X110 Y101.226 E235.46024
G1 X109.485 Y101.241 E235.48588
G1 X108.448 Y101.362 E235.53784
G1 X107.434 Y101.608 E235.58976
G1 X106.455 Y101.971 E235.64173
G1 X105.535 Y102.443 E235.69318
G1 X104.677 Y103.02 E235.74464
G1 X103.882 Y103.706 E235.7969
G1 X103.184 Y104.474 E235.84854
G1 X102.583 Y105.309 E235.89974
G1 X102.076 Y106.23 E235.95206
G1 X101.682 Y107.193 E236.00384
G1 X101.409 Y108.194 E236.05548
G1 X101.261 Y109.216 E236.10687
G1 X101.23 Y110.253 E236.1585
G1 X101.323 Y111.299 E236.21076
G1 X101.534 Y112.316 E236.26245
G1 X101.865 Y113.291 E236.31369
G1 X102.318 Y114.238 E236.36593
G1 X102.868 Y115.108 E236.41715
G1 X103.523 Y115.915 E236.46888
G1 X104.276 Y116.645 E236.52107
G1 X105.103 Y117.281 E236.57299
G1 X105.987 Y117.803 E236.62408
G1 X106.947 Y118.224 E236.67624
G1 X107.946 Y118.528 E236.72821
G1 X108.955 Y118.712 E236.77925
G1 X110 Y118.774 E236.83135
G0 F9000 X110.199 Y118.763
G1 F1500 E230.83135
G0 F9000 X110.159 Y118.064
G0 X109.931 Y116.571
G0 X109.983 Y115.873
G1 F1500 E236.83135
G1 F1300.1 X109.102 Y115.804 E236.87533
G1 X108.27 Y115.616 E236.91778
G1 X107.457 Y115.295 E236.96127
G1 X106.679 Y114.845 E237.006
G1 X105.995 Y114.298 E237.04959
G1 X105.405 Y113.662 E237.09276
G1 X104.917 Y112.949 E237.13576
G1 X104.53 Y112.152 E237.17985
G1 X104.269 Y111.294 E237.22448
G1 X104.139 Y110.441 E237.26742
G1 X104.141 Y109.541 E237.31221
G1 X104.274 Y108.68 E237.35557
G1 X104.527 Y107.85 E237.39875
G1 X104.91 Y107.059 E237.44248
G1 X105.413 Y106.324 E237.48681
G1 X106.011 Y105.684 E237.5304
G1 X106.694 Y105.141 E237.57382
G1 X107.445 Y104.707 E237.61698
G1 X108.271 Y104.384 E237.66112
G1 X109.135 Y104.187 E237.70522
G1 X110.007 Y104.122 E237.74874
G1 X110.871 Y104.188 E237.79186
G1 X111.739 Y104.388 E237.83619
G1 X112.555 Y104.707 E237.87979
G1 X113.302 Y105.141 E237.92278
G1 X113.991 Y105.689 E237.9666
G1 X114.587 Y106.329 E238.01012
G1 X115.086 Y107.059 E238.05412
G1 X115.469 Y107.85 E238.09786
G1 X115.731 Y108.706 E238.14241
G1 X115.855 Y109.545 E238.18462
G1 X115.857 Y110.441 E238.22921
G1 X115.724 Y111.327 E238.27379
G1 X115.474 Y112.133 E238.31579
G1 X115.079 Y112.949 E238.3609
G1 X114.592 Y113.662 E238.40387
G1 X113.985 Y114.313 E238.44817
G1 X113.298 Y114.858 E238.49181
G1 X112.543 Y115.295 E238.53522
G1 X111.726 Y115.616 E238.57891
G1 X110.885 Y115.806 E238.62181
G1 X109.983 Y115.873 E238.66683
G0 F9000 X109.784 Y115.858
G0 X109.732 Y116.556
G0 X111.497 Y116.411
;TYPE:FILL
G1 F1300.1 X112.668 Y117.583 E238.77126
G0 F9000 X111.481 Y117.896
G1 F1300.1 X111.904 Y116.318 E238.87425
G0 F9000 X113.671 Y115.385
G0 X114.433 Y114.777
G0 X115.095 Y114.063
G0 X115.54 Y113.411
G0 X116.338 Y111.784
G1 F1300.1 X117.921 Y111.36 E238.97755
G0 F9000 X117.539 Y112.78
G1 F1300.1 X116.386 Y111.627 E239.08034
G0 F9000 X116.498 Y110.486
G0 X116.498 Y109.514
G0 X116.353 Y108.551
G0 X116.066 Y107.62
G0 X115.724 Y106.909
G0 X114.802 Y105.5
G1 F1300.1 X115.231 Y103.902 E239.18463
G0 F9000 X116.102 Y104.767
G1 F1300.1 X114.513 Y105.192 E239.28832
G0 F9000 X112.827 Y104.129
G0 X111.92 Y103.773
G0 X110.97 Y103.556
G0 X110.184 Y103.497
G0 X108.377 Y103.618
G1 F1300.1 X107.221 Y102.462 E239.39137
G0 F9000 X108.64 Y102.069
G1 F1300.1 X108.215 Y103.655 E239.49488
G0 F9000 X107.173 Y104.129
G0 X106.329 Y104.615
G0 X105.567 Y105.223
G0 X104.905 Y105.937
G0 X104.46 Y106.589
G0 X103.697 Y108.09
G1 F1300.1 X102.095 Y108.52 E239.59943
G0 F9000 X102.411 Y107.325
G1 F1300.1 X103.575 Y108.489 E239.7032
G0 F9000 X103.502 Y110.486
G0 X103.647 Y111.449
G0 X103.934 Y112.38
G0 X104.276 Y113.091
G0 X105.284 Y114.596
G1 F1300.1 X104.86 Y116.177 E239.80638
G0 F9000 X103.825 Y115.137
G1 F1300.1 X105.397 Y114.716 E239.90897
G0 F9000 X105.12 Y114.972
;MESH:NONMESH
G0 F600 X105.12 Y114.972 Z5.04
G0 F9000 X108.08 Y116.227
G0 X108.619 Y116.35
G0 X110.059 Y116.573
G0 X110.043 Y116.347
;TIME_ELAPSED:239.465095
;LAYER:17
;note -- min layer time used
;TYPE:WALL-INNER
;MESH:guia_rocker.STL
G1 F1300.4 X109.027 Y116.273 E239.9653
G1 X108.131 Y116.07 E240.0161
G1 X107.266 Y115.73 E240.06749
G1 X106.442 Y115.258 E240.12
G1 X105.677 Y114.654 E240.17389
G1 X105.036 Y113.962 E240.22605
G1 X104.516 Y113.203 E240.27693
G1 X104.073 Y112.286 E240.33324
G1 X103.806 Y111.413 E240.38372
G1 X103.666 Y110.483 E240.43572
G1 X103.664 Y109.554 E240.48709
G1 X103.816 Y108.556 E240.54291
G1 X104.088 Y107.671 E240.59411
G1 X104.494 Y106.83 E240.64575
G1 X105.011 Y106.067 E240.69671
G1 X105.694 Y105.329 E240.75231
G1 X106.423 Y104.748 E240.80386
G1 X107.228 Y104.285 E240.85521
G1 X108.092 Y103.943 E240.90659
G1 X109.07 Y103.716 E240.9621
G1 X110.022 Y103.647 E241.01488
G1 X110.926 Y103.716 E241.06501
G1 X111.825 Y103.919 E241.11598
G1 X112.756 Y104.274 E241.17107
G1 X113.567 Y104.746 E241.22296
G1 X114.319 Y105.342 E241.27602
G1 X114.948 Y106.02 E241.32715
G1 X115.502 Y106.829 E241.38137
G1 X115.908 Y107.67 E241.43301
G1 X116.194 Y108.587 E241.48612
G1 X116.332 Y109.555 E241.54019
G1 X116.331 Y110.483 E241.59151
G1 X116.194 Y111.405 E241.64305
G1 X115.924 Y112.286 E241.694
G1 X115.481 Y113.203 E241.75031
G1 X114.962 Y113.96 E241.80106
G1 X114.332 Y114.639 E241.85228
G1 X113.602 Y115.224 E241.90401
G1 X112.735 Y115.73 E241.95951
G1 X111.871 Y116.07 E242.01086
G1 X110.969 Y116.273 E242.06198
G1 X110.043 Y116.347 E242.11335
G0 F9000 X110.059 Y116.573
G0 X110 Y118.073
G0 X110 Y118.299
G1 F1300.4 X110.984 Y118.24 E242.16785
G1 X111.939 Y118.066 E242.22153
G1 X112.884 Y117.778 E242.27616
G1 X113.792 Y117.379 E242.331
G1 X114.628 Y116.886 E242.38466
G1 X115.414 Y116.284 E242.43941
G1 X116.125 Y115.594 E242.49419
G1 X116.741 Y114.831 E242.54842
G1 X117.262 Y114.008 E242.60228
G1 X117.69 Y113.111 E242.65723
G1 X118.003 Y112.19 E242.71102
G1 X118.206 Y111.228 E242.76539
G1 X118.295 Y110.239 E242.82029
G1 X118.266 Y109.26 E242.87445
G1 X118.118 Y108.285 E242.92898
G1 X117.859 Y107.334 E242.98348
G1 X117.491 Y106.435 E243.0372
G1 X117.01 Y105.562 E243.09231
G1 X116.447 Y104.773 E243.14591
G1 X115.783 Y104.047 E243.20031
G1 X115.03 Y103.398 E243.25528
G1 X114.219 Y102.853 E243.30931
G1 X113.349 Y102.407 E243.36336
G1 X112.423 Y102.063 E243.41799
G1 X111.464 Y101.831 E243.47254
G1 X110.476 Y101.716 E243.52754
G1 X109.971 Y101.701 E243.55548
G1 X109.52 Y101.715 E243.58043
G1 X108.532 Y101.831 E243.63544
G1 X107.573 Y102.063 E243.69
G1 X106.647 Y102.407 E243.74462
G1 X105.777 Y102.853 E243.79868
G1 X104.966 Y103.398 E243.85271
G1 X104.214 Y104.047 E243.90763
G1 X103.553 Y104.774 E243.96196
G1 X102.986 Y105.564 E244.01573
G1 X102.505 Y106.435 E244.07075
G1 X102.133 Y107.346 E244.12516
G1 X101.875 Y108.291 E244.17933
G1 X101.735 Y109.258 E244.23336
G1 X101.705 Y110.239 E244.28763
G1 X101.794 Y111.229 E244.34259
G1 X101.993 Y112.191 E244.39691
G1 X102.306 Y113.111 E244.45064
G1 X102.734 Y114.008 E244.5056
G1 X103.254 Y114.831 E244.55943
G1 X103.874 Y115.594 E244.61379
G1 X104.587 Y116.285 E244.6687
G1 X105.369 Y116.887 E244.72327
G1 X106.204 Y117.379 E244.77686
G1 X107.112 Y117.778 E244.8317
G1 X108.057 Y118.066 E244.88632
G1 X109.012 Y118.239 E244.93999
G1 X110 Y118.299 E244.99472
G0 F9000 X110 Y118.774
;TYPE:WALL-OUTER
G1 F1300.4 X111.041 Y118.712 E245.04662
G1 X112.05 Y118.529 E245.09765
G1 X113.049 Y118.224 E245.14963
G1 X114.009 Y117.803 E245.2018
G1 X114.894 Y117.281 E245.25293
G1 X115.724 Y116.645 E245.30497
G1 X116.477 Y115.915 E245.35716
G1 X117.128 Y115.108 E245.40876
G1 X117.678 Y114.238 E245.45998
G1 X118.131 Y113.291 E245.51223
G1 X118.462 Y112.316 E245.56347
G1 X118.677 Y111.298 E245.61525
G1 X118.77 Y110.253 E245.66746
G1 X118.739 Y109.217 E245.71904
G1 X118.583 Y108.187 E245.77088
G1 X118.31 Y107.181 E245.82276
G1 X117.92 Y106.23 E245.87391
G1 X117.413 Y105.309 E245.92623
G1 X116.816 Y104.474 E245.97731
G1 X116.114 Y103.706 E246.02909
G1 X115.319 Y103.02 E246.08135
G1 X114.461 Y102.443 E246.1328
G1 X113.541 Y101.971 E246.18426
G1 X112.562 Y101.608 E246.23622
G1 X111.548 Y101.363 E246.28814
G1 X110.511 Y101.241 E246.3401
G1 X110 Y101.226 E246.36554
G1 X109.485 Y101.241 E246.39118
G1 X108.448 Y101.362 E246.44314
G1 X107.434 Y101.608 E246.49506
G1 X106.455 Y101.971 E246.54703
G1 X105.535 Y102.443 E246.59848
G1 X104.677 Y103.02 E246.64994
G1 X103.882 Y103.706 E246.7022
G1 X103.184 Y104.474 E246.75384
G1 X102.583 Y105.309 E246.80504
G1 X102.076 Y106.23 E246.85736
G1 X101.682 Y107.193 E246.90914
G1 X101.409 Y108.194 E246.96078
G1 X101.261 Y109.216 E247.01217
G1 X101.23 Y110.253 E247.0638
G1 X101.323 Y111.299 E247.11606
G1 X101.534 Y112.316 E247.16775
G1 X101.865 Y113.291 E247.21899
G1 X102.318 Y114.238 E247.27123
G1 X102.868 Y115.108 E247.32245
G1 X103.523 Y115.915 E247.37418
G1 X104.276 Y116.645 E247.42637
G1 X105.103 Y117.281 E247.47829
G1 X105.987 Y117.803 E247.52938
G1 X106.947 Y118.224 E247.58155
G1 X107.946 Y118.528 E247.63351
G1 X108.955 Y118.712 E247.68455
G1 X110 Y118.774 E247.73665
G0 F9000 X110.199 Y118.763
G1 F1500 E241.73665
G0 F9000 X110.159 Y118.064
G0 X109.931 Y116.571
G0 X109.983 Y115.873
G1 F1500 E247.73665
G1 F1300.4 X109.102 Y115.804 E247.78063
G1 X108.27 Y115.616 E247.82308
G1 X107.457 Y115.295 E247.86657
G1 X106.679 Y114.845 E247.9113
G1 X105.995 Y114.298 E247.95489
G1 X105.405 Y113.662 E247.99806
G1 X104.917 Y112.949 E248.04106
G1 X104.53 Y112.152 E248.08515
G1 X104.269 Y111.294 E248.12978
G1 X104.139 Y110.441 E248.17272
G1 X104.141 Y109.541 E248.21751
G1 X104.274 Y108.68 E248.26087
G1 X104.527 Y107.85 E248.30405
G1 X104.91 Y107.059 E248.34778
G1 X105.397 Y106.344 E248.39084
G1 X106.011 Y105.684 E248.4357
G1 X106.694 Y105.141 E248.47912
G1 X107.445 Y104.707 E248.52229
G1 X108.271 Y104.384 E248.56642
G1 X109.135 Y104.187 E248.61052
G1 X110.007 Y104.122 E248.65404
G1 X110.871 Y104.188 E248.69716
G1 X111.739 Y104.388 E248.74149
G1 X112.555 Y104.707 E248.78509
G1 X113.302 Y105.141 E248.82809
G1 X113.991 Y105.689 E248.8719
G1 X114.587 Y106.329 E248.91542
G1 X115.086 Y107.059 E248.95942
G1 X115.469 Y107.85 E249.00316
G1 X115.731 Y108.706 E249.04771
G1 X115.855 Y109.545 E249.08992
G1 X115.857 Y110.441 E249.13451
G1 X115.724 Y111.327 E249.17909
G1 X115.474 Y112.133 E249.22109
G1 X115.079 Y112.949 E249.26621
G1 X114.592 Y113.662 E249.30918
G1 X113.985 Y114.313 E249.35347
G1 X113.298 Y114.858 E249.39711
G1 X112.543 Y115.295 E249.44052
G1 X111.726 Y115.616 E249.48421
G1 X110.885 Y115.806 E249.52712
G1 X109.983 Y115.873 E249.57213
G0 F9000 X109.784 Y115.858
G0 X109.732 Y116.556
G0 X111.685 Y116.367
;TYPE:FILL
G1 F1300.4 X111.266 Y117.934 E249.67438
G0 F9000 X111.725 Y116.359
G1 F1300.4 X112.874 Y117.508 E249.77681
G0 F9000 X115.644 Y113.258
G0 X116.271 Y112.008
G1 F1300.4 X117.876 Y111.577 E249.88156
G0 F9000 X117.61 Y112.571
G1 F1300.4 X116.445 Y111.406 E249.98542
G0 F9000 X116.498 Y109.514
G0 X116.353 Y108.551
G0 X116.066 Y107.62
G0 X115.724 Y106.909
G0 X114.666 Y105.356
G1 F1300.4 X116.252 Y104.931 E250.08892
G0 F9000 X114.643 Y105.33
G1 F1300.4 X115.064 Y103.758 E250.19151
G0 F9000 X110 Y103.483
G0 X108.605 Y103.566
G1 F1300.4 X107.425 Y102.386 E250.2967
G0 F9000 X108.423 Y102.114
G1 F1300.4 X107.994 Y103.718 E250.40136
G0 F9000 X106.329 Y104.615
G0 X105.567 Y105.223
G0 X104.905 Y105.937
G0 X104.46 Y106.589
G0 X103.641 Y108.275
G1 F1300.4 X102.492 Y107.127 E250.50375
G0 F9000 X103.628 Y108.314
G1 F1300.4 X102.064 Y108.733 E250.60581
G0 F9000 X104.356 Y113.258
G0 X105.125 Y114.425
G1 F1300.4 X104.693 Y116.037 E250.71101
G0 F9000 X103.962 Y115.306
G1 F1300.4 X105.562 Y114.877 E250.81544
G0 F9000 X105.326 Y115.173
;MESH:NONMESH
G0 F600 X105.326 Y115.173 Z5.32
G0 F9000 X108.08 Y116.227
G0 X108.619 Y116.35
G0 X110.059 Y116.573
G0 X110.043 Y116.347
;TIME_ELAPSED:251.765322
;LAYER:18
;note -- min layer time used
;TYPE:WALL-INNER
;MESH:guia_rocker.STL
G1 F1297.7 X109.027 Y116.273 E250.87176
G1 X108.131 Y116.07 E250.92256
G1 X107.266 Y115.73 E250.97396
G1 X106.442 Y115.258 E251.02646
G1 X105.677 Y114.654 E251.08036
G1 X105.036 Y113.962 E251.13252
G1 X104.516 Y113.203 E251.18339
G1 X104.073 Y112.286 E251.2397
G1 X103.806 Y111.413 E251.29018
G1 X103.666 Y110.483 E251.34219
G1 X103.664 Y109.554 E251.39356
G1 X103.816 Y108.556 E251.44938
G1 X104.088 Y107.671 E251.50057
G1 X104.494 Y106.83 E251.55221
G1 X105.011 Y106.067 E251.60317
G1 X105.694 Y105.329 E251.65878
G1 X106.423 Y104.748 E251.71032
G1 X107.228 Y104.285 E251.76167
G1 X108.092 Y103.943 E251.81305
G1 X109.07 Y103.716 E251.86857
G1 X110.022 Y103.647 E251.92135
G1 X110.926 Y103.716 E251.97148
G1 X111.825 Y103.919 E252.02244
G1 X112.756 Y104.274 E252.07754
G1 X113.567 Y104.746 E252.12942
G1 X114.319 Y105.342 E252.18248
G1 X114.948 Y106.02 E252.23362
G1 X115.502 Y106.829 E252.28784
G1 X115.908 Y107.67 E252.33948
G1 X116.194 Y108.587 E252.39259
G1 X116.332 Y109.555 E252.44666
G1 X116.331 Y110.483 E252.49797
G1 X116.194 Y111.405 E252.54951
G1 X115.924 Y112.286 E252.60046
G1 X115.481 Y113.203 E252.65678
G1 X114.962 Y113.96 E252.70753
G1 X114.332 Y114.639 E252.75875
G1 X113.602 Y115.224 E252.81047
G1 X112.735 Y115.73 E252.86598
G1 X111.871 Y116.07 E252.91732
G1 X110.969 Y116.273 E252.96845
G1 X110.043 Y116.347 E253.01981
G0 F9000 X110.059 Y116.573
G0 X110 Y118.073
G0 X110 Y118.299
G1 F1297.7 X110.984 Y118.24 E253.07432
G1 X111.939 Y118.066 E253.128
G1 X112.884 Y117.778 E253.18262
G1 X113.792 Y117.379 E253.23746
G1 X114.628 Y116.886 E253.29113
G1 X115.414 Y116.284 E253.34587
G1 X116.125 Y115.594 E253.40066
G1 X116.741 Y114.831 E253.45488
G1 X117.262 Y114.008 E253.50874
G1 X117.69 Y113.111 E253.5637
G1 X118.003 Y112.19 E253.61749
G1 X118.206 Y111.228 E253.67185
G1 X118.295 Y110.239 E253.72676
G1 X118.266 Y109.26 E253.78092
G1 X118.118 Y108.285 E253.83545
G1 X117.859 Y107.334 E253.88995
G1 X117.491 Y106.435 E253.94366
G1 X117.01 Y105.562 E253.99878
G1 X116.447 Y104.773 E254.05237
G1 X115.783 Y104.047 E254.10677
G1 X115.03 Y103.398 E254.16174
G1 X114.219 Y102.853 E254.21577
G1 X113.349 Y102.407 E254.26983
G1 X112.423 Y102.063 E254.32445
G1 X111.464 Y101.831 E254.37901
G1 X110.476 Y101.716 E254.43401
G1 X109.971 Y101.701 E254.46195
G1 X109.52 Y101.715 E254.4869
G1 X108.532 Y101.831 E254.5419
G1 X107.573 Y102.063 E254.59646
G1 X106.647 Y102.407 E254.65108
G1 X105.777 Y102.853 E254.70514
G1 X104.966 Y103.398 E254.75917
G1 X104.214 Y104.047 E254.8141
G1 X103.553 Y104.774 E254.86843
G1 X102.986 Y105.564 E254.9222
G1 X102.505 Y106.435 E254.97722
G1 X102.133 Y107.346 E255.03163
G1 X101.875 Y108.291 E255.0858
G1 X101.735 Y109.258 E255.13982
G1 X101.705 Y110.239 E255.19409
G1 X101.794 Y111.229 E255.24906
G1 X101.993 Y112.191 E255.30338
G1 X102.306 Y113.111 E255.35711
G1 X102.734 Y114.008 E255.41207
G1 X103.254 Y114.831 E255.4659
G1 X103.874 Y115.594 E255.52026
G1 X104.587 Y116.285 E255.57516
G1 X105.369 Y116.887 E255.62973
G1 X106.204 Y117.379 E255.68332
G1 X107.112 Y117.778 E255.73816
G1 X108.057 Y118.066 E255.79279
G1 X109.012 Y118.239 E255.84646
G1 X110 Y118.299 E255.90119
G0 F9000 X110 Y118.774
;TYPE:WALL-OUTER
G1 F1297.7 X111.041 Y118.712 E255.95309
G1 X112.05 Y118.529 E256.00412
G1 X113.049 Y118.224 E256.0561
G1 X114.009 Y117.803 E256.10827
G1 X114.894 Y117.281 E256.1594
G1 X115.724 Y116.645 E256.21144
G1 X116.477 Y115.915 E256.26363
G1 X117.128 Y115.108 E256.31523
G1 X117.678 Y114.238 E256.36645
G1 X118.131 Y113.291 E256.41869
G1 X118.462 Y112.316 E256.46993
G1 X118.677 Y111.298 E256.52171
G1 X118.77 Y110.253 E256.57392
G1 X118.739 Y109.217 E256.6255
G1 X118.583 Y108.187 E256.67735
G1 X118.31 Y107.181 E256.72922
G1 X117.92 Y106.23 E256.78037
G1 X117.413 Y105.309 E256.83269
G1 X116.816 Y104.474 E256.88378
G1 X116.114 Y103.706 E256.93556
G1 X115.319 Y103.02 E256.98781
G1 X114.461 Y102.443 E257.03927
G1 X113.541 Y101.971 E257.09073
G1 X112.562 Y101.608 E257.14269
G1 X111.548 Y101.363 E257.1946
G1 X110.511 Y101.241 E257.24657
G1 X110 Y101.226 E257.27201
G1 X109.485 Y101.241 E257.29765
G1 X108.448 Y101.362 E257.3496
G1 X107.434 Y101.608 E257.40153
G1 X106.455 Y101.971 E257.45349
G1 X105.535 Y102.443 E257.50495
G1 X104.677 Y103.02 E257.55641
G1 X103.882 Y103.706 E257.60866
G1 X103.184 Y104.474 E257.66031
G1 X102.583 Y105.309 E257.71151
G1 X102.076 Y106.23 E257.76383
G1 X101.682 Y107.193 E257.81561
G1 X101.409 Y108.194 E257.86724
G1 X101.261 Y109.216 E257.91863
G1 X101.23 Y110.253 E257.97026
G1 X101.323 Y111.299 E258.02252
G1 X101.534 Y112.316 E258.07421
G1 X101.865 Y113.291 E258.12545
G1 X102.318 Y114.238 E258.1777
G1 X102.868 Y115.108 E258.22892
G1 X103.523 Y115.915 E258.28064
G1 X104.276 Y116.645 E258.33284
G1 X105.103 Y117.281 E258.38475
G1 X105.987 Y117.803 E258.43584
G1 X106.947 Y118.224 E258.48801
G1 X107.946 Y118.528 E258.53998
G1 X108.955 Y118.712 E258.59102
G1 X110 Y118.774 E258.64312
G0 F9000 X110.199 Y118.763
G1 F1500 E252.64312
G0 F9000 X110.159 Y118.064
G0 X109.931 Y116.571
G0 X109.983 Y115.873
G1 F1500 E258.64312
G1 F1297.7 X109.102 Y115.804 E258.68709
G1 X108.27 Y115.616 E258.72954
G1 X107.457 Y115.295 E258.77304
G1 X106.679 Y114.845 E258.81777
G1 X105.995 Y114.298 E258.86135
G1 X105.405 Y113.662 E258.90453
G1 X104.917 Y112.949 E258.94752
G1 X104.53 Y112.152 E258.99162
G1 X104.269 Y111.294 E259.03625
G1 X104.139 Y110.441 E259.07919
G1 X104.141 Y109.541 E259.12398
G1 X104.274 Y108.68 E259.16733
G1 X104.527 Y107.85 E259.21051
G1 X104.91 Y107.059 E259.25425
G1 X105.397 Y106.344 E259.2973
G1 X106.011 Y105.684 E259.34216
G1 X106.694 Y105.141 E259.38559
G1 X107.445 Y104.707 E259.42875
G1 X108.271 Y104.384 E259.47289
G1 X109.125 Y104.188 E259.51649
G1 X110.007 Y104.122 E259.56051
G1 X110.871 Y104.188 E259.60363
G1 X111.739 Y104.388 E259.64796
G1 X112.555 Y104.707 E259.69156
G1 X113.302 Y105.141 E259.73456
G1 X113.991 Y105.689 E259.77837
G1 X114.587 Y106.329 E259.82189
G1 X115.086 Y107.059 E259.86589
G1 X115.469 Y107.85 E259.90963
G1 X115.731 Y108.706 E259.95418
G1 X115.855 Y109.545 E259.99639
G1 X115.857 Y110.441 E260.04098
G1 X115.724 Y111.327 E260.08556
G1 X115.474 Y112.133 E260.12756
G1 X115.079 Y112.949 E260.17268
G1 X114.592 Y113.662 E260.21565
G1 X113.985 Y114.313 E260.25994
G1 X113.298 Y114.858 E260.30358
G1 X112.543 Y115.295 E260.34699
G1 X111.726 Y115.616 E260.39068
G1 X110.885 Y115.806 E260.43359
G1 X109.983 Y115.873 E260.4786
G0 F9000 X109.784 Y115.858
G0 X109.732 Y116.556
G0 X111.467 Y116.417
;TYPE:FILL
G1 F1297.7 X111.05 Y117.974 E260.5802
G0 F9000 X111.953 Y116.308
G1 F1297.7 X113.069 Y117.424 E260.67969
G0 F9000 X115.155 Y114.05
G0 X116.202 Y112.231
G1 F1297.7 X117.83 Y111.795 E260.78593
G0 F9000 X117.681 Y112.362
G1 F1297.7 X116.482 Y111.163 E260.89282
G0 F9000 X116.498 Y109.514
G0 X116.353 Y108.551
G0 X116.066 Y107.62
G0 X115.724 Y106.909
G0 X114.82 Y105.52
G1 F1297.7 X116.376 Y105.103 E260.99436
G0 F9000 X114.484 Y105.16
G1 F1297.7 X114.897 Y103.615 E261.09517
G0 F9000 X110.931 Y103.508
G0 X108.834 Y103.515
G1 F1297.7 X107.629 Y102.311 E261.20255
G0 F9000 X108.204 Y102.168
G1 F1297.7 X107.765 Y103.808 E261.30957
G0 F9000 X106.329 Y104.615
G0 X105.567 Y105.223
G0 X104.905 Y105.937
G0 X104.46 Y106.589
G0 X103.707 Y108.061
G1 F1297.7 X102.574 Y106.928 E261.41057
G0 F9000 X103.561 Y108.537
G1 F1297.7 X102.032 Y108.946 E261.51035
G0 F9000 X103.915 Y112.439
G0 X104.966 Y114.253
G1 F1297.7 X104.53 Y115.88 E261.61652
G0 F9000 X104.107 Y115.472
G1 F1297.7 X105.757 Y115.03 E261.7242
G0 F9000 X105.52 Y115.328
;MESH:NONMESH
G0 F600 X105.52 Y115.328 Z5.6
G0 F9000 X108.08 Y116.227
G0 X108.619 Y116.35
G0 X110.059 Y116.573
G0 X110.043 Y116.347
;TIME_ELAPSED:264.003981
;LAYER:19
;note -- min layer time used
;TYPE:WALL-INNER
;MESH:guia_rocker.STL
G1 F1297.7 X109.027 Y116.273 E261.78053
G1 X108.131 Y116.07 E261.83133
G1 X107.266 Y115.73 E261.88272
G1 X106.442 Y115.258 E261.93523
G1 X105.677 Y114.654 E261.98913
G1 X105.036 Y113.962 E262.04128
G1 X104.516 Y113.203 E262.09216
G1 X104.073 Y112.286 E262.14847
G1 X103.806 Y111.413 E262.19895
G1 X103.666 Y110.483 E262.25095
G1 X103.664 Y109.554 E262.30232
G1 X103.816 Y108.556 E262.35814
G1 X104.088 Y107.671 E262.40934
G1 X104.494 Y106.83 E262.46098
G1 X105.011 Y106.067 E262.51194
G1 X105.694 Y105.329 E262.56754
G1 X106.423 Y104.748 E262.61909
G1 X107.228 Y104.285 E262.67044
G1 X108.092 Y103.943 E262.72182
G1 X109.07 Y103.716 E262.77734
G1 X110.022 Y103.647 E262.83012
G1 X110.926 Y103.716 E262.88025
G1 X111.825 Y103.919 E262.93121
G1 X112.756 Y104.274 E262.9863
G1 X113.567 Y104.746 E263.03819
G1 X114.319 Y105.342 E263.09125
G1 X114.948 Y106.02 E263.14239
G1 X115.502 Y106.829 E263.1966
G1 X115.908 Y107.67 E263.24824
G1 X116.194 Y108.587 E263.30136
G1 X116.332 Y109.555 E263.35542
G1 X116.331 Y110.483 E263.40674
G1 X116.194 Y111.405 E263.45828
G1 X115.924 Y112.286 E263.50923
G1 X115.481 Y113.203 E263.56554
G1 X114.962 Y113.96 E263.61629
G1 X114.332 Y114.639 E263.66751
G1 X113.602 Y115.224 E263.71924
G1 X112.735 Y115.73 E263.77475
G1 X111.871 Y116.07 E263.82609
G1 X110.969 Y116.273 E263.87721
G1 X110.043 Y116.347 E263.92858
G0 F9000 X110.059 Y116.573
G0 X110 Y118.073
G0 X110 Y118.299
G1 F1297.7 X110.984 Y118.24 E263.98309
G1 X111.939 Y118.066 E264.03676
G1 X112.884 Y117.778 E264.09139
G1 X113.792 Y117.379 E264.14623
G1 X114.628 Y116.886 E264.1999
G1 X115.414 Y116.284 E264.25464
G1 X116.125 Y115.594 E264.30943
G1 X116.741 Y114.831 E264.36365
G1 X117.262 Y114.008 E264.41751
G1 X117.69 Y113.111 E264.47247
G1 X118.003 Y112.19 E264.52625
G1 X118.206 Y111.228 E264.58062
G1 X118.295 Y110.239 E264.63553
G1 X118.266 Y109.26 E264.68968
G1 X118.118 Y108.285 E264.74421
G1 X117.859 Y107.334 E264.79871
G1 X117.491 Y106.435 E264.85243
G1 X117.01 Y105.562 E264.90754
G1 X116.447 Y104.773 E264.96114
G1 X115.783 Y104.047 E265.01554
G1 X115.03 Y103.398 E265.07051
G1 X114.219 Y102.853 E265.12454
G1 X113.349 Y102.407 E265.1786
G1 X112.423 Y102.063 E265.23322
G1 X111.464 Y101.831 E265.28778
G1 X110.476 Y101.716 E265.34278
G1 X109.971 Y101.701 E265.37071
G1 X109.52 Y101.715 E265.39566
G1 X108.532 Y101.831 E265.45067
G1 X107.573 Y102.063 E265.50523
G1 X106.647 Y102.407 E265.55985
G1 X105.777 Y102.853 E265.61391
G1 X104.966 Y103.398 E265.66794
G1 X104.214 Y104.047 E265.72287
G1 X103.553 Y104.774 E265.7772
G1 X102.986 Y105.564 E265.83097
G1 X102.505 Y106.435 E265.88598
G1 X102.133 Y107.346 E265.9404
G1 X101.875 Y108.291 E265.99456
G1 X101.735 Y109.258 E266.04859
G1 X101.705 Y110.239 E266.10286
G1 X101.794 Y111.229 E266.15782
G1 X101.993 Y112.191 E266.21214
G1 X102.306 Y113.111 E266.26588
G1 X102.734 Y114.008 E266.32083
G1 X103.254 Y114.831 E266.37466
G1 X103.874 Y115.594 E266.42903
G1 X104.587 Y116.285 E266.48393
G1 X105.369 Y116.887 E266.5385
G1 X106.204 Y117.379 E266.59209
G1 X107.112 Y117.778 E266.64693
G1 X108.057 Y118.066 E266.70156
G1 X109.012 Y118.239 E266.75522
G1 X110 Y118.299 E266.80995
G0 F9000 X110 Y118.774
;TYPE:WALL-OUTER
G1 F1297.7 X111.041 Y118.712 E266.86185
G1 X112.05 Y118.529 E266.91289
G1 X113.049 Y118.224 E266.96487
G1 X114.009 Y117.803 E267.01703
G1 X114.894 Y117.281 E267.06817
G1 X115.724 Y116.645 E267.1202
G1 X116.477 Y115.915 E267.1724
G1 X117.128 Y115.108 E267.224
G1 X117.678 Y114.238 E267.27522
G1 X118.131 Y113.291 E267.32746
G1 X118.462 Y112.316 E267.3787
G1 X118.677 Y111.298 E267.43048
G1 X118.77 Y110.253 E267.48269
G1 X118.739 Y109.217 E267.53427
G1 X118.583 Y108.187 E267.58611
G1 X118.31 Y107.181 E267.63799
G1 X117.92 Y106.23 E267.68914
G1 X117.413 Y105.309 E267.74146
G1 X116.816 Y104.474 E267.79254
G1 X116.114 Y103.706 E267.84432
G1 X115.319 Y103.02 E267.89658
G1 X114.461 Y102.443 E267.94804
G1 X113.541 Y101.971 E267.99949
G1 X112.562 Y101.608 E268.05146
G1 X111.548 Y101.363 E268.10337
G1 X110.511 Y101.241 E268.15533
G1 X110 Y101.226 E268.18077
G1 X109.485 Y101.241 E268.20641
G1 X108.448 Y101.362 E268.25837
G1 X107.434 Y101.608 E268.3103
G1 X106.455 Y101.971 E268.36226
G1 X105.535 Y102.443 E268.41372
G1 X104.677 Y103.02 E268.46517
G1 X103.882 Y103.706 E268.51743
G1 X103.184 Y104.474 E268.56908
G1 X102.583 Y105.309 E268.62027
G1 X102.076 Y106.23 E268.67259
G1 X101.682 Y107.193 E268.72437
G1 X101.409 Y108.194 E268.77601
G1 X101.261 Y109.216 E268.8274
G1 X101.23 Y110.253 E268.87903
G1 X101.323 Y111.299 E268.93129
G1 X101.534 Y112.316 E268.98298
G1 X101.865 Y113.291 E269.03422
G1 X102.318 Y114.238 E269.08646
G1 X102.868 Y115.108 E269.13768
G1 X103.523 Y115.915 E269.18941
G1 X104.276 Y116.645 E269.2416
G1 X105.103 Y117.281 E269.29352
G1 X105.987 Y117.803 E269.34461
G1 X106.947 Y118.224 E269.39678
G1 X107.946 Y118.528 E269.44874
G1 X108.955 Y118.712 E269.49979
G1 X110 Y118.774 E269.55188
G0 F9000 X110.199 Y118.763
G1 F1500 E263.55188
G0 F9000 X110.159 Y118.064
G0 X109.931 Y116.571
G0 X109.983 Y115.873
G1 F1500 E269.55188
G1 F1297.7 X109.102 Y115.804 E269.59586
G1 X108.27 Y115.616 E269.63831
G1 X107.457 Y115.295 E269.68181
G1 X106.679 Y114.845 E269.72653
G1 X105.995 Y114.298 E269.77012
G1 X105.405 Y113.662 E269.81329
G1 X104.917 Y112.949 E269.85629
G1 X104.53 Y112.152 E269.90038
G1 X104.269 Y111.294 E269.94501
G1 X104.139 Y110.441 E269.98795
G1 X104.141 Y109.541 E270.03274
G1 X104.274 Y108.68 E270.0761
G1 X104.527 Y107.85 E270.11928
G1 X104.91 Y107.059 E270.16302
G1 X105.397 Y106.344 E270.20607
G1 X106.011 Y105.684 E270.25093
G1 X106.694 Y105.141 E270.29435
G1 X107.445 Y104.707 E270.33752
G1 X108.271 Y104.384 E270.38166
G1 X109.135 Y104.187 E270.42576
G1 X110.007 Y104.122 E270.46927
G1 X110.871 Y104.188 E270.51239
G1 X111.739 Y104.388 E270.55672
G1 X112.555 Y104.707 E270.60032
G1 X113.302 Y105.141 E270.64332
G1 X113.991 Y105.689 E270.68713
G1 X114.587 Y106.329 E270.73065
G1 X115.086 Y107.059 E270.77466
G1 X115.469 Y107.85 E270.81839
G1 X115.731 Y108.706 E270.86294
G1 X115.855 Y109.545 E270.90515
G1 X115.857 Y110.441 E270.94974
G1 X115.724 Y111.327 E270.99433
G1 X115.474 Y112.133 E271.03632
G1 X115.079 Y112.949 E271.08144
G1 X114.592 Y113.662 E271.12441
G1 X113.985 Y114.313 E271.1687
G1 X113.298 Y114.858 E271.21234
G1 X112.543 Y115.295 E271.25576
G1 X111.726 Y115.616 E271.29944
G1 X110.885 Y115.806 E271.34235
G1 X109.983 Y115.873 E271.38736
G0 F9000 X109.784 Y115.858
G0 X109.732 Y116.556
G0 X111.249 Y116.466
;TYPE:FILL
G1 F1297.7 X110.838 Y117.999 E271.48741
G0 F9000 X112.153 Y116.228
G1 F1297.7 X113.264 Y117.338 E271.5864
G0 F9000 X116.116 Y112.459
G1 F1297.7 X117.784 Y112.012 E271.69526
G1 X117.752 Y112.153
G1 X116.518 Y110.92 E271.80522
G0 F9000 X116.498 Y109.514
G0 X116.353 Y108.551
G0 X116.066 Y107.62
G0 X115.827 Y107.122
G0 X114.975 Y105.683
G1 F1297.7 X116.499 Y105.275 E271.90467
G0 F9000 X114.316 Y105.022
G1 F1297.7 X114.725 Y103.494 E272.00438
G0 F9000 X109.064 Y103.465
G1 F1297.7 X107.852 Y102.253 E272.11243
G1 X107.985 Y102.221
G1 X107.536 Y103.897 E272.2218
G0 F9000 X106.329 Y104.615
G0 X105.567 Y105.223
G0 X104.905 Y105.937
G0 X104.593 Y106.393
G0 X103.773 Y107.847
G1 F1297.7 X102.656 Y106.73 E272.32138
G0 F9000 X103.528 Y108.75
G1 F1297.7 X102.001 Y109.16 E272.42105
G0 F9000 X104.809 Y114.072
G1 F1297.7 X104.367 Y115.723 E272.52878
G1 X104.272 Y115.633
G1 X105.95 Y115.183 E272.6383
G0 F9000 X105.712 Y115.481
;MESH:NONMESH
G0 F600 X105.712 Y115.481 Z5.88
G0 F9000 X108.08 Y116.227
G0 X108.619 Y116.35
G0 X110.059 Y116.573
G0 X110.043 Y116.347
;TIME_ELAPSED:276.098140
;LAYER:20
;note -- min layer time used
;TYPE:WALL-INNER
;MESH:guia_rocker.STL
G1 F1295.2 X109.027 Y116.273 E272.69462
G1 X108.131 Y116.07 E272.74542
G1 X107.266 Y115.73 E272.79682
G1 X106.442 Y115.258 E272.84933
G1 X105.677 Y114.654 E272.90322
G1 X105.036 Y113.962 E272.95538
G1 X104.516 Y113.203 E273.00625
G1 X104.073 Y112.286 E273.06257
G1 X103.806 Y111.413 E273.11304
G1 X103.666 Y110.483 E273.16505
G1 X103.664 Y109.554 E273.21642
G1 X103.816 Y108.556 E273.27224
G1 X104.088 Y107.671 E273.32343
G1 X104.494 Y106.83 E273.37507
G1 X105.011 Y106.067 E273.42604
G1 X105.694 Y105.329 E273.48164
G1 X106.423 Y104.748 E273.53318
G1 X107.228 Y104.285 E273.58453
G1 X108.092 Y103.943 E273.63591
G1 X109.07 Y103.716 E273.69143
G1 X110.022 Y103.647 E273.74421
G1 X110.926 Y103.716 E273.79434
G1 X111.825 Y103.919 E273.8453
G1 X112.756 Y104.274 E273.9004
G1 X113.567 Y104.746 E273.95228
G1 X114.319 Y105.342 E274.00534
G1 X114.948 Y106.02 E274.05648
G1 X115.502 Y106.829 E274.1107
G1 X115.908 Y107.67 E274.16234
G1 X116.194 Y108.587 E274.21545
G1 X116.332 Y109.555 E274.26952
G1 X116.331 Y110.483 E274.32083
G1 X116.194 Y111.405 E274.37237
G1 X115.924 Y112.286 E274.42333
G1 X115.481 Y113.203 E274.47964
G1 X114.962 Y113.96 E274.53039
G1 X114.332 Y114.639 E274.58161
G1 X113.602 Y115.224 E274.63333
G1 X112.735 Y115.73 E274.68884
G1 X111.871 Y116.07 E274.74018
G1 X110.969 Y116.273 E274.79131
G1 X110.043 Y116.347 E274.84267
G0 F9000 X110.059 Y116.573
G0 X110 Y118.073
G0 X110 Y118.299
G1 F1295.2 X110.984 Y118.24 E274.89718
G1 X111.939 Y118.066 E274.95086
G1 X112.884 Y117.778 E275.00548
G1 X113.792 Y117.379 E275.06032
G1 X114.628 Y116.886 E275.11399
G1 X115.414 Y116.284 E275.16873
G1 X116.125 Y115.594 E275.22352
G1 X116.741 Y114.831 E275.27774
G1 X117.262 Y114.008 E275.3316
G1 X117.69 Y113.111 E275.38656
G1 X118.003 Y112.19 E275.44035
G1 X118.206 Y111.228 E275.49471
G1 X118.295 Y110.239 E275.54962
G1 X118.266 Y109.26 E275.60378
G1 X118.118 Y108.285 E275.65831
G1 X117.859 Y107.334 E275.71281
G1 X117.491 Y106.435 E275.76652
G1 X117.01 Y105.562 E275.82164
G1 X116.447 Y104.773 E275.87523
G1 X115.783 Y104.047 E275.92963
G1 X115.03 Y103.398 E275.9846
G1 X114.219 Y102.853 E276.03863
G1 X113.349 Y102.407 E276.09269
G1 X112.423 Y102.063 E276.14731
G1 X111.464 Y101.831 E276.20187
G1 X110.476 Y101.716 E276.25687
G1 X109.971 Y101.701 E276.28481
G1 X109.52 Y101.715 E276.30976
G1 X108.532 Y101.831 E276.36476
G1 X107.573 Y102.063 E276.41932
G1 X106.647 Y102.407 E276.47394
G1 X105.777 Y102.853 E276.528
G1 X104.966 Y103.398 E276.58203
G1 X104.214 Y104.047 E276.63696
G1 X103.553 Y104.774 E276.69129
G1 X102.986 Y105.564 E276.74506
G1 X102.505 Y106.435 E276.80008
G1 X102.133 Y107.346 E276.85449
G1 X101.875 Y108.291 E276.90866
G1 X101.735 Y109.258 E276.96268
G1 X101.705 Y110.239 E277.01695
G1 X101.794 Y111.229 E277.07192
G1 X101.993 Y112.191 E277.12624
G1 X102.306 Y113.111 E277.17997
G1 X102.734 Y114.008 E277.23493
G1 X103.254 Y114.831 E277.28876
G1 X103.874 Y115.594 E277.34312
G1 X104.587 Y116.285 E277.39802
G1 X105.369 Y116.887 E277.45259
G1 X106.204 Y117.379 E277.50618
G1 X107.112 Y117.778 E277.56102
G1 X108.057 Y118.066 E277.61565
G1 X109.012 Y118.239 E277.66932
G1 X110 Y118.299 E277.72405
G0 F9000 X110 Y118.774
;TYPE:WALL-OUTER
G1 F1295.2 X111.041 Y118.712 E277.77595
G1 X112.05 Y118.529 E277.82698
G1 X113.049 Y118.224 E277.87896
G1 X114.009 Y117.803 E277.93113
G1 X114.894 Y117.281 E277.98226
G1 X115.724 Y116.645 E278.0343
G1 X116.477 Y115.915 E278.08649
G1 X117.128 Y115.108 E278.13809
G1 X117.678 Y114.238 E278.18931
G1 X118.131 Y113.291 E278.24155
G1 X118.462 Y112.316 E278.2928
G1 X118.677 Y111.298 E278.34457
G1 X118.77 Y110.253 E278.39678
G1 X118.739 Y109.217 E278.44836
G1 X118.583 Y108.187 E278.50021
G1 X118.31 Y107.181 E278.55208
G1 X117.92 Y106.23 E278.60323
G1 X117.413 Y105.309 E278.65555
G1 X116.816 Y104.474 E278.70664
G1 X116.114 Y103.706 E278.75842
G1 X115.319 Y103.02 E278.81067
G1 X114.461 Y102.443 E278.86213
G1 X113.541 Y101.971 E278.91359
G1 X112.562 Y101.608 E278.96555
G1 X111.548 Y101.363 E279.01746
G1 X110.511 Y101.241 E279.06943
G1 X110 Y101.226 E279.09487
G1 X109.485 Y101.241 E279.12051
G1 X108.448 Y101.362 E279.17247
G1 X107.434 Y101.608 E279.22439
G1 X106.455 Y101.971 E279.27635
G1 X105.535 Y102.443 E279.32781
G1 X104.677 Y103.02 E279.37927
G1 X103.882 Y103.706 E279.43152
G1 X103.184 Y104.474 E279.48317
G1 X102.583 Y105.309 E279.53437
G1 X102.076 Y106.23 E279.58669
G1 X101.682 Y107.193 E279.63847
G1 X101.409 Y108.194 E279.6901
G1 X101.261 Y109.216 E279.74149
G1 X101.23 Y110.253 E279.79312
G1 X101.323 Y111.299 E279.84538
G1 X101.534 Y112.316 E279.89707
G1 X101.865 Y113.291 E279.94831
G1 X102.318 Y114.238 E280.00056
G1 X102.868 Y115.108 E280.05178
G1 X103.523 Y115.915 E280.1035
G1 X104.276 Y116.645 E280.1557
G1 X105.103 Y117.281 E280.20761
G1 X105.987 Y117.803 E280.2587
G1 X106.947 Y118.224 E280.31087
G1 X107.946 Y118.528 E280.36284
G1 X108.955 Y118.712 E280.41388
G1 X110 Y118.774 E280.46598
G0 F9000 X110.199 Y118.763
G1 F1500 E274.46598
G0 F9000 X110.159 Y118.064
G0 X109.931 Y116.571
G0 X109.983 Y115.873
G1 F1500 E280.46598
G1 F1295.2 X109.102 Y115.804 E280.50995
G1 X108.27 Y115.616 E280.5524
G1 X107.457 Y115.295 E280.5959
G1 X106.679 Y114.845 E280.64063
G1 X105.995 Y114.298 E280.68421
G1 X105.405 Y113.662 E280.72739
G1 X104.917 Y112.949 E280.77039
G1 X104.53 Y112.152 E280.81448
G1 X104.269 Y111.294 E280.85911
G1 X104.139 Y110.441 E280.90205
G1 X104.141 Y109.541 E280.94684
G1 X104.274 Y108.68 E280.99019
G1 X104.527 Y107.85 E281.03337
G1 X104.91 Y107.059 E281.07711
G1 X105.397 Y106.344 E281.12016
G1 X106.011 Y105.684 E281.16502
G1 X106.694 Y105.141 E281.20845
G1 X107.445 Y104.707 E281.25161
G1 X108.271 Y104.384 E281.29575
G1 X109.135 Y104.187 E281.33985
G1 X110.007 Y104.122 E281.38337
G1 X110.871 Y104.188 E281.42649
G1 X111.739 Y104.388 E281.47082
G1 X112.555 Y104.707 E281.51442
G1 X113.302 Y105.141 E281.55741
G1 X113.991 Y105.689 E281.60122
G1 X114.587 Y106.329 E281.64475
G1 X115.086 Y107.059 E281.68875
G1 X115.469 Y107.85 E281.73249
G1 X115.731 Y108.706 E281.77704
G1 X115.855 Y109.545 E281.81924
G1 X115.857 Y110.441 E281.86383
G1 X115.724 Y111.327 E281.90842
G1 X115.474 Y112.133 E281.95042
G1 X115.079 Y112.949 E281.99553
G1 X114.592 Y113.662 E282.0385
G1 X113.985 Y114.313 E282.0828
G1 X113.298 Y114.858 E282.12644
G1 X112.543 Y115.295 E282.16985
G1 X111.726 Y115.616 E282.21353
G1 X110.885 Y115.806 E282.25644
G1 X109.983 Y115.873 E282.30145
G0 F9000 X109.784 Y115.858
G0 X109.732 Y116.556
G0 X111.031 Y116.515
;TYPE:FILL
G1 F1295.2 X110.63 Y118.011 E282.39909
G0 F9000 X112.354 Y116.149
G1 F1295.2 X113.458 Y117.252 E282.49746
G0 F9000 X116.002 Y112.694
G1 F1295.2 X117.723 Y112.233 E282.60977
G0 F9000 X117.803 Y111.924
G1 F1295.2 X116.555 Y110.676 E282.72102
G0 F9000 X116.498 Y109.514
G0 X116.353 Y108.551
G0 X116.066 Y107.62
G0 X115.128 Y105.847
G1 F1295.2 X116.622 Y105.447 E282.81852
G0 F9000 X114.147 Y104.887
G1 F1295.2 X114.551 Y103.378 E282.91699
G0 F9000 X109.326 Y103.447
G1 F1295.2 X108.078 Y102.199 E283.02824
G0 F9000 X107.766 Y102.274
G1 F1295.2 X107.306 Y103.988 E283.14011
G0 F9000 X106.329 Y104.615
G0 X105.567 Y105.223
G0 X104.905 Y105.937
G0 X103.839 Y107.634
G1 F1295.2 X102.737 Y106.531 E283.2384
G0 F9000 X103.496 Y108.964
G1 F1295.2 X101.982 Y109.37 E283.33721
G0 F9000 X104.662 Y113.857
G1 F1295.2 X104.204 Y115.566 E283.44874
G0 F9000 X104.438 Y115.793
G1 F1295.2 X106.143 Y115.336 E283.56001
G0 F9000 X105.905 Y115.635
;MESH:NONMESH
G0 F600 X105.905 Y115.635 Z6.16
G0 F9000 X108.717 Y116.363
G0 X110.059 Y116.573
G0 X110.043 Y116.347
;TIME_ELAPSED:288.268469
;LAYER:21
;note -- min layer time used
;TYPE:WALL-INNER
;MESH:guia_rocker.STL
G1 F1296 X109.027 Y116.273 E283.61633
G1 X108.131 Y116.07 E283.66713
G1 X107.266 Y115.73 E283.71853
G1 X106.442 Y115.258 E283.77104
G1 X105.677 Y114.654 E283.82493
G1 X105.036 Y113.962 E283.87709
G1 X104.516 Y113.203 E283.92796
G1 X104.073 Y112.286 E283.98428
G1 X103.806 Y111.413 E284.03476
G1 X103.666 Y110.483 E284.08676
G1 X103.664 Y109.554 E284.13813
G1 X103.816 Y108.556 E284.19395
G1 X104.088 Y107.671 E284.24514
G1 X104.494 Y106.83 E284.29678
G1 X105.011 Y106.067 E284.34775
G1 X105.694 Y105.329 E284.40335
G1 X106.423 Y104.748 E284.45489
G1 X107.228 Y104.285 E284.50624
G1 X108.092 Y103.943 E284.55763
G1 X109.07 Y103.716 E284.61314
G1 X110.022 Y103.647 E284.66592
G1 X110.926 Y103.716 E284.71605
G1 X111.825 Y103.919 E284.76701
G1 X112.756 Y104.274 E284.82211
G1 X113.567 Y104.746 E284.874
G1 X114.319 Y105.342 E284.92705
G1 X114.948 Y106.02 E284.97819
G1 X115.502 Y106.829 E285.03241
G1 X115.908 Y107.67 E285.08405
G1 X116.194 Y108.587 E285.13716
G1 X116.332 Y109.555 E285.19123
G1 X116.331 Y110.483 E285.24254
G1 X116.194 Y111.405 E285.29408
G1 X115.924 Y112.286 E285.34504
G1 X115.481 Y113.203 E285.40135
G1 X114.962 Y113.96 E285.4521
G1 X114.332 Y114.639 E285.50332
G1 X113.602 Y115.224 E285.55504
G1 X112.735 Y115.73 E285.61055
G1 X111.871 Y116.07 E285.66189
G1 X110.969 Y116.273 E285.71302
G1 X110.043 Y116.347 E285.76438
G0 F9000 X110.059 Y116.573
G0 X110 Y118.073
G0 X110 Y118.299
G1 F1296 X110.984 Y118.24 E285.81889
G1 X111.939 Y118.066 E285.87257
G1 X112.884 Y117.778 E285.92719
G1 X113.792 Y117.379 E285.98203
G1 X114.628 Y116.886 E286.0357
G1 X115.414 Y116.284 E286.09045
G1 X116.125 Y115.594 E286.14523
G1 X116.741 Y114.831 E286.19945
G1 X117.262 Y114.008 E286.25331
G1 X117.69 Y113.111 E286.30827
G1 X118.003 Y112.19 E286.36206
G1 X118.206 Y111.228 E286.41642
G1 X118.295 Y110.239 E286.47133
G1 X118.266 Y109.26 E286.52549
G1 X118.118 Y108.285 E286.58002
G1 X117.859 Y107.334 E286.63452
G1 X117.491 Y106.435 E286.68823
G1 X117.01 Y105.562 E286.74335
G1 X116.447 Y104.773 E286.79694
G1 X115.783 Y104.047 E286.85135
G1 X115.03 Y103.398 E286.90631
G1 X114.219 Y102.853 E286.96034
G1 X113.349 Y102.407 E287.0144
G1 X112.423 Y102.063 E287.06902
G1 X111.464 Y101.831 E287.12358
G1 X110.476 Y101.716 E287.17858
G1 X109.971 Y101.701 E287.20652
G1 X109.52 Y101.715 E287.23147
G1 X108.532 Y101.831 E287.28648
G1 X107.573 Y102.063 E287.34103
G1 X106.647 Y102.407 E287.39566
G1 X105.777 Y102.853 E287.44971
G1 X104.966 Y103.398 E287.50374
G1 X104.214 Y104.047 E287.55867
G1 X103.553 Y104.774 E287.613
G1 X102.986 Y105.564 E287.66677
G1 X102.505 Y106.435 E287.72179
G1 X102.133 Y107.346 E287.7762
G1 X101.875 Y108.291 E287.83037
G1 X101.735 Y109.258 E287.88439
G1 X101.705 Y110.239 E287.93866
G1 X101.794 Y111.229 E287.99363
G1 X101.993 Y112.191 E288.04795
G1 X102.306 Y113.111 E288.10168
G1 X102.734 Y114.008 E288.15664
G1 X103.254 Y114.831 E288.21047
G1 X103.874 Y115.594 E288.26483
G1 X104.587 Y116.285 E288.31973
G1 X105.369 Y116.887 E288.3743
G1 X106.204 Y117.379 E288.42789
G1 X107.112 Y117.778 E288.48274
G1 X108.057 Y118.066 E288.53736
G1 X109.012 Y118.239 E288.59103
G1 X110 Y118.299 E288.64576
G0 F9000 X110 Y118.774
;TYPE:WALL-OUTER
G1 F1296 X111.041 Y118.712 E288.69766
G1 X112.05 Y118.529 E288.74869
G1 X113.049 Y118.224 E288.80067
G1 X114.009 Y117.803 E288.85284
G1 X114.894 Y117.281 E288.90397
G1 X115.724 Y116.645 E288.95601
G1 X116.477 Y115.915 E289.0082
G1 X117.128 Y115.108 E289.0598
G1 X117.678 Y114.238 E289.11102
G1 X118.131 Y113.291 E289.16326
G1 X118.462 Y112.316 E289.21451
G1 X118.677 Y111.298 E289.26628
G1 X118.77 Y110.253 E289.3185
G1 X118.739 Y109.217 E289.37008
G1 X118.583 Y108.187 E289.42192
G1 X118.31 Y107.181 E289.47379
G1 X117.92 Y106.23 E289.52495
G1 X117.413 Y105.309 E289.57726
G1 X116.816 Y104.474 E289.62835
G1 X116.114 Y103.706 E289.68013
G1 X115.319 Y103.02 E289.73238
G1 X114.461 Y102.443 E289.78384
G1 X113.541 Y101.971 E289.8353
G1 X112.562 Y101.608 E289.88726
G1 X111.548 Y101.363 E289.93917
G1 X110.511 Y101.241 E289.99114
G1 X110 Y101.226 E290.01658
G1 X109.485 Y101.241 E290.04222
G1 X108.448 Y101.362 E290.09418
G1 X107.434 Y101.608 E290.1461
G1 X106.455 Y101.971 E290.19806
G1 X105.535 Y102.443 E290.24952
G1 X104.677 Y103.02 E290.30098
G1 X103.882 Y103.706 E290.35323
G1 X103.184 Y104.474 E290.40488
G1 X102.583 Y105.309 E290.45608
G1 X102.076 Y106.23 E290.5084
G1 X101.682 Y107.193 E290.56018
G1 X101.409 Y108.194 E290.61181
G1 X101.261 Y109.216 E290.6632
G1 X101.23 Y110.253 E290.71483
G1 X101.323 Y111.299 E290.76709
G1 X101.534 Y112.316 E290.81878
G1 X101.865 Y113.291 E290.87003
G1 X102.318 Y114.238 E290.92227
G1 X102.868 Y115.108 E290.97349
G1 X103.523 Y115.915 E291.02521
G1 X104.276 Y116.645 E291.07741
G1 X105.103 Y117.281 E291.12933
G1 X105.987 Y117.803 E291.18042
G1 X106.947 Y118.224 E291.23258
G1 X107.946 Y118.528 E291.28455
G1 X108.955 Y118.712 E291.33559
G1 X110 Y118.774 E291.38769
G0 F9000 X110.199 Y118.763
G1 F1500 E285.38769
G0 F9000 X110.159 Y118.064
G0 X109.931 Y116.571
G0 X109.983 Y115.873
G1 F1500 E291.38769
G1 F1296 X109.102 Y115.804 E291.43166
G1 X108.27 Y115.616 E291.47411
G1 X107.457 Y115.295 E291.51761
G1 X106.679 Y114.845 E291.56234
G1 X105.995 Y114.298 E291.60593
G1 X105.405 Y113.662 E291.6491
G1 X104.917 Y112.949 E291.6921
G1 X104.53 Y112.152 E291.73619
G1 X104.269 Y111.294 E291.78082
G1 X104.139 Y110.441 E291.82376
G1 X104.141 Y109.541 E291.86855
G1 X104.274 Y108.68 E291.9119
G1 X104.527 Y107.85 E291.95509
G1 X104.91 Y107.059 E291.99882
G1 X105.397 Y106.344 E292.04187
G1 X106.011 Y105.684 E292.08673
G1 X106.694 Y105.141 E292.13016
G1 X107.445 Y104.707 E292.17332
G1 X108.271 Y104.384 E292.21746
G1 X109.135 Y104.187 E292.26156
G1 X110.007 Y104.122 E292.30508
G1 X110.871 Y104.188 E292.3482
G1 X111.739 Y104.388 E292.39253
G1 X112.555 Y104.707 E292.43613
G1 X113.302 Y105.141 E292.47912
G1 X113.991 Y105.689 E292.52293
G1 X114.587 Y106.329 E292.56646
G1 X115.086 Y107.059 E292.61046
G1 X115.469 Y107.85 E292.6542
G1 X115.731 Y108.706 E292.69875
G1 X115.855 Y109.545 E292.74095
G1 X115.857 Y110.441 E292.78554
G1 X115.724 Y111.327 E292.83013
G1 X115.474 Y112.133 E292.87213
G1 X115.079 Y112.949 E292.91724
G1 X114.592 Y113.662 E292.96021
G1 X113.985 Y114.313 E293.00451
G1 X113.298 Y114.858 E293.04815
G1 X112.543 Y115.295 E293.09156
G1 X111.726 Y115.616 E293.13525
G1 X110.885 Y115.806 E293.17815
G1 X109.983 Y115.873 E293.22317
G0 F9000 X109.784 Y115.858
G0 X109.732 Y116.556
G0 X110.821 Y116.534
;TYPE:FILL
G1 F1296 X110.422 Y118.024 E293.3204
G0 F9000 X112.555 Y116.069
G1 F1296 X113.653 Y117.167 E293.41828
G0 F9000 X115.889 Y112.93
G1 F1296 X117.647 Y112.459 E293.53301
G0 F9000 X117.853 Y111.694
G1 F1296 X116.581 Y110.423 E293.64636
G0 F9000 X116.353 Y108.551
G0 X116.121 Y107.797
G0 X115.254 Y106.019
G1 F1296 X116.744 Y105.619 E293.74361
G0 F9000 X113.977 Y104.754
G1 F1296 X114.377 Y103.262 E293.84098
G0 F9000 X109.587 Y103.428
G1 F1296 X108.303 Y102.144 E293.95544
G0 F9000 X107.543 Y102.341
G1 F1296 X107.075 Y104.085 E294.06927
G0 F9000 X105.567 Y105.223
G0 X105.031 Y105.802
G0 X103.923 Y107.438
G1 F1296 X102.837 Y106.351 E294.16613
G0 F9000 X103.463 Y109.178
G1 F1296 X101.975 Y109.577 E294.26324
G0 F9000 X104.514 Y113.643
G1 F1296 X104.042 Y115.405 E294.37822
G0 F9000 X104.604 Y115.953
G1 F1296 X106.343 Y115.488 E294.49169
G0 F9000 X106.154 Y115.815
;MESH:NONMESH
G0 F600 X106.154 Y115.815 Z6.44
G0 F9000 X108.483 Y116.324
G0 X110.059 Y116.573
G0 X110.043 Y116.347
;TIME_ELAPSED:300.471040
;LAYER:22
;note -- min layer time used
;TYPE:WALL-INNER
;MESH:guia_rocker.STL
G1 F1297.2 X109.027 Y116.273 E294.54802
G1 X108.131 Y116.07 E294.59882
G1 X107.266 Y115.73 E294.65022
G1 X106.442 Y115.258 E294.70272
G1 X105.677 Y114.654 E294.75662
G1 X105.036 Y113.962 E294.80878
G1 X104.516 Y113.203 E294.85965
G1 X104.073 Y112.286 E294.91596
G1 X103.806 Y111.413 E294.96644
G1 X103.666 Y110.483 E295.01845
G1 X103.664 Y109.554 E295.06982
G1 X103.816 Y108.556 E295.12564
G1 X104.088 Y107.671 E295.17683
G1 X104.494 Y106.83 E295.22847
G1 X105.011 Y106.067 E295.27943
G1 X105.694 Y105.329 E295.33504
G1 X106.423 Y104.748 E295.38658
G1 X107.228 Y104.285 E295.43793
G1 X108.092 Y103.943 E295.48931
G1 X109.07 Y103.716 E295.54483
G1 X110.022 Y103.647 E295.59761
G1 X110.926 Y103.716 E295.64774
G1 X111.825 Y103.919 E295.6987
G1 X112.756 Y104.274 E295.7538
G1 X113.567 Y104.746 E295.80568
G1 X114.319 Y105.342 E295.85874
G1 X114.948 Y106.02 E295.90988
G1 X115.502 Y106.829 E295.9641
G1 X115.908 Y107.67 E296.01574
G1 X116.194 Y108.587 E296.06885
G1 X116.332 Y109.555 E296.12292
G1 X116.331 Y110.483 E296.17423
G1 X116.194 Y111.405 E296.22577
G1 X115.924 Y112.286 E296.27672
G1 X115.481 Y113.203 E296.33304
G1 X114.962 Y113.96 E296.38379
G1 X114.332 Y114.639 E296.435
G1 X113.602 Y115.224 E296.48673
G1 X112.735 Y115.73 E296.54224
G1 X111.871 Y116.07 E296.59358
G1 X110.969 Y116.273 E296.64471
G1 X110.043 Y116.347 E296.69607
G0 F9000 X110.059 Y116.573
G0 X110 Y118.073
G0 X110 Y118.299
G1 F1297.2 X110.984 Y118.24 E296.75058
G1 X111.939 Y118.066 E296.80426
G1 X112.884 Y117.778 E296.85888
G1 X113.792 Y117.379 E296.91372
G1 X114.628 Y116.886 E296.96739
G1 X115.414 Y116.284 E297.02213
G1 X116.125 Y115.594 E297.07692
G1 X116.741 Y114.831 E297.13114
G1 X117.262 Y114.008 E297.185
G1 X117.69 Y113.111 E297.23996
G1 X118.003 Y112.19 E297.29375
G1 X118.206 Y111.228 E297.34811
G1 X118.295 Y110.239 E297.40302
G1 X118.266 Y109.26 E297.45718
G1 X118.118 Y108.285 E297.51171
G1 X117.859 Y107.334 E297.56621
G1 X117.491 Y106.435 E297.61992
G1 X117.01 Y105.562 E297.67504
G1 X116.447 Y104.773 E297.72863
G1 X115.783 Y104.047 E297.78303
G1 X115.03 Y103.398 E297.838
G1 X114.219 Y102.853 E297.89203
G1 X113.349 Y102.407 E297.94609
G1 X112.423 Y102.063 E298.00071
G1 X111.464 Y101.831 E298.05527
G1 X110.476 Y101.716 E298.11027
G1 X109.971 Y101.701 E298.13821
G1 X109.52 Y101.715 E298.16316
G1 X108.532 Y101.831 E298.21816
G1 X107.573 Y102.063 E298.27272
G1 X106.647 Y102.407 E298.32734
G1 X105.777 Y102.853 E298.3814
G1 X104.966 Y103.398 E298.43543
G1 X104.214 Y104.047 E298.49036
G1 X103.553 Y104.774 E298.54469
G1 X102.986 Y105.564 E298.59846
G1 X102.505 Y106.435 E298.65348
G1 X102.133 Y107.346 E298.70789
G1 X101.875 Y108.291 E298.76206
G1 X101.735 Y109.258 E298.81608
G1 X101.705 Y110.239 E298.87035
G1 X101.794 Y111.229 E298.92532
G1 X101.993 Y112.191 E298.97964
G1 X102.306 Y113.111 E299.03337
G1 X102.734 Y114.008 E299.08833
G1 X103.254 Y114.831 E299.14216
G1 X103.874 Y115.594 E299.19652
G1 X104.587 Y116.285 E299.25142
G1 X105.369 Y116.887 E299.30599
G1 X106.204 Y117.379 E299.35958
G1 X107.112 Y117.778 E299.41442
G1 X108.057 Y118.066 E299.46905
G1 X109.012 Y118.239 E299.52272
G1 X110 Y118.299 E299.57745
G0 F9000 X110 Y118.774
;TYPE:WALL-OUTER
G1 F1297.2 X111.041 Y118.712 E299.62935
G1 X112.05 Y118.529 E299.68038
G1 X113.049 Y118.224 E299.73236
G1 X114.009 Y117.803 E299.78453
G1 X114.894 Y117.281 E299.83566
G1 X115.724 Y116.645 E299.8877
G1 X116.477 Y115.915 E299.93989
G1 X117.128 Y115.108 E299.99149
G1 X117.678 Y114.238 E300.04271
G1 X118.131 Y113.291 E300.09495
G1 X118.462 Y112.316 E300.14619
G1 X118.677 Y111.298 E300.19797
G1 X118.77 Y110.253 E300.25018
G1 X118.739 Y109.217 E300.30176
G1 X118.583 Y108.187 E300.35361
G1 X118.31 Y107.181 E300.40548
G1 X117.92 Y106.23 E300.45663
G1 X117.413 Y105.309 E300.50895
G1 X116.816 Y104.474 E300.56004
G1 X116.114 Y103.706 E300.61182
G1 X115.319 Y103.02 E300.66407
G1 X114.461 Y102.443 E300.71553
G1 X113.541 Y101.971 E300.76699
G1 X112.562 Y101.608 E300.81895
G1 X111.548 Y101.363 E300.87086
G1 X110.511 Y101.241 E300.92283
G1 X110 Y101.226 E300.94827
G1 X109.485 Y101.241 E300.97391
G1 X108.448 Y101.362 E301.02586
G1 X107.434 Y101.608 E301.07779
G1 X106.455 Y101.971 E301.12975
G1 X105.535 Y102.443 E301.18121
G1 X104.677 Y103.02 E301.23267
G1 X103.882 Y103.706 E301.28492
G1 X103.184 Y104.474 E301.33657
G1 X102.583 Y105.309 E301.38777
G1 X102.076 Y106.23 E301.44009
G1 X101.682 Y107.193 E301.49187
G1 X101.409 Y108.194 E301.5435
G1 X101.261 Y109.216 E301.59489
G1 X101.23 Y110.253 E301.64652
G1 X101.323 Y111.299 E301.69878
G1 X101.534 Y112.316 E301.75047
G1 X101.865 Y113.291 E301.80171
G1 X102.318 Y114.238 E301.85396
G1 X102.868 Y115.108 E301.90518
G1 X103.523 Y115.915 E301.9569
G1 X104.276 Y116.645 E302.00909
G1 X105.103 Y117.281 E302.06101
G1 X105.987 Y117.803 E302.1121
G1 X106.947 Y118.224 E302.16427
G1 X107.946 Y118.528 E302.21624
G1 X108.955 Y118.712 E302.26728
G1 X110 Y118.774 E302.31938
G0 F9000 X110.199 Y118.763
G1 F1500 E296.31938
G0 F9000 X110.159 Y118.064
G0 X109.931 Y116.571
G0 X109.983 Y115.873
G1 F1500 E302.31938
G1 F1297.2 X109.102 Y115.804 E302.36335
G1 X108.27 Y115.616 E302.4058
G1 X107.457 Y115.295 E302.4493
G1 X106.679 Y114.845 E302.49403
G1 X105.995 Y114.298 E302.53761
G1 X105.405 Y113.662 E302.58079
G1 X104.917 Y112.949 E302.62378
G1 X104.53 Y112.152 E302.66788
G1 X104.269 Y111.294 E302.71251
G1 X104.139 Y110.441 E302.75545
G1 X104.141 Y109.541 E302.80024
G1 X104.274 Y108.68 E302.84359
G1 X104.527 Y107.85 E302.88677
G1 X104.91 Y107.059 E302.93051
G1 X105.397 Y106.344 E302.97356
G1 X106.011 Y105.684 E303.01842
G1 X106.694 Y105.141 E303.06185
G1 X107.445 Y104.707 E303.10501
G1 X108.271 Y104.384 E303.14915
G1 X109.135 Y104.187 E303.19325
G1 X110.007 Y104.122 E303.23677
G1 X110.871 Y104.188 E303.27989
G1 X111.739 Y104.388 E303.32422
G1 X112.555 Y104.707 E303.36782
G1 X113.302 Y105.141 E303.41081
G1 X113.991 Y105.689 E303.45462
G1 X114.587 Y106.329 E303.49814
G1 X115.086 Y107.059 E303.54215
G1 X115.469 Y107.85 E303.58589
G1 X115.731 Y108.706 E303.63044
G1 X115.855 Y109.545 E303.67264
G1 X115.857 Y110.441 E303.71723
G1 X115.724 Y111.327 E303.76182
G1 X115.474 Y112.133 E303.80382
G1 X115.079 Y112.949 E303.84893
G1 X114.592 Y113.662 E303.8919
G1 X113.985 Y114.313 E303.9362
G1 X113.298 Y114.858 E303.97984
G1 X112.543 Y115.295 E304.02325
G1 X111.726 Y115.616 E304.06693
G1 X110.885 Y115.806 E304.10984
G1 X109.983 Y115.873 E304.15485
G0 F9000 X109.784 Y115.858
G0 X109.732 Y116.556
G0 X110.611 Y116.552
;TYPE:FILL
G1 F1297.2 X110.213 Y118.036 E304.25171
G0 F9000 X112.756 Y115.99
G1 F1297.2 X113.831 Y117.065 E304.34754
G0 F9000 X115.775 Y113.165
G1 F1297.2 X117.57 Y112.684 E304.46468
G0 F9000 X117.902 Y111.463
G1 F1297.2 X116.581 Y110.142 E304.58244
G0 F9000 X116.353 Y108.551
G0 X116.121 Y107.797
G0 X115.371 Y106.192
G1 F1297.2 X116.853 Y105.795 E304.67916
G0 F9000 X113.808 Y104.62
G1 F1297.2 X114.204 Y103.145 E304.77543
G0 F9000 X109.848 Y103.409
G1 F1297.2 X108.528 Y102.089 E304.8931
G0 F9000 X107.315 Y102.426
G1 F1297.2 X106.833 Y104.225 E305.0105
G0 F9000 X105.567 Y105.223
G0 X105.031 Y105.802
G0 X104.015 Y107.249
G1 F1297.2 X102.936 Y106.171 E305.10665
G0 F9000 X103.43 Y109.392
G1 F1297.2 X101.969 Y109.783 E305.20199
G0 F9000 X104.367 Y113.428
G1 F1297.2 X103.888 Y115.215 E305.31861
G0 F9000 X104.774 Y116.113
G1 F1297.2 X106.586 Y115.627 E305.43687
G0 F9000 X106.397 Y115.955
;MESH:NONMESH
G0 F600 X106.397 Y115.955 Z6.72
G0 F9000 X107.89 Y116.232
G0 X110.059 Y116.573
G0 X110.043 Y116.347
;TIME_ELAPSED:312.693565
;LAYER:23
;note -- min layer time used
;TYPE:WALL-INNER
;MESH:guia_rocker.STL
G1 F1298.3 X109.027 Y116.273 E305.4932
G1 X108.131 Y116.07 E305.54399
G1 X107.266 Y115.73 E305.59539
G1 X106.442 Y115.258 E305.6479
G1 X105.677 Y114.654 E305.70179
G1 X105.036 Y113.962 E305.75395
G1 X104.516 Y113.203 E305.80482
G1 X104.073 Y112.286 E305.86114
G1 X103.806 Y111.413 E305.91162
G1 X103.666 Y110.483 E305.96362
G1 X103.664 Y109.554 E306.01499
G1 X103.816 Y108.556 E306.07081
G1 X104.088 Y107.671 E306.122
G1 X104.494 Y106.83 E306.17364
G1 X105.011 Y106.067 E306.22461
G1 X105.694 Y105.329 E306.28021
G1 X106.423 Y104.748 E306.33175
G1 X107.228 Y104.285 E306.3831
G1 X108.092 Y103.943 E306.43449
G1 X109.07 Y103.716 E306.49
G1 X110.022 Y103.647 E306.54278
G1 X110.926 Y103.716 E306.59291
G1 X111.825 Y103.919 E306.64387
G1 X112.756 Y104.274 E306.69897
G1 X113.567 Y104.746 E306.75086
G1 X114.319 Y105.342 E306.80391
G1 X114.948 Y106.02 E306.85505
G1 X115.502 Y106.829 E306.90927
G1 X115.908 Y107.67 E306.96091
G1 X116.194 Y108.587 E307.01402
G1 X116.332 Y109.555 E307.06809
G1 X116.331 Y110.483 E307.1194
G1 X116.194 Y111.405 E307.17094
G1 X115.924 Y112.286 E307.2219
G1 X115.481 Y113.203 E307.27821
G1 X114.962 Y113.96 E307.32896
G1 X114.332 Y114.639 E307.38018
G1 X113.602 Y115.224 E307.4319
G1 X112.735 Y115.73 E307.48741
G1 X111.871 Y116.07 E307.53875
G1 X110.969 Y116.273 E307.58988
G1 X110.043 Y116.347 E307.64124
G0 F9000 X110.059 Y116.573
G0 X110 Y118.073
G0 X110 Y118.299
G1 F1298.3 X110.984 Y118.24 E307.69575
G1 X111.939 Y118.066 E307.74943
G1 X112.884 Y117.778 E307.80405
G1 X113.792 Y117.379 E307.8589
G1 X114.628 Y116.886 E307.91256
G1 X115.414 Y116.284 E307.96731
G1 X116.125 Y115.594 E308.02209
G1 X116.741 Y114.831 E308.07631
G1 X117.262 Y114.008 E308.13017
G1 X117.69 Y113.111 E308.18513
G1 X118.003 Y112.19 E308.23892
G1 X118.206 Y111.228 E308.29328
G1 X118.295 Y110.239 E308.34819
G1 X118.266 Y109.26 E308.40235
G1 X118.118 Y108.285 E308.45688
G1 X117.859 Y107.334 E308.51138
G1 X117.491 Y106.435 E308.56509
G1 X117.01 Y105.562 E308.62021
G1 X116.447 Y104.773 E308.6738
G1 X115.783 Y104.047 E308.72821
G1 X115.03 Y103.398 E308.78317
G1 X114.219 Y102.853 E308.8372
G1 X113.349 Y102.407 E308.89126
G1 X112.423 Y102.063 E308.94588
G1 X111.464 Y101.831 E309.00044
G1 X110.476 Y101.716 E309.05544
G1 X109.971 Y101.701 E309.08338
G1 X109.52 Y101.715 E309.10833
G1 X108.532 Y101.831 E309.16334
G1 X107.573 Y102.063 E309.21789
G1 X106.647 Y102.407 E309.27252
G1 X105.777 Y102.853 E309.32657
G1 X104.966 Y103.398 E309.3806
G1 X104.214 Y104.047 E309.43553
G1 X103.553 Y104.774 E309.48986
G1 X102.986 Y105.564 E309.54363
G1 X102.505 Y106.435 E309.59865
G1 X102.133 Y107.346 E309.65306
G1 X101.875 Y108.291 E309.70723
G1 X101.735 Y109.258 E309.76125
G1 X101.705 Y110.239 E309.81552
G1 X101.794 Y111.229 E309.87049
G1 X101.993 Y112.191 E309.92481
G1 X102.306 Y113.111 E309.97854
G1 X102.734 Y114.008 E310.0335
G1 X103.254 Y114.831 E310.08733
G1 X103.874 Y115.594 E310.14169
G1 X104.587 Y116.285 E310.19659
G1 X105.369 Y116.887 E310.25116
G1 X106.204 Y117.379 E310.30475
G1 X107.112 Y117.778 E310.3596
G1 X108.057 Y118.066 E310.41422
G1 X109.012 Y118.239 E310.46789
G1 X110 Y118.299 E310.52262
G0 F9000 X110 Y118.774
;TYPE:WALL-OUTER
G1 F1298.3 X111.041 Y118.712 E310.57452
G1 X112.05 Y118.529 E310.62555
G1 X113.049 Y118.224 E310.67753
G1 X114.009 Y117.803 E310.7297
G1 X114.894 Y117.281 E310.78083
G1 X115.724 Y116.645 E310.83287
G1 X116.477 Y115.915 E310.88506
G1 X117.128 Y115.108 E310.93666
G1 X117.678 Y114.238 E310.98788
G1 X118.131 Y113.291 E311.04012
G1 X118.462 Y112.316 E311.09137
G1 X118.677 Y111.298 E311.14314
G1 X118.77 Y110.253 E311.19536
G1 X118.739 Y109.217 E311.24694
G1 X118.583 Y108.187 E311.29878
G1 X118.31 Y107.181 E311.35065
G1 X117.92 Y106.23 E311.40181
G1 X117.413 Y105.309 E311.45412
G1 X116.816 Y104.474 E311.50521
G1 X116.114 Y103.706 E311.55699
G1 X115.319 Y103.02 E311.60924
G1 X114.461 Y102.443 E311.6607
G1 X113.541 Y101.971 E311.71216
G1 X112.562 Y101.608 E311.76412
G1 X111.548 Y101.363 E311.81603
G1 X110.511 Y101.241 E311.868
G1 X110 Y101.226 E311.89344
G1 X109.485 Y101.241 E311.91908
G1 X108.448 Y101.362 E311.97104
G1 X107.434 Y101.608 E312.02296
G1 X106.455 Y101.971 E312.07492
G1 X105.535 Y102.443 E312.12638
G1 X104.677 Y103.02 E312.17784
G1 X103.882 Y103.706 E312.23009
G1 X103.184 Y104.474 E312.28174
G1 X102.583 Y105.309 E312.33294
G1 X102.076 Y106.23 E312.38526
G1 X101.682 Y107.193 E312.43704
G1 X101.409 Y108.194 E312.48867
G1 X101.261 Y109.216 E312.54006
G1 X101.23 Y110.253 E312.59169
G1 X101.323 Y111.299 E312.64395
G1 X101.534 Y112.316 E312.69564
G1 X101.865 Y113.291 E312.74689
G1 X102.318 Y114.238 E312.79913
G1 X102.868 Y115.108 E312.85035
G1 X103.523 Y115.915 E312.90207
G1 X104.276 Y116.645 E312.95427
G1 X105.103 Y117.281 E313.00619
G1 X105.987 Y117.803 E313.05728
G1 X106.947 Y118.224 E313.10944
G1 X107.946 Y118.528 E313.16141
G1 X108.955 Y118.712 E313.21245
G1 X110 Y118.774 E313.26455
G0 F9000 X110.199 Y118.763
G1 F1500 E307.26455
G0 F9000 X110.159 Y118.064
G0 X109.931 Y116.571
G0 X109.983 Y115.873
G1 F1500 E313.26455
G1 F1298.3 X109.102 Y115.804 E313.30852
G1 X108.27 Y115.616 E313.35097
G1 X107.457 Y115.295 E313.39447
G1 X106.679 Y114.845 E313.4392
G1 X105.995 Y114.298 E313.48279
G1 X105.405 Y113.662 E313.52596
G1 X104.917 Y112.949 E313.56896
G1 X104.53 Y112.152 E313.61305
G1 X104.269 Y111.294 E313.65768
G1 X104.139 Y110.441 E313.70062
G1 X104.141 Y109.541 E313.74541
G1 X104.274 Y108.68 E313.78876
G1 X104.527 Y107.85 E313.83195
G1 X104.91 Y107.059 E313.87568
G1 X105.397 Y106.344 E313.91873
G1 X106.011 Y105.684 E313.96359
G1 X106.694 Y105.141 E314.00702
G1 X107.445 Y104.707 E314.05018
G1 X108.271 Y104.384 E314.09432
G1 X109.135 Y104.187 E314.13842
G1 X110.007 Y104.122 E314.18194
G1 X110.871 Y104.188 E314.22506
G1 X111.739 Y104.388 E314.26939
G1 X112.555 Y104.707 E314.31299
G1 X113.302 Y105.141 E314.35598
G1 X113.991 Y105.689 E314.39979
G1 X114.587 Y106.329 E314.44332
G1 X115.086 Y107.059 E314.48732
G1 X115.469 Y107.85 E314.53106
G1 X115.731 Y108.706 E314.57561
G1 X115.855 Y109.545 E314.61781
G1 X115.857 Y110.441 E314.6624
G1 X115.724 Y111.327 E314.70699
G1 X115.474 Y112.133 E314.74899
G1 X115.079 Y112.949 E314.7941
G1 X114.592 Y113.662 E314.83707
G1 X113.985 Y114.313 E314.88137
G1 X113.298 Y114.858 E314.92501
G1 X112.535 Y115.298 E314.96884
G1 X111.726 Y115.616 E315.0121
G1 X110.885 Y115.806 E315.05501
G1 X109.983 Y115.873 E315.10002
G0 F9000 X109.784 Y115.858
G0 X110.402 Y116.569
;TYPE:FILL
G1 F1298.3 X110.005 Y118.049 E315.19661
G0 F9000 X112.943 Y115.897
G1 F1298.3 X114.008 Y116.962 E315.29155
G0 F9000 X115.645 Y113.405
G1 F1298.3 X117.494 Y112.91 E315.41221
G0 F9000 X117.95 Y111.231
G1 F1298.3 X116.581 Y109.862 E315.53425
G0 F9000 X116.353 Y108.551
G0 X116.121 Y107.797
G0 X115.488 Y106.366
G1 F1298.3 X116.952 Y105.974 E315.62979
G0 F9000 X113.636 Y104.498
G1 F1298.3 X114.028 Y103.036 E315.7252
G0 F9000 X110.122 Y103.403
G1 F1298.3 X108.773 Y102.054 E315.84546
G0 F9000 X107.087 Y102.51
G1 F1298.3 X106.591 Y104.364 E315.96644
G0 F9000 X105.567 Y105.223
G0 X105.031 Y105.802
G0 X104.106 Y107.06
G1 F1298.3 X103.035 Y105.99 E316.06187
G0 F9000 X103.415 Y109.601
G1 F1298.3 X101.964 Y109.99 E316.15657
G0 F9000 X104.228 Y113.182
G1 F1298.3 X103.734 Y115.025 E316.27685
G0 F9000 X104.972 Y116.265
G1 F1298.3 X106.831 Y115.767 E316.39816
G0 F9000 X106.641 Y116.095
;MESH:NONMESH
G0 F600 X106.641 Y116.095 Z7
G0 F9000 X110.059 Y116.573
G0 X110.043 Y116.347
;TIME_ELAPSED:324.906868
;LAYER:24
;note -- min layer time used
;TYPE:WALL-INNER
;MESH:guia_rocker.STL
G1 F1299.4 X109.027 Y116.273 E316.45449
G1 X108.131 Y116.07 E316.50529
G1 X107.266 Y115.73 E316.55668
G1 X106.442 Y115.258 E316.60919
G1 X105.677 Y114.654 E316.66309
G1 X105.036 Y113.962 E316.71525
G1 X104.516 Y113.203 E316.76612
G1 X104.073 Y112.286 E316.82243
G1 X103.806 Y111.413 E316.87291
G1 X103.666 Y110.483 E316.92491
G1 X103.664 Y109.554 E316.97628
G1 X103.816 Y108.556 E317.0321
G1 X104.088 Y107.671 E317.0833
G1 X104.494 Y106.83 E317.13494
G1 X105.011 Y106.067 E317.1859
G1 X105.694 Y105.329 E317.2415
G1 X106.423 Y104.748 E317.29305
G1 X107.228 Y104.285 E317.3444
G1 X108.092 Y103.943 E317.39578
G1 X109.07 Y103.716 E317.4513
G1 X110.022 Y103.647 E317.50408
G1 X110.926 Y103.716 E317.55421
G1 X111.825 Y103.919 E317.60517
G1 X112.756 Y104.274 E317.66026
G1 X113.567 Y104.746 E317.71215
G1 X114.319 Y105.342 E317.76521
G1 X114.948 Y106.02 E317.81635
G1 X115.502 Y106.829 E317.87056
G1 X115.908 Y107.67 E317.9222
G1 X116.194 Y108.587 E317.97532
G1 X116.332 Y109.555 E318.02938
G1 X116.331 Y110.483 E318.0807
G1 X116.194 Y111.405 E318.13224
G1 X115.924 Y112.286 E318.18319
G1 X115.481 Y113.203 E318.2395
G1 X114.962 Y113.96 E318.29025
G1 X114.332 Y114.639 E318.34147
G1 X113.602 Y115.224 E318.3932
G1 X112.735 Y115.73 E318.44871
G1 X111.871 Y116.07 E318.50005
G1 X110.969 Y116.273 E318.55117
G1 X110.043 Y116.347 E318.60254
G0 F9000 X110.059 Y116.573
G0 X110 Y118.073
G0 X110 Y118.299
G1 F1299.4 X110.984 Y118.24 E318.65705
G1 X111.939 Y118.066 E318.71072
G1 X112.884 Y117.778 E318.76535
G1 X113.792 Y117.379 E318.82019
G1 X114.628 Y116.886 E318.87386
G1 X115.414 Y116.284 E318.9286
G1 X116.125 Y115.594 E318.98339
G1 X116.741 Y114.831 E319.03761
G1 X117.262 Y114.008 E319.09147
G1 X117.69 Y113.111 E319.14643
G1 X118.003 Y112.19 E319.20021
G1 X118.206 Y111.228 E319.25458
G1 X118.295 Y110.239 E319.30949
G1 X118.266 Y109.26 E319.36364
G1 X118.118 Y108.285 E319.41817
G1 X117.859 Y107.334 E319.47267
G1 X117.491 Y106.435 E319.52639
G1 X117.01 Y105.562 E319.5815
G1 X116.447 Y104.773 E319.6351
G1 X115.783 Y104.047 E319.6895
G1 X115.03 Y103.398 E319.74447
G1 X114.219 Y102.853 E319.7985
G1 X113.349 Y102.407 E319.85256
G1 X112.423 Y102.063 E319.90718
G1 X111.464 Y101.831 E319.96174
G1 X110.476 Y101.716 E320.01674
G1 X109.971 Y101.701 E320.04467
G1 X109.52 Y101.715 E320.06962
G1 X108.532 Y101.831 E320.12463
G1 X107.573 Y102.063 E320.17919
G1 X106.647 Y102.407 E320.23381
G1 X105.777 Y102.853 E320.28787
G1 X104.966 Y103.398 E320.3419
G1 X104.214 Y104.047 E320.39683
G1 X103.553 Y104.774 E320.45116
G1 X102.986 Y105.564 E320.50493
G1 X102.505 Y106.435 E320.55994
G1 X102.133 Y107.346 E320.61436
G1 X101.875 Y108.291 E320.66852
G1 X101.735 Y109.258 E320.72255
G1 X101.705 Y110.239 E320.77682
G1 X101.794 Y111.229 E320.83178
G1 X101.993 Y112.191 E320.8861
G1 X102.306 Y113.111 E320.93984
G1 X102.734 Y114.008 E320.99479
G1 X103.254 Y114.831 E321.04862
G1 X103.874 Y115.594 E321.10299
G1 X104.587 Y116.285 E321.15789
G1 X105.369 Y116.887 E321.21246
G1 X106.204 Y117.379 E321.26605
G1 X107.112 Y117.778 E321.32089
G1 X108.057 Y118.066 E321.37552
G1 X109.012 Y118.239 E321.42918
G1 X110 Y118.299 E321.48392
G0 F9000 X110 Y118.774
;TYPE:WALL-OUTER
G1 F1299.4 X111.041 Y118.712 E321.53581
G1 X112.05 Y118.529 E321.58685
G1 X113.049 Y118.224 E321.63883
G1 X114.009 Y117.803 E321.69099
G1 X114.894 Y117.281 E321.74213
G1 X115.724 Y116.645 E321.79416
G1 X116.477 Y115.915 E321.84636
G1 X117.128 Y115.108 E321.89796
G1 X117.678 Y114.238 E321.94918
G1 X118.131 Y113.291 E322.00142
G1 X118.462 Y112.316 E322.05266
G1 X118.677 Y111.298 E322.10444
G1 X118.77 Y110.253 E322.15665
G1 X118.739 Y109.217 E322.20823
G1 X118.583 Y108.187 E322.26007
G1 X118.31 Y107.181 E322.31195
G1 X117.92 Y106.23 E322.3631
G1 X117.413 Y105.309 E322.41542
G1 X116.816 Y104.474 E322.4665
G1 X116.114 Y103.706 E322.51828
G1 X115.319 Y103.02 E322.57054
G1 X114.461 Y102.443 E322.622
G1 X113.541 Y101.971 E322.67345
G1 X112.562 Y101.608 E322.72542
G1 X111.548 Y101.363 E322.77733
G1 X110.511 Y101.241 E322.82929
G1 X110 Y101.226 E322.85473
G1 X109.485 Y101.241 E322.88037
G1 X108.448 Y101.362 E322.93233
G1 X107.434 Y101.608 E322.98426
G1 X106.455 Y101.971 E323.03622
G1 X105.535 Y102.443 E323.08768
G1 X104.677 Y103.02 E323.13913
G1 X103.882 Y103.706 E323.19139
G1 X103.184 Y104.474 E323.24304
G1 X102.583 Y105.309 E323.29423
G1 X102.076 Y106.23 E323.34655
G1 X101.682 Y107.193 E323.39833
G1 X101.409 Y108.194 E323.44997
G1 X101.261 Y109.216 E323.50136
G1 X101.23 Y110.253 E323.55299
G1 X101.323 Y111.299 E323.60525
G1 X101.534 Y112.316 E323.65694
G1 X101.865 Y113.291 E323.70818
G1 X102.318 Y114.238 E323.76042
G1 X102.868 Y115.108 E323.81165
G1 X103.523 Y115.915 E323.86337
G1 X104.276 Y116.645 E323.91556
G1 X105.103 Y117.281 E323.96748
G1 X105.987 Y117.803 E324.01857
G1 X106.947 Y118.224 E324.07074
G1 X107.946 Y118.528 E324.1227
G1 X108.955 Y118.712 E324.17375
G1 X110 Y118.774 E324.22584
G0 F9000 X110.199 Y118.763
G1 F1500 E318.22584
G0 F9000 X110.159 Y118.064
G0 X109.931 Y116.571
G0 X109.983 Y115.873
G1 F1500 E324.22584
G1 F1299.4 X109.102 Y115.804 E324.26982
G1 X108.27 Y115.616 E324.31227
G1 X107.457 Y115.295 E324.35577
G1 X106.679 Y114.845 E324.4005
G1 X105.995 Y114.298 E324.44408
G1 X105.405 Y113.662 E324.48725
G1 X104.917 Y112.949 E324.53025
G1 X104.53 Y112.152 E324.57434
G1 X104.269 Y111.294 E324.61897
G1 X104.139 Y110.441 E324.66191
G1 X104.141 Y109.541 E324.7067
G1 X104.274 Y108.68 E324.75006
G1 X104.527 Y107.85 E324.79324
G1 X104.91 Y107.059 E324.83698
G1 X105.397 Y106.344 E324.88003
G1 X106.011 Y105.684 E324.92489
G1 X106.694 Y105.141 E324.96831
G1 X107.445 Y104.707 E325.01148
G1 X108.271 Y104.384 E325.05562
G1 X109.135 Y104.187 E325.09972
G1 X110.007 Y104.122 E325.14323
G1 X110.871 Y104.188 E325.18636
G1 X111.739 Y104.388 E325.23068
G1 X112.555 Y104.707 E325.27428
G1 X113.302 Y105.141 E325.31728
G1 X113.991 Y105.689 E325.36109
G1 X114.587 Y106.329 E325.40461
G1 X115.086 Y107.059 E325.44862
G1 X115.469 Y107.85 E325.49235
G1 X115.731 Y108.706 E325.5369
G1 X115.855 Y109.545 E325.57911
G1 X115.857 Y110.441 E325.6237
G1 X115.724 Y111.327 E325.66829
G1 X115.474 Y112.133 E325.71028
G1 X115.079 Y112.949 E325.7554
G1 X114.592 Y113.662 E325.79837
G1 X113.985 Y114.313 E325.84266
G1 X113.298 Y114.858 E325.8863
G1 X112.543 Y115.295 E325.92972
G1 X111.726 Y115.616 E325.9734
G1 X110.885 Y115.806 E326.01631
G1 X109.983 Y115.873 E326.06132
G0 F9000 X109.784 Y115.858
G0 X110.192 Y116.585
;TYPE:FILL
G1 F1299.4 X109.803 Y118.037 E326.15608
G0 F9000 X107.075 Y115.906
G1 F1299.4 X105.169 Y116.417 E326.28047
G0 F9000 X103.58 Y114.834
G1 F1299.4 X104.095 Y112.912 E326.4059
G0 F9000 X103.692 Y111.595
G0 X103.415 Y109.806
G1 F1299.4 X101.958 Y110.196 E326.50097
G0 F9000 X104.197 Y106.871
G1 F1299.4 X103.135 Y105.809 E326.59565
G0 F9000 X106.348 Y104.504
G1 F1299.4 X106.86 Y102.594 E326.7203
G0 F9000 X109.023 Y102.024
G1 F1299.4 X110.425 Y103.426 E326.84528
G0 F9000 X111.636 Y103.707
G0 X113.459 Y104.394
G1 F1299.4 X113.847 Y102.944 E326.9399
G0 F9000 X115.605 Y106.54
G1 F1299.4 X117.051 Y106.152 E327.03427
G0 F9000 X116.581 Y109.582
G1 F1299.4 X117.978 Y110.979 E327.15881
G0 F9000 X117.398 Y113.14
G1 F1299.4 X115.472 Y113.656 E327.2845
G0 F9000 X114.537 Y114.665
G0 X113.121 Y115.795
G1 F1299.4 X114.184 Y116.858 E327.37927
G0 F9000 X113.996 Y116.537
;MESH:NONMESH
G0 F600 X113.996 Y116.537 Z7.28
G0 F9000 X110.059 Y116.573
G0 X110.043 Y116.347
;TIME_ELAPSED:337.120333
;LAYER:25
;note -- min layer time used
;TYPE:WALL-INNER
;MESH:guia_rocker.STL
G1 F1301.6 X109.027 Y116.273 E327.43559
G1 X108.131 Y116.07 E327.48639
G1 X107.266 Y115.73 E327.53779
G1 X106.442 Y115.258 E327.59029
G1 X105.677 Y114.654 E327.64419
G1 X105.036 Y113.962 E327.69635
G1 X104.516 Y113.203 E327.74722
G1 X104.073 Y112.286 E327.80353
G1 X103.806 Y111.413 E327.85401
G1 X103.666 Y110.483 E327.90602
G1 X103.664 Y109.554 E327.95739
G1 X103.816 Y108.556 E328.01321
G1 X104.088 Y107.671 E328.0644
G1 X104.494 Y106.83 E328.11604
G1 X105.011 Y106.067 E328.16701
G1 X105.694 Y105.329 E328.22261
G1 X106.423 Y104.748 E328.27415
G1 X107.228 Y104.285 E328.3255
G1 X108.092 Y103.943 E328.37688
G1 X109.07 Y103.716 E328.4324
G1 X110.022 Y103.647 E328.48518
G1 X110.926 Y103.716 E328.53531
G1 X111.825 Y103.919 E328.58627
G1 X112.756 Y104.274 E328.64137
G1 X113.567 Y104.746 E328.69325
G1 X114.319 Y105.342 E328.74631
G1 X114.948 Y106.02 E328.79745
G1 X115.502 Y106.829 E328.85167
G1 X115.908 Y107.67 E328.90331
G1 X116.194 Y108.587 E328.95642
G1 X116.332 Y109.555 E329.01049
G1 X116.331 Y110.483 E329.0618
G1 X116.194 Y111.405 E329.11334
G1 X115.924 Y112.286 E329.16429
G1 X115.481 Y113.203 E329.22061
G1 X114.962 Y113.96 E329.27136
G1 X114.332 Y114.639 E329.32258
G1 X113.602 Y115.224 E329.3743
G1 X112.735 Y115.73 E329.42981
G1 X111.871 Y116.07 E329.48115
G1 X110.969 Y116.273 E329.53228
G1 X110.043 Y116.347 E329.58364
G0 F9000 X110.059 Y116.573
G0 X110 Y118.073
G0 X110 Y118.299
G1 F1301.6 X110.984 Y118.24 E329.63815
G1 X111.939 Y118.066 E329.69183
G1 X112.884 Y117.778 E329.74645
G1 X113.792 Y117.379 E329.80129
G1 X114.628 Y116.886 E329.85496
G1 X115.414 Y116.284 E329.9097
G1 X116.125 Y115.594 E329.96449
G1 X116.741 Y114.831 E330.01871
G1 X117.262 Y114.008 E330.07257
G1 X117.69 Y113.111 E330.12753
G1 X118.003 Y112.19 E330.18132
G1 X118.206 Y111.228 E330.23568
G1 X118.295 Y110.239 E330.29059
G1 X118.266 Y109.26 E330.34475
G1 X118.118 Y108.285 E330.39928
G1 X117.859 Y107.334 E330.45378
G1 X117.491 Y106.435 E330.50749
G1 X117.01 Y105.562 E330.56261
G1 X116.447 Y104.773 E330.6162
G1 X115.783 Y104.047 E330.6706
G1 X115.03 Y103.398 E330.72557
G1 X114.219 Y102.853 E330.7796
G1 X113.349 Y102.407 E330.83366
G1 X112.423 Y102.063 E330.88828
G1 X111.464 Y101.831 E330.94284
G1 X110.476 Y101.716 E330.99784
G1 X109.971 Y101.701 E331.02578
G1 X109.52 Y101.715 E331.05073
G1 X108.532 Y101.831 E331.10573
G1 X107.573 Y102.063 E331.16029
G1 X106.647 Y102.407 E331.21491
G1 X105.777 Y102.853 E331.26897
G1 X104.966 Y103.398 E331.323
G1 X104.214 Y104.047 E331.37793
G1 X103.553 Y104.774 E331.43226
G1 X102.986 Y105.564 E331.48603
G1 X102.505 Y106.435 E331.54105
G1 X102.133 Y107.346 E331.59546
G1 X101.875 Y108.291 E331.64963
G1 X101.735 Y109.258 E331.70365
G1 X101.705 Y110.239 E331.75792
G1 X101.794 Y111.229 E331.81289
G1 X101.993 Y112.191 E331.86721
G1 X102.306 Y113.111 E331.92094
G1 X102.734 Y114.008 E331.9759
G1 X103.254 Y114.831 E332.02973
G1 X103.874 Y115.594 E332.08409
G1 X104.587 Y116.285 E332.13899
G1 X105.369 Y116.887 E332.19356
G1 X106.204 Y117.379 E332.24715
G1 X107.112 Y117.778 E332.30199
G1 X108.057 Y118.066 E332.35662
G1 X109.012 Y118.239 E332.41029
G1 X110 Y118.299 E332.46502
G0 F9000 X110 Y118.774
;TYPE:WALL-OUTER
G1 F1301.6 X111.041 Y118.712 E332.51692
G1 X112.05 Y118.529 E332.56795
G1 X113.049 Y118.224 E332.61993
G1 X114.009 Y117.803 E332.6721
G1 X114.894 Y117.281 E332.72323
G1 X115.724 Y116.645 E332.77527
G1 X116.477 Y115.915 E332.82746
G1 X117.128 Y115.108 E332.87906
G1 X117.678 Y114.238 E332.93028
G1 X118.131 Y113.291 E332.98252
G1 X118.462 Y112.316 E333.03376
G1 X118.677 Y111.298 E333.08554
G1 X118.77 Y110.253 E333.13775
G1 X118.739 Y109.217 E333.18933
G1 X118.583 Y108.187 E333.24118
G1 X118.31 Y107.181 E333.29305
G1 X117.92 Y106.23 E333.3442
G1 X117.413 Y105.309 E333.39652
G1 X116.816 Y104.474 E333.44761
G1 X116.114 Y103.706 E333.49939
G1 X115.319 Y103.02 E333.55164
G1 X114.461 Y102.443 E333.6031
G1 X113.541 Y101.971 E333.65456
G1 X112.562 Y101.608 E333.70652
G1 X111.548 Y101.363 E333.75843
G1 X110.511 Y101.241 E333.8104
G1 X110 Y101.226 E333.83584
G1 X109.485 Y101.241 E333.86148
G1 X108.448 Y101.362 E333.91343
G1 X107.434 Y101.608 E333.96536
G1 X106.455 Y101.971 E334.01732
G1 X105.535 Y102.443 E334.06878
G1 X104.677 Y103.02 E334.12024
G1 X103.882 Y103.706 E334.17249
G1 X103.184 Y104.474 E334.22414
G1 X102.583 Y105.309 E334.27534
G1 X102.076 Y106.23 E334.32766
G1 X101.682 Y107.193 E334.37944
G1 X101.409 Y108.194 E334.43107
G1 X101.261 Y109.216 E334.48246
G1 X101.23 Y110.253 E334.53409
G1 X101.323 Y111.299 E334.58635
G1 X101.534 Y112.316 E334.63804
G1 X101.865 Y113.291 E334.68928
G1 X102.318 Y114.238 E334.74153
G1 X102.868 Y115.108 E334.79275
G1 X103.523 Y115.915 E334.84447
G1 X104.276 Y116.645 E334.89667
G1 X105.103 Y117.281 E334.94858
G1 X105.987 Y117.803 E334.99967
G1 X106.947 Y118.224 E335.05184
G1 X107.946 Y118.528 E335.10381
G1 X108.955 Y118.712 E335.15485
G1 X110 Y118.774 E335.20695
G0 F9000 X110.199 Y118.763
G1 F1500 E329.20695
G0 F9000 X110.159 Y118.064
G0 X109.931 Y116.571
G0 X109.983 Y115.873
G1 F1500 E335.20695
G1 F1301.6 X109.102 Y115.804 E335.25092
G1 X108.27 Y115.616 E335.29337
G1 X107.457 Y115.295 E335.33687
G1 X106.679 Y114.845 E335.3816
G1 X105.995 Y114.298 E335.42518
G1 X105.405 Y113.662 E335.46836
G1 X104.917 Y112.949 E335.51136
G1 X104.53 Y112.152 E335.55545
G1 X104.269 Y111.294 E335.60008
G1 X104.139 Y110.441 E335.64302
G1 X104.141 Y109.541 E335.68781
G1 X104.274 Y108.68 E335.73116
G1 X104.527 Y107.85 E335.77434
G1 X104.91 Y107.059 E335.81808
G1 X105.397 Y106.344 E335.86113
G1 X106.011 Y105.684 E335.90599
G1 X106.694 Y105.141 E335.94942
G1 X107.445 Y104.707 E335.99258
G1 X108.271 Y104.384 E336.03672
G1 X109.135 Y104.187 E336.08082
G1 X110.007 Y104.122 E336.12434
G1 X110.871 Y104.188 E336.16746
G1 X111.739 Y104.388 E336.21179
G1 X112.555 Y104.707 E336.25539
G1 X113.302 Y105.141 E336.29838
G1 X113.991 Y105.689 E336.34219
G1 X114.587 Y106.329 E336.38572
G1 X115.086 Y107.059 E336.42972
G1 X115.469 Y107.85 E336.47346
G1 X115.731 Y108.706 E336.51801
G1 X115.855 Y109.545 E336.56021
G1 X115.857 Y110.441 E336.6048
G1 X115.724 Y111.327 E336.64939
G1 X115.474 Y112.133 E336.69139
G1 X115.079 Y112.949 E336.7365
G1 X114.592 Y113.662 E336.77947
G1 X113.985 Y114.313 E336.82377
G1 X113.298 Y114.858 E336.86741
G1 X112.543 Y115.295 E336.91082
G1 X111.726 Y115.616 E336.9545
G1 X110.885 Y115.806 E336.99741
G1 X109.983 Y115.873 E337.04242
G0 F9000 X109.784 Y115.858
G0 X109.983 Y116.6
;TYPE:FILL
G1 F1301.6 X109.601 Y118.026 E337.13548
G0 F9000 X107.361 Y116.035
G1 F1301.6 X105.368 Y116.569 E337.26555
G0 F9000 X103.428 Y114.636
G1 F1301.6 X103.963 Y112.642 E337.39569
G0 F9000 X103.707 Y111.675
G0 X103.416 Y110.011
G1 F1301.6 X101.972 Y110.398 E337.48992
G0 F9000 X104.291 Y106.685
G1 F1301.6 X103.242 Y105.636 E337.58344
G0 F9000 X106.093 Y104.692
G1 F1301.6 X106.627 Y102.697 E337.71362
G0 F9000 X109.274 Y101.995
G1 F1301.6 X110.729 Y103.45 E337.84333
G0 F9000 X111.405 Y103.633
G0 X113.282 Y104.29
G1 F1301.6 X113.667 Y102.851 E337.93723
G0 F9000 X115.722 Y106.713
G1 F1301.6 X117.148 Y106.331 E338.03029
G0 F9000 X116.546 Y109.267
G1 F1301.6 X118.001 Y110.722 E338.16
G0 F9000 X117.286 Y113.375
G1 F1301.6 X115.3 Y113.907 E338.2896
G0 F9000 X114.598 Y114.612
G0 X113.299 Y115.693
G1 F1301.6 X114.36 Y116.754 E338.38419
G0 F9000 X114.172 Y116.433
;MESH:NONMESH
G0 F600 X114.172 Y116.433 Z7.56
G0 F9000 X110.059 Y116.573
G0 X110.043 Y116.347
;TIME_ELAPSED:349.320436
;LAYER:26
;note -- min layer time used
;TYPE:WALL-INNER
;MESH:guia_rocker.STL
G1 F1304.3 X109.027 Y116.273 E338.44051
G1 X108.131 Y116.07 E338.49131
G1 X107.266 Y115.73 E338.54271
G1 X106.442 Y115.258 E338.59522
G1 X105.677 Y114.654 E338.64911
G1 X105.036 Y113.962 E338.70127
G1 X104.516 Y113.203 E338.75214
G1 X104.073 Y112.286 E338.80846
G1 X103.806 Y111.403 E338.85946
G1 X103.666 Y110.483 E338.91092
G1 X103.664 Y109.554 E338.96229
G1 X103.816 Y108.556 E339.01811
G1 X104.088 Y107.671 E339.06931
G1 X104.494 Y106.83 E339.12095
G1 X105.011 Y106.067 E339.17191
G1 X105.694 Y105.329 E339.22751
G1 X106.423 Y104.748 E339.27906
G1 X107.228 Y104.285 E339.33041
G1 X108.092 Y103.943 E339.38179
G1 X109.07 Y103.716 E339.4373
G1 X110.022 Y103.647 E339.49008
G1 X110.926 Y103.716 E339.54021
G1 X111.825 Y103.919 E339.59118
G1 X112.756 Y104.274 E339.64627
G1 X113.567 Y104.746 E339.69816
G1 X114.319 Y105.342 E339.75122
G1 X114.948 Y106.02 E339.80235
G1 X115.502 Y106.829 E339.85657
G1 X115.908 Y107.67 E339.90821
G1 X116.194 Y108.587 E339.96132
G1 X116.332 Y109.555 E340.01539
G1 X116.331 Y110.483 E340.06671
G1 X116.194 Y111.405 E340.11825
G1 X115.924 Y112.286 E340.1692
G1 X115.481 Y113.203 E340.22551
G1 X114.962 Y113.96 E340.27626
G1 X114.332 Y114.639 E340.32748
G1 X113.602 Y115.224 E340.37921
G1 X112.735 Y115.73 E340.43471
G1 X111.871 Y116.07 E340.48606
G1 X110.969 Y116.273 E340.53718
G1 X110.043 Y116.347 E340.58855
G0 F9000 X110.059 Y116.573
G0 X110 Y118.073
G0 X110 Y118.299
G1 F1304.3 X110.984 Y118.24 E340.64305
G1 X111.939 Y118.066 E340.69673
G1 X112.884 Y117.778 E340.75136
G1 X113.792 Y117.379 E340.8062
G1 X114.628 Y116.886 E340.85986
G1 X115.414 Y116.284 E340.91461
G1 X116.125 Y115.594 E340.96939
G1 X116.741 Y114.831 E341.02362
G1 X117.262 Y114.008 E341.07748
G1 X117.69 Y113.111 E341.13243
G1 X118.003 Y112.19 E341.18622
G1 X118.206 Y111.228 E341.24058
G1 X118.295 Y110.239 E341.29549
G1 X118.266 Y109.26 E341.34965
G1 X118.118 Y108.285 E341.40418
G1 X117.859 Y107.334 E341.45868
G1 X117.491 Y106.435 E341.51239
G1 X117.01 Y105.562 E341.56751
G1 X116.447 Y104.773 E341.62111
G1 X115.783 Y104.047 E341.67551
G1 X115.03 Y103.398 E341.73048
G1 X114.219 Y102.853 E341.78451
G1 X113.349 Y102.407 E341.83856
G1 X112.423 Y102.063 E341.89319
G1 X111.464 Y101.831 E341.94774
G1 X110.476 Y101.716 E342.00274
G1 X109.971 Y101.701 E342.03068
G1 X109.52 Y101.715 E342.05563
G1 X108.532 Y101.831 E342.11064
G1 X107.573 Y102.063 E342.1652
G1 X106.647 Y102.407 E342.21982
G1 X105.777 Y102.853 E342.27388
G1 X104.966 Y103.398 E342.32791
G1 X104.214 Y104.047 E342.38283
G1 X103.553 Y104.774 E342.43716
G1 X102.986 Y105.564 E342.49093
G1 X102.505 Y106.435 E342.54595
G1 X102.133 Y107.346 E342.60036
G1 X101.875 Y108.291 E342.65453
G1 X101.735 Y109.258 E342.70856
G1 X101.705 Y110.239 E342.76283
G1 X101.794 Y111.229 E342.81779
G1 X101.993 Y112.191 E342.87211
G1 X102.306 Y113.111 E342.92584
G1 X102.734 Y114.008 E342.9808
G1 X103.254 Y114.831 E343.03463
G1 X103.874 Y115.594 E343.08899
G1 X104.587 Y116.285 E343.1439
G1 X105.369 Y116.887 E343.19847
G1 X106.204 Y117.379 E343.25206
G1 X107.112 Y117.778 E343.3069
G1 X108.057 Y118.066 E343.36152
G1 X109.012 Y118.239 E343.41519
G1 X110 Y118.299 E343.46992
G0 F9000 X110 Y118.774
;TYPE:WALL-OUTER
G1 F1304.3 X111.041 Y118.712 E343.52182
G1 X112.05 Y118.529 E343.57285
G1 X113.049 Y118.224 E343.62483
G1 X114.009 Y117.803 E343.677
G1 X114.894 Y117.281 E343.72813
G1 X115.724 Y116.645 E343.78017
G1 X116.477 Y115.915 E343.83236
G1 X117.128 Y115.108 E343.88396
G1 X117.678 Y114.238 E343.93518
G1 X118.131 Y113.291 E343.98743
G1 X118.462 Y112.316 E344.03867
G1 X118.677 Y111.298 E344.09045
G1 X118.77 Y110.253 E344.14266
G1 X118.739 Y109.217 E344.19424
G1 X118.583 Y108.187 E344.24608
G1 X118.31 Y107.181 E344.29796
G1 X117.92 Y106.23 E344.34911
G1 X117.413 Y105.309 E344.40143
G1 X116.816 Y104.474 E344.45251
G1 X116.114 Y103.706 E344.50429
G1 X115.319 Y103.02 E344.55655
G1 X114.461 Y102.443 E344.608
G1 X113.541 Y101.971 E344.65946
G1 X112.562 Y101.608 E344.71142
G1 X111.548 Y101.363 E344.76334
G1 X110.511 Y101.241 E344.8153
G1 X110 Y101.226 E344.84074
G1 X109.485 Y101.241 E344.86638
G1 X108.448 Y101.362 E344.91834
G1 X107.434 Y101.608 E344.97026
G1 X106.455 Y101.971 E345.02223
G1 X105.535 Y102.443 E345.07368
G1 X104.677 Y103.02 E345.12514
G1 X103.882 Y103.706 E345.1774
G1 X103.184 Y104.474 E345.22904
G1 X102.583 Y105.309 E345.28024
G1 X102.076 Y106.23 E345.33256
G1 X101.682 Y107.193 E345.38434
G1 X101.409 Y108.194 E345.43598
G1 X101.261 Y109.216 E345.48737
G1 X101.23 Y110.253 E345.539
G1 X101.323 Y111.299 E345.59126
G1 X101.534 Y112.316 E345.64295
G1 X101.865 Y113.291 E345.69419
G1 X102.318 Y114.238 E345.74643
G1 X102.868 Y115.108 E345.79765
G1 X103.523 Y115.915 E345.84938
G1 X104.276 Y116.645 E345.90157
G1 X105.103 Y117.281 E345.95349
G1 X105.987 Y117.803 E346.00458
G1 X106.947 Y118.224 E346.05674
G1 X107.946 Y118.528 E346.10871
G1 X108.955 Y118.712 E346.15975
G1 X110 Y118.774 E346.21185
G0 F9000 X110.199 Y118.763
G1 F1500 E340.21185
G0 F9000 X110.159 Y118.064
G0 X109.931 Y116.571
G0 X109.983 Y115.873
G1 F1500 E346.21185
G1 F1304.3 X109.102 Y115.804 E346.25583
G1 X108.27 Y115.616 E346.29828
G1 X107.457 Y115.295 E346.34177
G1 X106.679 Y114.845 E346.3865
G1 X105.995 Y114.298 E346.43009
G1 X105.405 Y113.662 E346.47326
G1 X104.917 Y112.949 E346.51626
G1 X104.53 Y112.152 E346.56035
G1 X104.271 Y111.306 E346.60438
G1 X104.139 Y110.441 E346.64793
G1 X104.141 Y109.541 E346.69272
G1 X104.274 Y108.68 E346.73607
G1 X104.527 Y107.85 E346.77925
G1 X104.91 Y107.059 E346.82299
G1 X105.397 Y106.344 E346.86604
G1 X106.011 Y105.684 E346.9109
G1 X106.694 Y105.141 E346.95432
G1 X107.445 Y104.707 E346.99749
G1 X108.271 Y104.384 E347.04163
G1 X109.135 Y104.187 E347.08573
G1 X110.007 Y104.122 E347.12924
G1 X110.871 Y104.188 E347.17237
G1 X111.739 Y104.388 E347.2167
G1 X112.555 Y104.707 E347.2603
G1 X113.302 Y105.141 E347.30329
G1 X113.991 Y105.689 E347.3471
G1 X114.587 Y106.329 E347.39062
G1 X115.086 Y107.059 E347.43463
G1 X115.469 Y107.85 E347.47836
G1 X115.731 Y108.706 E347.52291
G1 X115.855 Y109.545 E347.56512
G1 X115.857 Y110.441 E347.60971
G1 X115.724 Y111.327 E347.6543
G1 X115.474 Y112.133 E347.69629
G1 X115.079 Y112.949 E347.74141
G1 X114.592 Y113.662 E347.78438
G1 X113.985 Y114.313 E347.82868
G1 X113.298 Y114.858 E347.87232
G1 X112.543 Y115.295 E347.91573
G1 X111.726 Y115.616 E347.95941
G1 X110.885 Y115.806 E348.00232
G1 X109.983 Y115.873 E348.04733
G0 F9000 X109.784 Y115.858
G0 X109.783 Y116.584
;TYPE:FILL
G1 F1304.3 X109.4 Y118.013 E348.14059
G0 F9000 X107.672 Y116.156
G1 F1304.3 X105.575 Y116.718 E348.27744
G0 F9000 X103.284 Y114.408
G1 F1304.3 X103.833 Y112.359 E348.41116
G0 F9000 X103.416 Y110.216
G1 F1304.3 X101.989 Y110.598 E348.50428
G0 F9000 X104.405 Y106.519
G1 F1304.3 X103.359 Y105.473 E348.59753
G0 F9000 X105.832 Y104.901
G1 F1304.3 X106.39 Y102.819 E348.7334
G0 F9000 X109.524 Y101.966
G1 F1304.3 X111.048 Y103.489 E348.86922
G0 F9000 X113.104 Y104.187
G1 F1304.3 X113.487 Y102.759 E348.96241
G0 F9000 X115.809 Y106.895
G1 F1304.3 X117.247 Y106.51 E349.05625
G0 F9000 X116.497 Y108.938
G1 F1304.3 X118.024 Y110.465 E349.19238
G0 F9000 X117.174 Y113.61
G1 F1304.3 X115.116 Y114.162 E349.32669
G0 F9000 X113.478 Y115.592
G1 F1304.3 X114.531 Y116.645 E349.42056
G0 F9000 X114.306 Y116.348
;MESH:NONMESH
G0 F600 X114.306 Y116.348 Z7.84
G0 F9000 X110.059 Y116.573
G0 X110.043 Y116.347
;TIME_ELAPSED:361.500573
;LAYER:27
;note -- min layer time used
;TYPE:WALL-INNER
;MESH:guia_rocker.STL
G1 F1307.7 X109.027 Y116.273 E349.47689
G1 X108.131 Y116.07 E349.52769
G1 X107.266 Y115.73 E349.57909
G1 X106.442 Y115.258 E349.63159
G1 X105.677 Y114.654 E349.68549
G1 X105.036 Y113.962 E349.73765
G1 X104.516 Y113.203 E349.78852
G1 X104.073 Y112.286 E349.84483
G1 X103.806 Y111.413 E349.89531
G1 X103.666 Y110.483 E349.94732
G1 X103.664 Y109.554 E349.99869
G1 X103.816 Y108.556 E350.05451
G1 X104.088 Y107.671 E350.1057
G1 X104.494 Y106.83 E350.15734
G1 X105.011 Y106.067 E350.2083
G1 X105.694 Y105.329 E350.26391
G1 X106.423 Y104.748 E350.31545
G1 X107.228 Y104.285 E350.3668
G1 X108.092 Y103.943 E350.41818
G1 X109.07 Y103.716 E350.4737
G1 X110.022 Y103.647 E350.52648
G1 X110.926 Y103.716 E350.57661
G1 X111.825 Y103.919 E350.62757
G1 X112.756 Y104.274 E350.68267
G1 X113.567 Y104.746 E350.73455
G1 X114.319 Y105.342 E350.78761
G1 X114.948 Y106.02 E350.83875
G1 X115.502 Y106.829 E350.89297
G1 X115.908 Y107.67 E350.94461
G1 X116.194 Y108.587 E350.99772
G1 X116.332 Y109.555 E351.05179
G1 X116.331 Y110.483 E351.1031
G1 X116.194 Y111.405 E351.15464
G1 X115.924 Y112.286 E351.20559
G1 X115.481 Y113.203 E351.26191
G1 X114.962 Y113.96 E351.31266
G1 X114.332 Y114.639 E351.36387
G1 X113.602 Y115.224 E351.4156
G1 X112.735 Y115.73 E351.47111
G1 X111.871 Y116.07 E351.52245
G1 X110.969 Y116.273 E351.57357
G1 X110.043 Y116.347 E351.62494
G0 F9000 X110.059 Y116.573
G0 X110 Y118.073
G0 X110 Y118.299
G1 F1307.7 X110.984 Y118.24 E351.67945
G1 X111.939 Y118.066 E351.73312
G1 X112.884 Y117.778 E351.78775
G1 X113.792 Y117.379 E351.84259
G1 X114.628 Y116.886 E351.89626
G1 X115.414 Y116.284 E351.951
G1 X116.125 Y115.594 E352.00579
G1 X116.741 Y114.831 E352.06001
G1 X117.262 Y114.008 E352.11387
G1 X117.69 Y113.111 E352.16883
G1 X118.003 Y112.19 E352.22262
G1 X118.206 Y111.228 E352.27698
G1 X118.295 Y110.239 E352.33189
G1 X118.266 Y109.26 E352.38605
G1 X118.118 Y108.285 E352.44058
G1 X117.859 Y107.334 E352.49508
G1 X117.491 Y106.435 E352.54879
G1 X117.01 Y105.562 E352.60391
G1 X116.447 Y104.773 E352.6575
G1 X115.783 Y104.047 E352.7119
G1 X115.03 Y103.398 E352.76687
G1 X114.219 Y102.853 E352.8209
G1 X113.349 Y102.407 E352.87496
G1 X112.423 Y102.063 E352.92958
G1 X111.464 Y101.831 E352.98414
G1 X110.476 Y101.716 E353.03914
G1 X109.971 Y101.701 E353.06708
G1 X109.52 Y101.715 E353.09203
G1 X108.532 Y101.831 E353.14703
G1 X107.573 Y102.063 E353.20159
G1 X106.647 Y102.407 E353.25621
G1 X105.777 Y102.853 E353.31027
G1 X104.966 Y103.398 E353.3643
G1 X104.214 Y104.047 E353.41923
G1 X103.553 Y104.774 E353.47356
G1 X102.986 Y105.564 E353.52733
G1 X102.505 Y106.435 E353.58235
G1 X102.133 Y107.346 E353.63676
G1 X101.875 Y108.291 E353.69092
G1 X101.735 Y109.258 E353.74495
G1 X101.705 Y110.239 E353.79922
G1 X101.794 Y111.229 E353.85419
G1 X101.993 Y112.191 E353.90851
G1 X102.306 Y113.111 E353.96224
G1 X102.734 Y114.008 E354.0172
G1 X103.254 Y114.831 E354.07103
G1 X103.874 Y115.594 E354.12539
G1 X104.587 Y116.285 E354.18029
G1 X105.369 Y116.887 E354.23486
G1 X106.204 Y117.379 E354.28845
G1 X107.112 Y117.778 E354.34329
G1 X108.057 Y118.066 E354.39792
G1 X109.012 Y118.239 E354.45159
G1 X110 Y118.299 E354.50632
G0 F9000 X110 Y118.774
;TYPE:WALL-OUTER
G1 F1307.7 X111.041 Y118.712 E354.55822
G1 X112.05 Y118.529 E354.60925
G1 X113.049 Y118.224 E354.66123
G1 X114.009 Y117.803 E354.7134
G1 X114.894 Y117.281 E354.76453
G1 X115.724 Y116.645 E354.81657
G1 X116.477 Y115.915 E354.86876
G1 X117.128 Y115.108 E354.92036
G1 X117.678 Y114.238 E354.97158
G1 X118.131 Y113.291 E355.02382
G1 X118.462 Y112.316 E355.07506
G1 X118.677 Y111.298 E355.12684
G1 X118.77 Y110.253 E355.17905
G1 X118.739 Y109.217 E355.23063
G1 X118.583 Y108.187 E355.28248
G1 X118.31 Y107.181 E355.33435
G1 X117.92 Y106.23 E355.3855
G1 X117.413 Y105.309 E355.43782
G1 X116.816 Y104.474 E355.48891
G1 X116.114 Y103.706 E355.54069
G1 X115.319 Y103.02 E355.59294
G1 X114.461 Y102.443 E355.6444
G1 X113.541 Y101.971 E355.69586
G1 X112.562 Y101.608 E355.74782
G1 X111.548 Y101.363 E355.79973
G1 X110.511 Y101.241 E355.8517
G1 X110 Y101.226 E355.87714
G1 X109.485 Y101.241 E355.90278
G1 X108.448 Y101.362 E355.95473
G1 X107.434 Y101.608 E356.00666
G1 X106.455 Y101.971 E356.05862
G1 X105.535 Y102.443 E356.11008
G1 X104.677 Y103.02 E356.16154
G1 X103.882 Y103.706 E356.21379
G1 X103.184 Y104.474 E356.26544
G1 X102.583 Y105.309 E356.31664
G1 X102.076 Y106.23 E356.36896
G1 X101.682 Y107.193 E356.42074
G1 X101.409 Y108.194 E356.47237
G1 X101.261 Y109.216 E356.52376
G1 X101.23 Y110.253 E356.57539
G1 X101.323 Y111.299 E356.62765
G1 X101.534 Y112.316 E356.67934
G1 X101.865 Y113.291 E356.73058
G1 X102.318 Y114.238 E356.78283
G1 X102.868 Y115.108 E356.83405
G1 X103.523 Y115.915 E356.88577
G1 X104.276 Y116.645 E356.93796
G1 X105.103 Y117.281 E356.98988
G1 X105.987 Y117.803 E357.04097
G1 X106.947 Y118.224 E357.09314
G1 X107.946 Y118.528 E357.14511
G1 X108.955 Y118.712 E357.19615
G1 X110 Y118.774 E357.24825
G0 F9000 X110.199 Y118.763
G1 F1500 E351.24825
G0 F9000 X110.159 Y118.064
G0 X109.931 Y116.571
G0 X109.983 Y115.873
G1 F1500 E357.24825
G1 F1307.7 X109.102 Y115.804 E357.29222
G1 X108.27 Y115.616 E357.33467
G1 X107.457 Y115.295 E357.37817
G1 X106.679 Y114.845 E357.4229
G1 X105.995 Y114.298 E357.46648
G1 X105.405 Y113.662 E357.50966
G1 X104.917 Y112.949 E357.55265
G1 X104.53 Y112.152 E357.59675
G1 X104.269 Y111.294 E357.64138
G1 X104.139 Y110.441 E357.68432
G1 X104.141 Y109.541 E357.72911
G1 X104.274 Y108.68 E357.77246
G1 X104.527 Y107.85 E357.81564
G1 X104.91 Y107.059 E357.85938
G1 X105.397 Y106.344 E357.90243
G1 X106.011 Y105.684 E357.94729
G1 X106.694 Y105.141 E357.99072
G1 X107.445 Y104.707 E358.03388
G1 X108.271 Y104.384 E358.07802
G1 X109.135 Y104.187 E358.12212
G1 X110.007 Y104.122 E358.16564
G1 X110.871 Y104.188 E358.20876
G1 X111.739 Y104.388 E358.25309
G1 X112.555 Y104.707 E358.29669
G1 X113.302 Y105.141 E358.33968
G1 X113.991 Y105.689 E358.38349
G1 X114.587 Y106.329 E358.42701
G1 X115.086 Y107.059 E358.47102
G1 X115.469 Y107.85 E358.51476
G1 X115.731 Y108.706 E358.55931
G1 X115.855 Y109.545 E358.60151
G1 X115.857 Y110.441 E358.6461
G1 X115.724 Y111.327 E358.69069
G1 X115.474 Y112.133 E358.73268
G1 X115.079 Y112.949 E358.7778
G1 X114.592 Y113.662 E358.82077
G1 X113.985 Y114.313 E358.86507
G1 X113.298 Y114.858 E358.90871
G1 X112.543 Y115.295 E358.95212
G1 X111.726 Y115.616 E358.9958
G1 X110.885 Y115.806 E359.03871
G1 X109.983 Y115.873 E359.08372
G0 F9000 X109.784 Y115.858
G0 X109.582 Y116.568
;TYPE:FILL
G1 F1307.7 X109.198 Y118.001 E359.17724
G0 F9000 X107.982 Y116.278
G1 F1307.7 X105.814 Y116.859 E359.31873
G0 F9000 X103.14 Y114.181
G1 F1307.7 X103.725 Y111.998 E359.46119
G0 F9000 X103.417 Y110.42
G1 F1307.7 X102.006 Y110.798 E359.55327
G0 F9000 X104.519 Y106.353
G1 F1307.7 X103.476 Y105.31 E359.64625
G0 F9000 X105.571 Y105.108
G1 F1307.7 X106.152 Y102.941 E359.78767
G0 F9000 X109.795 Y101.956
G1 F1307.7 X111.409 Y103.57 E359.93156
G0 F9000 X112.927 Y104.083
G1 F1307.7 X113.307 Y102.666 E360.02404
G0 F9000 X115.897 Y107.076
G1 F1307.7 X117.327 Y106.693 E360.11735
G0 F9000 X116.448 Y108.609
G1 F1307.7 X118.044 Y110.205 E360.25963
G0 F9000 X117.062 Y113.845
G1 F1307.7 X114.863 Y114.435 E360.40315
G0 F9000 X113.656 Y115.49
G1 F1307.7 X114.69 Y116.524 E360.49533
G0 F9000 X114.465 Y116.227
;MESH:NONMESH
G0 F600 X114.465 Y116.227 Z8.12
G0 F9000 X110.059 Y116.573
G0 X110.043 Y116.347
;TIME_ELAPSED:373.651919
;LAYER:28
;note -- min layer time used
;TYPE:WALL-INNER
;MESH:guia_rocker.STL
G1 F1353.2 X109.027 Y116.273 E360.55166
G1 X108.131 Y116.07 E360.60246
G1 X107.266 Y115.73 E360.65385
G1 X106.442 Y115.258 E360.70636
G1 X105.677 Y114.654 E360.76026
G1 X105.036 Y113.962 E360.81241
G1 X104.516 Y113.203 E360.86329
G1 X104.073 Y112.286 E360.9196
G1 X103.806 Y111.413 E360.97008
G1 X103.666 Y110.483 E361.02208
G1 X103.664 Y109.554 E361.07345
G1 X103.816 Y108.556 E361.12927
G1 X104.088 Y107.671 E361.18047
G1 X104.494 Y106.83 E361.23211
G1 X105.011 Y106.067 E361.28307
G1 X105.694 Y105.329 E361.33867
G1 X106.423 Y104.748 E361.39022
G1 X107.228 Y104.285 E361.44157
G1 X108.092 Y103.943 E361.49295
G1 X109.07 Y103.716 E361.54847
G1 X110.022 Y103.647 E361.60124
G1 X110.926 Y103.716 E361.65138
G1 X111.825 Y103.919 E361.70234
G1 X112.756 Y104.274 E361.75743
G1 X113.567 Y104.746 E361.80932
G1 X114.319 Y105.342 E361.86238
G1 X114.948 Y106.02 E361.91352
G1 X115.502 Y106.829 E361.96773
G1 X115.908 Y107.67 E362.01937
G1 X116.194 Y108.587 E362.07249
G1 X116.332 Y109.555 E362.12655
G1 X116.331 Y110.483 E362.17787
G1 X116.194 Y111.405 E362.22941
G1 X115.924 Y112.286 E362.28036
G1 X115.481 Y113.203 E362.33667
G1 X114.962 Y113.96 E362.38742
G1 X114.332 Y114.639 E362.43864
G1 X113.602 Y115.224 E362.49037
G1 X112.735 Y115.73 E362.54588
G1 X111.871 Y116.07 E362.59722
G1 X110.969 Y116.273 E362.64834
G1 X110.043 Y116.347 E362.69971
G0 F9000 X110.059 Y116.573
G0 X110 Y118.073
G0 X110 Y118.299
G1 F1353.2 X110.984 Y118.24 E362.75421
G1 X111.939 Y118.066 E362.80789
G1 X112.884 Y117.778 E362.86252
G1 X113.792 Y117.379 E362.91736
G1 X114.628 Y116.886 E362.97102
G1 X115.414 Y116.284 E363.02577
G1 X116.125 Y115.594 E363.08055
G1 X116.741 Y114.831 E363.13478
G1 X117.262 Y114.008 E363.18864
G1 X117.69 Y113.111 E363.24359
G1 X118.003 Y112.19 E363.29738
G1 X118.206 Y111.228 E363.35175
G1 X118.295 Y110.239 E363.40665
G1 X118.266 Y109.26 E363.46081
G1 X118.118 Y108.285 E363.51534
G1 X117.859 Y107.334 E363.56984
G1 X117.491 Y106.435 E363.62356
G1 X117.01 Y105.562 E363.67867
G1 X116.447 Y104.773 E363.73227
G1 X115.783 Y104.047 E363.78667
G1 X115.03 Y103.398 E363.84164
G1 X114.219 Y102.853 E363.89567
G1 X113.349 Y102.407 E363.94973
G1 X112.423 Y102.063 E364.00435
G1 X111.464 Y101.831 E364.05891
G1 X110.476 Y101.716 E364.11391
G1 X109.971 Y101.701 E364.14184
G1 X109.52 Y101.715 E364.16679
G1 X108.532 Y101.831 E364.2218
G1 X107.573 Y102.063 E364.27636
G1 X106.647 Y102.407 E364.33098
G1 X105.777 Y102.853 E364.38504
G1 X104.966 Y103.398 E364.43907
G1 X104.214 Y104.047 E364.49399
G1 X103.553 Y104.774 E364.54833
G1 X102.986 Y105.564 E364.60209
G1 X102.505 Y106.435 E364.65711
G1 X102.133 Y107.346 E364.71152
G1 X101.875 Y108.291 E364.76569
G1 X101.735 Y109.258 E364.81972
G1 X101.705 Y110.239 E364.87399
G1 X101.794 Y111.229 E364.92895
G1 X101.993 Y112.191 E364.98327
G1 X102.306 Y113.111 E365.03701
G1 X102.734 Y114.008 E365.09196
G1 X103.254 Y114.831 E365.14579
G1 X103.874 Y115.594 E365.20016
G1 X104.587 Y116.285 E365.25506
G1 X105.369 Y116.887 E365.30963
G1 X106.204 Y117.379 E365.36322
G1 X107.112 Y117.778 E365.41806
G1 X108.057 Y118.066 E365.47269
G1 X109.012 Y118.239 E365.52635
G1 X110 Y118.299 E365.58108
G0 F9000 X110 Y118.774
;TYPE:WALL-OUTER
G1 F1353.2 X111.041 Y118.712 E365.63298
G1 X112.05 Y118.529 E365.68401
G1 X113.049 Y118.224 E365.73599
G1 X114.009 Y117.803 E365.78816
G1 X114.894 Y117.281 E365.83929
G1 X115.724 Y116.645 E365.89133
G1 X116.477 Y115.915 E365.94352
G1 X117.128 Y115.108 E365.99512
G1 X117.678 Y114.238 E366.04635
G1 X118.131 Y113.291 E366.09859
G1 X118.462 Y112.316 E366.14983
G1 X118.677 Y111.298 E366.20161
G1 X118.77 Y110.253 E366.25382
G1 X118.739 Y109.217 E366.3054
G1 X118.583 Y108.187 E366.35724
G1 X118.31 Y107.181 E366.40912
G1 X117.92 Y106.23 E366.46027
G1 X117.413 Y105.309 E366.51259
G1 X116.816 Y104.474 E366.56367
G1 X116.114 Y103.706 E366.61545
G1 X115.319 Y103.02 E366.66771
G1 X114.461 Y102.443 E366.71916
G1 X113.541 Y101.971 E366.77062
G1 X112.562 Y101.608 E366.82258
G1 X111.548 Y101.363 E366.8745
G1 X110.511 Y101.241 E366.92646
G1 X110 Y101.226 E366.9519
G1 X109.485 Y101.241 E366.97754
G1 X108.448 Y101.362 E367.0295
G1 X107.434 Y101.608 E367.08143
G1 X106.455 Y101.971 E367.13339
G1 X105.535 Y102.443 E367.18485
G1 X104.677 Y103.02 E367.2363
G1 X103.882 Y103.706 E367.28856
G1 X103.184 Y104.474 E367.3402
G1 X102.583 Y105.309 E367.3914
G1 X102.076 Y106.23 E367.44372
G1 X101.682 Y107.193 E367.4955
G1 X101.409 Y108.194 E367.54714
G1 X101.261 Y109.216 E367.59853
G1 X101.23 Y110.253 E367.65016
G1 X101.323 Y111.299 E367.70242
G1 X101.534 Y112.316 E367.75411
G1 X101.865 Y113.291 E367.80535
G1 X102.318 Y114.238 E367.85759
G1 X102.868 Y115.108 E367.90881
G1 X103.523 Y115.915 E367.96054
G1 X104.276 Y116.645 E368.01273
G1 X105.103 Y117.281 E368.06465
G1 X105.987 Y117.803 E368.11574
G1 X106.947 Y118.224 E368.16791
G1 X107.946 Y118.528 E368.21987
G1 X108.955 Y118.712 E368.27091
G1 X110 Y118.774 E368.32301
G0 F9000 X110.199 Y118.763
G1 F1500 E362.32301
G0 F9000 X110.159 Y118.064
G0 X109.931 Y116.571
G0 X109.983 Y115.873
G1 F1500 E368.32301
G1 F1353.2 X109.102 Y115.804 E368.36699
G1 X108.27 Y115.616 E368.40944
G1 X107.457 Y115.295 E368.45294
G1 X106.679 Y114.845 E368.49766
G1 X105.995 Y114.298 E368.54125
G1 X105.405 Y113.662 E368.58442
G1 X104.917 Y112.949 E368.62742
G1 X104.53 Y112.152 E368.67151
G1 X104.269 Y111.294 E368.71614
G1 X104.139 Y110.441 E368.75908
G1 X104.141 Y109.541 E368.80387
G1 X104.274 Y108.68 E368.84723
G1 X104.527 Y107.85 E368.89041
G1 X104.91 Y107.059 E368.93415
G1 X105.397 Y106.344 E368.9772
G1 X106.011 Y105.684 E369.02206
G1 X106.694 Y105.141 E369.06548
G1 X107.445 Y104.707 E369.10865
G1 X108.271 Y104.384 E369.15278
G1 X109.135 Y104.187 E369.19688
G1 X110.007 Y104.122 E369.2404
G1 X110.871 Y104.188 E369.28352
G1 X111.739 Y104.388 E369.32785
G1 X112.555 Y104.707 E369.37145
G1 X113.302 Y105.141 E369.41445
G1 X113.991 Y105.689 E369.45826
G1 X114.587 Y106.329 E369.50178
G1 X115.086 Y107.059 E369.54578
G1 X115.469 Y107.85 E369.58952
G1 X115.731 Y108.706 E369.63407
G1 X115.855 Y109.545 E369.67628
G1 X115.857 Y110.441 E369.72087
G1 X115.724 Y111.327 E369.76545
G1 X115.474 Y112.133 E369.80745
G1 X115.079 Y112.949 E369.85257
G1 X114.592 Y113.662 E369.89554
G1 X113.985 Y114.313 E369.93983
G1 X113.298 Y114.858 E369.98347
G1 X112.543 Y115.295 E370.02689
G1 X111.726 Y115.616 E370.07057
G1 X110.885 Y115.806 E370.11348
G1 X109.983 Y115.873 E370.15849
G0 F9000 X109.784 Y115.858
G0 X109.381 Y116.551
;TYPE:FILL
G1 F1353.2 X108.998 Y117.983 E370.25193
G0 F9000 X108.371 Y116.379
G1 F1353.2 X106.053 Y117 E370.4032
G0 F9000 X105.253 Y116.48
G1 F1353.2 X103.459 Y114.686 E370.56313
G0 F9000 X102.996 Y113.953
G1 F1353.2 X103.616 Y111.639 E370.71414
G0 F9000 X103.434 Y110.621
G1 F1353.2 X102.024 Y110.998 E370.80614
G0 F9000 X104.633 Y106.187
G1 F1353.2 X103.593 Y105.147 E370.89886
G0 F9000 X105.288 Y105.4
G1 F1353.2 X105.914 Y103.062 E371.05143
G0 F9000 X106.684 Y102.669
G1 F1353.2 X109.14 Y102.01 E371.21172
G0 F9000 X110.072 Y101.953
G1 F1353.2 X111.77 Y103.651 E371.36309
G0 F9000 X112.744 Y104
G1 F1353.2 X113.122 Y102.591 E371.45505
G0 F9000 X115.985 Y107.257
G1 F1353.2 X117.403 Y106.878 E371.54757
G0 F9000 X116.342 Y108.223
G1 F1353.2 X118.035 Y109.916 E371.6985
G0 F9000 X117.988 Y110.86
G1 F1353.2 X117.348 Y113.247 E371.85428
G0 F9000 X116.912 Y114.09
G1 F1353.2 X114.61 Y114.707 E372.00451
G0 F9000 X113.819 Y115.373
G1 F1353.2 X114.848 Y116.403 E372.09629
G0 F9000 X114.623 Y116.106
;MESH:NONMESH
G0 F600 X114.623 Y116.106 Z8.4
G0 F9000 X110.059 Y116.573
G0 X110.043 Y116.347
;TIME_ELAPSED:385.765412
;LAYER:29
;note -- min layer time used
;TYPE:WALL-INNER
;MESH:guia_rocker.STL
G1 F1394.2 X109.027 Y116.273 E372.15262
G1 X108.131 Y116.07 E372.20342
G1 X107.266 Y115.73 E372.25481
G1 X106.442 Y115.258 E372.30732
G1 X105.677 Y114.654 E372.36121
G1 X105.036 Y113.962 E372.41337
G1 X104.516 Y113.203 E372.46425
G1 X104.073 Y112.286 E372.52056
G1 X103.806 Y111.413 E372.57104
G1 X103.666 Y110.483 E372.62304
G1 X103.664 Y109.554 E372.67441
G1 X103.816 Y108.556 E372.73023
G1 X104.088 Y107.671 E372.78143
G1 X104.494 Y106.83 E372.83307
G1 X105.011 Y106.067 E372.88403
G1 X105.694 Y105.329 E372.93963
G1 X106.423 Y104.748 E372.99118
G1 X107.228 Y104.285 E373.04253
G1 X108.092 Y103.943 E373.09391
G1 X109.07 Y103.716 E373.14942
G1 X110.022 Y103.647 E373.2022
G1 X110.926 Y103.716 E373.25233
G1 X111.825 Y103.919 E373.3033
G1 X112.756 Y104.274 E373.35839
G1 X113.567 Y104.746 E373.41028
G1 X114.319 Y105.342 E373.46334
G1 X114.948 Y106.02 E373.51447
G1 X115.502 Y106.829 E373.56869
G1 X115.908 Y107.67 E373.62033
G1 X116.194 Y108.587 E373.67344
G1 X116.332 Y109.555 E373.72751
G1 X116.331 Y110.483 E373.77883
G1 X116.194 Y111.405 E373.83037
G1 X115.924 Y112.286 E373.88132
G1 X115.481 Y113.203 E373.93763
G1 X114.962 Y113.96 E373.98838
G1 X114.332 Y114.639 E374.0396
G1 X113.555 Y115.257 E374.0945
G1 X112.735 Y115.73 E374.14684
G1 X111.871 Y116.07 E374.19818
G1 X110.969 Y116.273 E374.2493
G1 X110.043 Y116.347 E374.30067
G0 F9000 X110.059 Y116.573
G0 X110 Y118.073
G0 X110 Y118.299
G1 F1394.2 X110.984 Y118.24 E374.35518
G1 X111.939 Y118.066 E374.40886
G1 X112.884 Y117.778 E374.46348
G1 X113.792 Y117.379 E374.51832
G1 X114.628 Y116.886 E374.57199
G1 X115.414 Y116.284 E374.62673
G1 X116.125 Y115.594 E374.68152
G1 X116.741 Y114.831 E374.73574
G1 X117.262 Y114.008 E374.7896
G1 X117.69 Y113.111 E374.84456
G1 X118.003 Y112.19 E374.89835
G1 X118.206 Y111.228 E374.95271
G1 X118.295 Y110.239 E375.00762
G1 X118.266 Y109.26 E375.06178
G1 X118.118 Y108.285 E375.11631
G1 X117.859 Y107.334 E375.17081
G1 X117.491 Y106.435 E375.22452
G1 X117.01 Y105.562 E375.27964
G1 X116.447 Y104.773 E375.33323
G1 X115.783 Y104.047 E375.38763
G1 X115.03 Y103.398 E375.4426
G1 X114.219 Y102.853 E375.49663
G1 X113.349 Y102.407 E375.55069
G1 X112.423 Y102.063 E375.60531
G1 X111.464 Y101.831 E375.65987
G1 X110.476 Y101.716 E375.71487
G1 X109.971 Y101.701 E375.74281
G1 X109.52 Y101.715 E375.76776
G1 X108.532 Y101.831 E375.82276
G1 X107.573 Y102.063 E375.87732
G1 X106.647 Y102.407 E375.93194
G1 X105.777 Y102.853 E375.986
G1 X104.966 Y103.398 E376.04003
G1 X104.214 Y104.047 E376.09496
G1 X103.553 Y104.774 E376.14929
G1 X102.986 Y105.564 E376.20306
G1 X102.505 Y106.435 E376.25808
G1 X102.133 Y107.346 E376.31249
G1 X101.875 Y108.291 E376.36666
G1 X101.735 Y109.258 E376.42068
G1 X101.705 Y110.239 E376.47495
G1 X101.794 Y111.229 E376.52992
G1 X101.993 Y112.191 E376.58424
G1 X102.306 Y113.111 E376.63797
G1 X102.734 Y114.008 E376.69293
G1 X103.254 Y114.831 E376.74676
G1 X103.874 Y115.594 E376.80112
G1 X104.587 Y116.285 E376.85602
G1 X105.369 Y116.887 E376.91059
G1 X106.204 Y117.379 E376.96418
G1 X107.112 Y117.778 E377.01902
G1 X108.057 Y118.066 E377.07365
G1 X109.012 Y118.239 E377.12732
G1 X110 Y118.299 E377.18205
G0 F9000 X110 Y118.774
;TYPE:WALL-OUTER
G1 F1394.2 X111.041 Y118.712 E377.23395
G1 X112.05 Y118.529 E377.28498
G1 X113.049 Y118.224 E377.33696
G1 X114.009 Y117.803 E377.38913
G1 X114.894 Y117.281 E377.44026
G1 X115.724 Y116.645 E377.4923
G1 X116.477 Y115.915 E377.54449
G1 X117.128 Y115.108 E377.59609
G1 X117.678 Y114.238 E377.64731
G1 X118.131 Y113.291 E377.69955
G1 X118.462 Y112.316 E377.75079
G1 X118.677 Y111.298 E377.80257
G1 X118.77 Y110.253 E377.85478
G1 X118.739 Y109.217 E377.90636
G1 X118.583 Y108.187 E377.95821
G1 X118.31 Y107.181 E378.01008
G1 X117.92 Y106.23 E378.06123
G1 X117.413 Y105.309 E378.11355
G1 X116.816 Y104.474 E378.16464
G1 X116.114 Y103.706 E378.21642
G1 X115.319 Y103.02 E378.26867
G1 X114.461 Y102.443 E378.32013
G1 X113.541 Y101.971 E378.37159
G1 X112.562 Y101.608 E378.42355
G1 X111.548 Y101.363 E378.47546
G1 X110.511 Y101.241 E378.52743
G1 X110 Y101.226 E378.55287
G1 X109.485 Y101.241 E378.57851
G1 X108.448 Y101.362 E378.63046
G1 X107.434 Y101.608 E378.68239
G1 X106.455 Y101.971 E378.73435
G1 X105.535 Y102.443 E378.78581
G1 X104.677 Y103.02 E378.83727
G1 X103.882 Y103.706 E378.88952
G1 X103.184 Y104.474 E378.94117
G1 X102.583 Y105.309 E378.99237
G1 X102.076 Y106.23 E379.04469
G1 X101.682 Y107.193 E379.09647
G1 X101.409 Y108.194 E379.1481
G1 X101.261 Y109.216 E379.19949
G1 X101.23 Y110.253 E379.25112
G1 X101.323 Y111.299 E379.30338
G1 X101.534 Y112.316 E379.35507
G1 X101.865 Y113.291 E379.40631
G1 X102.318 Y114.238 E379.45856
G1 X102.868 Y115.108 E379.50978
G1 X103.523 Y115.915 E379.5615
G1 X104.276 Y116.645 E379.61369
G1 X105.103 Y117.281 E379.66561
G1 X105.987 Y117.803 E379.7167
G1 X106.947 Y118.224 E379.76887
G1 X107.946 Y118.528 E379.82084
G1 X108.955 Y118.712 E379.87188
G1 X110 Y118.774 E379.92398
G0 F9000 X110.199 Y118.763
G1 F1500 E373.92398
G0 F9000 X110.159 Y118.064
G0 X109.931 Y116.571
G0 X109.983 Y115.873
G1 F1500 E379.92398
G1 F1394.2 X109.102 Y115.804 E379.96795
G1 X108.27 Y115.616 E380.0104
G1 X107.457 Y115.295 E380.0539
G1 X106.679 Y114.845 E380.09863
G1 X105.995 Y114.298 E380.14221
G1 X105.405 Y113.662 E380.18539
G1 X104.917 Y112.949 E380.22838
G1 X104.53 Y112.152 E380.27248
G1 X104.269 Y111.294 E380.31711
G1 X104.139 Y110.441 E380.36005
G1 X104.141 Y109.541 E380.40484
G1 X104.274 Y108.68 E380.44819
G1 X104.527 Y107.85 E380.49137
G1 X104.91 Y107.059 E380.53511
G1 X105.397 Y106.344 E380.57816
G1 X106.011 Y105.684 E380.62302
G1 X106.694 Y105.141 E380.66645
G1 X107.445 Y104.707 E380.70961
G1 X108.271 Y104.384 E380.75375
G1 X109.135 Y104.187 E380.79785
G1 X110.007 Y104.122 E380.84137
G1 X110.871 Y104.188 E380.88449
G1 X111.739 Y104.388 E380.92882
G1 X112.555 Y104.707 E380.97242
G1 X113.302 Y105.141 E381.01541
G1 X113.991 Y105.689 E381.05922
G1 X114.587 Y106.329 E381.10274
G1 X115.086 Y107.059 E381.14675
G1 X115.469 Y107.85 E381.19049
G1 X115.731 Y108.706 E381.23504
G1 X115.855 Y109.545 E381.27724
G1 X115.857 Y110.441 E381.32183
G1 X115.724 Y111.327 E381.36642
G1 X115.474 Y112.133 E381.40841
G1 X115.079 Y112.949 E381.45353
G1 X114.592 Y113.662 E381.4965
G1 X113.985 Y114.313 E381.5408
G1 X113.298 Y114.858 E381.58444
G1 X112.543 Y115.295 E381.62785
G1 X111.726 Y115.616 E381.67153
G1 X110.885 Y115.806 E381.71444
G1 X109.983 Y115.873 E381.75945
G0 F9000 X109.784 Y115.858
G0 X109.181 Y116.535
;TYPE:FILL
G1 F1394.2 X108.802 Y117.947 E381.85161
G0 F9000 X108.783 Y116.474
G1 F1394.2 X106.291 Y117.141 E382.01423
G1 X106.051 Y116.999
G1 X102.978 Y113.926 E382.28817
G1 X102.861 Y113.694
G1 X103.525 Y111.217 E382.44983
G0 F9000 X103.464 Y110.818
G1 F1394.2 X102.042 Y111.199 E382.54263
G0 F9000 X104.747 Y106.021
G1 F1394.2 X103.71 Y104.984 E382.63507
G0 F9000 X105.001 Y105.706
G1 F1394.2 X105.665 Y103.229 E382.79673
G1 X105.87 Y103.092
G1 X110.112 Y101.955 E383.07357
G1 X110.361 Y101.962
G1 X112.18 Y103.781 E383.23572
G0 F9000 X112.559 Y103.929
G1 F1394.2 X112.936 Y102.521 E383.3276
G0 F9000 X116.073 Y107.439
G1 F1394.2 X117.479 Y107.062 E383.41936
G0 F9000 X116.216 Y107.817
G1 F1394.2 X118.027 Y109.628 E383.58081
G0 F9000 X118.035 Y109.919
G1 F1394.2 X116.92 Y114.079 E383.8523
G0 F9000 X116.756 Y114.337
G1 F1394.2 X114.276 Y115.002 E384.01415
G0 F9000 X113.971 Y115.245
G1 F1394.2 X115.007 Y116.281 E384.1065
G0 F9000 X114.782 Y115.985
;MESH:NONMESH
G0 F600 X114.782 Y115.985 Z8.68
G0 F9000 X110.059 Y116.573
G0 X110.043 Y116.347
;TIME_ELAPSED:397.514294
;LAYER:30
;note -- min layer time used
;TYPE:WALL-INNER
;MESH:guia_rocker.STL
G1 F1450.8 X109.027 Y116.273 E384.16283
G1 X108.131 Y116.07 E384.21363
G1 X107.266 Y115.73 E384.26503
G1 X106.442 Y115.258 E384.31753
G1 X105.677 Y114.654 E384.37143
G1 X105.036 Y113.962 E384.42359
G1 X104.516 Y113.203 E384.47446
G1 X104.073 Y112.286 E384.53077
G1 X103.806 Y111.413 E384.58125
G1 X103.666 Y110.483 E384.63326
G1 X103.664 Y109.554 E384.68463
G1 X103.816 Y108.556 E384.74045
G1 X104.088 Y107.671 E384.79164
G1 X104.494 Y106.83 E384.84328
G1 X105.011 Y106.067 E384.89424
G1 X105.694 Y105.329 E384.94985
G1 X106.423 Y104.748 E385.00139
G1 X107.228 Y104.285 E385.05274
G1 X108.092 Y103.943 E385.10412
G1 X109.07 Y103.716 E385.15964
G1 X110.022 Y103.647 E385.21242
G1 X110.926 Y103.716 E385.26255
G1 X111.825 Y103.919 E385.31351
G1 X112.756 Y104.274 E385.36861
G1 X113.567 Y104.746 E385.42049
G1 X114.319 Y105.342 E385.47355
G1 X114.948 Y106.02 E385.52469
G1 X115.502 Y106.829 E385.57891
G1 X115.908 Y107.67 E385.63055
G1 X116.194 Y108.587 E385.68366
G1 X116.332 Y109.555 E385.73773
G1 X116.331 Y110.483 E385.78904
G1 X116.194 Y111.405 E385.84058
G1 X115.924 Y112.286 E385.89153
G1 X115.481 Y113.203 E385.94785
G1 X114.962 Y113.96 E385.9986
G1 X114.332 Y114.639 E386.04981
G1 X113.602 Y115.224 E386.10154
G1 X112.735 Y115.73 E386.15705
G1 X111.871 Y116.07 E386.20839
G1 X110.969 Y116.273 E386.25951
G1 X110.043 Y116.347 E386.31088
G0 F9000 X110.059 Y116.573
G0 X110 Y118.073
G0 X110 Y118.299
G1 F1450.8 X110.984 Y118.24 E386.36539
G1 X111.939 Y118.066 E386.41907
G1 X112.884 Y117.778 E386.47369
G1 X113.792 Y117.379 E386.52853
G1 X114.628 Y116.886 E386.5822
G1 X115.414 Y116.284 E386.63694
G1 X116.125 Y115.594 E386.69173
G1 X116.741 Y114.831 E386.74595
G1 X117.262 Y114.008 E386.79981
G1 X117.69 Y113.111 E386.85477
G1 X118.003 Y112.19 E386.90856
G1 X118.206 Y111.228 E386.96292
G1 X118.295 Y110.239 E387.01783
G1 X118.266 Y109.26 E387.07199
G1 X118.118 Y108.285 E387.12652
G1 X117.859 Y107.334 E387.18102
G1 X117.491 Y106.435 E387.23473
G1 X117.01 Y105.562 E387.28985
G1 X116.447 Y104.773 E387.34344
G1 X115.783 Y104.047 E387.39784
G1 X115.03 Y103.398 E387.45281
G1 X114.219 Y102.853 E387.50684
G1 X113.349 Y102.407 E387.5609
G1 X112.423 Y102.063 E387.61552
G1 X111.464 Y101.831 E387.67008
G1 X110.476 Y101.716 E387.72508
G1 X109.971 Y101.701 E387.75302
G1 X109.52 Y101.715 E387.77797
G1 X108.532 Y101.831 E387.83297
G1 X107.573 Y102.063 E387.88753
G1 X106.647 Y102.407 E387.94215
G1 X105.777 Y102.853 E387.99621
G1 X104.966 Y103.398 E388.05024
G1 X104.214 Y104.047 E388.10517
G1 X103.553 Y104.774 E388.1595
G1 X102.986 Y105.564 E388.21327
G1 X102.505 Y106.435 E388.26829
G1 X102.133 Y107.346 E388.3227
G1 X101.875 Y108.291 E388.37687
G1 X101.735 Y109.258 E388.43089
G1 X101.705 Y110.239 E388.48516
G1 X101.794 Y111.229 E388.54013
G1 X101.993 Y112.191 E388.59445
G1 X102.306 Y113.111 E388.64818
G1 X102.734 Y114.008 E388.70314
G1 X103.254 Y114.831 E388.75697
G1 X103.874 Y115.594 E388.81133
G1 X104.587 Y116.285 E388.86623
G1 X105.369 Y116.887 E388.9208
G1 X106.204 Y117.379 E388.97439
G1 X107.112 Y117.778 E389.02923
G1 X108.057 Y118.066 E389.08386
G1 X109.012 Y118.239 E389.13753
G1 X110 Y118.299 E389.19226
G0 F9000 X110 Y118.774
;TYPE:WALL-OUTER
G1 F1450.8 X111.041 Y118.712 E389.24416
G1 X112.05 Y118.529 E389.29519
G1 X113.049 Y118.224 E389.34717
G1 X114.009 Y117.803 E389.39934
G1 X114.894 Y117.281 E389.45047
G1 X115.724 Y116.645 E389.50251
G1 X116.477 Y115.915 E389.5547
G1 X117.128 Y115.108 E389.6063
G1 X117.678 Y114.238 E389.65752
G1 X118.131 Y113.291 E389.70976
G1 X118.462 Y112.316 E389.761
G1 X118.677 Y111.298 E389.81278
G1 X118.77 Y110.253 E389.86499
G1 X118.739 Y109.217 E389.91657
G1 X118.583 Y108.187 E389.96842
G1 X118.31 Y107.181 E390.02029
G1 X117.92 Y106.23 E390.07144
G1 X117.413 Y105.309 E390.12376
G1 X116.816 Y104.474 E390.17485
G1 X116.114 Y103.706 E390.22663
G1 X115.319 Y103.02 E390.27888
G1 X114.461 Y102.443 E390.33034
G1 X113.541 Y101.971 E390.3818
G1 X112.562 Y101.608 E390.43376
G1 X111.548 Y101.363 E390.48567
G1 X110.511 Y101.241 E390.53764
G1 X110 Y101.226 E390.56308
G1 X109.485 Y101.241 E390.58872
G1 X108.448 Y101.362 E390.64067
G1 X107.434 Y101.608 E390.6926
G1 X106.455 Y101.971 E390.74456
G1 X105.535 Y102.443 E390.79602
G1 X104.677 Y103.02 E390.84748
G1 X103.882 Y103.706 E390.89973
G1 X103.184 Y104.474 E390.95138
G1 X102.583 Y105.309 E391.00258
G1 X102.076 Y106.23 E391.0549
G1 X101.682 Y107.193 E391.10668
G1 X101.409 Y108.194 E391.15831
G1 X101.261 Y109.216 E391.2097
G1 X101.23 Y110.253 E391.26133
G1 X101.323 Y111.299 E391.31359
G1 X101.534 Y112.316 E391.36528
G1 X101.865 Y113.291 E391.41652
G1 X102.318 Y114.238 E391.46877
G1 X102.868 Y115.108 E391.51999
G1 X103.523 Y115.915 E391.57171
G1 X104.276 Y116.645 E391.6239
G1 X105.103 Y117.281 E391.67582
G1 X105.987 Y117.803 E391.72691
G1 X106.947 Y118.224 E391.77908
G1 X107.946 Y118.528 E391.83105
G1 X108.955 Y118.712 E391.88209
G1 X110 Y118.774 E391.93419
G0 F9000 X110.199 Y118.763
G1 F1500 E385.93419
G0 F9000 X110.159 Y118.064
G0 X109.931 Y116.571
G0 X109.983 Y115.873
G1 F1500 E391.93419
G1 F1450.8 X109.102 Y115.804 E391.97816
G1 X108.27 Y115.616 E392.02061
G1 X107.457 Y115.295 E392.06411
G1 X106.679 Y114.845 E392.10884
G1 X105.995 Y114.298 E392.15242
G1 X105.405 Y113.662 E392.1956
G1 X104.917 Y112.949 E392.23859
G1 X104.53 Y112.152 E392.28269
G1 X104.269 Y111.294 E392.32732
G1 X104.139 Y110.441 E392.37026
G1 X104.141 Y109.541 E392.41505
G1 X104.274 Y108.68 E392.4584
G1 X104.527 Y107.85 E392.50158
G1 X104.91 Y107.059 E392.54532
G1 X105.397 Y106.344 E392.58837
G1 X106.011 Y105.684 E392.63323
G1 X106.694 Y105.141 E392.67666
G1 X107.445 Y104.707 E392.71982
G1 X108.271 Y104.384 E392.76396
G1 X109.135 Y104.187 E392.80806
G1 X110.007 Y104.122 E392.85158
G1 X110.871 Y104.188 E392.8947
G1 X111.739 Y104.388 E392.93903
G1 X112.555 Y104.707 E392.98263
G1 X113.302 Y105.141 E393.02562
G1 X113.991 Y105.689 E393.06943
G1 X114.587 Y106.329 E393.11295
G1 X115.086 Y107.059 E393.15696
G1 X115.469 Y107.85 E393.2007
G1 X115.731 Y108.706 E393.24525
G1 X115.855 Y109.545 E393.28745
G1 X115.857 Y110.441 E393.33204
G1 X115.724 Y111.327 E393.37663
G1 X115.474 Y112.133 E393.41862
G1 X115.079 Y112.949 E393.46374
G1 X114.592 Y113.662 E393.50671
G1 X113.985 Y114.313 E393.55101
G1 X113.298 Y114.858 E393.59465
G1 X112.543 Y115.295 E393.63806
G1 X111.726 Y115.616 E393.68174
G1 X110.885 Y115.806 E393.72465
G1 X109.983 Y115.873 E393.76966
G0 F9000 X109.784 Y115.858
G0 X109.285 Y116.544
;TYPE:FILL
G1 F1450.8 X106.575 Y117.27 E393.94652
G1 X106.623 Y117.291
G1 X102.709 Y113.376 E394.29548
G1 X102.729 Y113.419
G1 X103.45 Y110.728 E394.47109
G0 F9000 X103.493 Y111.015
G1 F1450.8 X102.083 Y111.393 E394.56311
G0 F9000 X104.689 Y106.104
G1 F1450.8 X105.415 Y103.397 E394.73978
G1 X105.362 Y103.433
G1 X110.724 Y101.996 E395.08971
G1 X110.669 Y101.99
G1 X112.64 Y103.961 E395.26542
G0 F9000 X112.373 Y103.856
G1 F1450.8 X112.749 Y102.453 E395.35698
G0 F9000 X116.033 Y107.354
G1 F1450.8 X118.018 Y109.339 E395.53394
G1 X118.01 Y109.246
G1 X116.565 Y114.64 E395.88594
G1 X116.601 Y114.584
G1 X113.898 Y115.308 E396.06234
G0 F9000 X114.128 Y115.123
G1 F1450.8 X115.166 Y116.16 E396.15483
G0 F9000 X110.982 Y116.449
G0 X108.98 Y116.518
G1 F1450.8 X108.607 Y117.912 E396.24579
G0 F9000 X104.905 Y114.063
G0 X104.356 Y113.258
G0 X103.934 Y112.38
G0 X103.647 Y111.449
G0 X103.502 Y110.486
G0 X103.502 Y109.514
G0 X103.647 Y108.551
G0 X103.934 Y107.62
G0 X104.861 Y105.855
G1 F1450.8 X103.837 Y104.831 E396.33708
G0 F9000 X109.03 Y103.556
G0 X110 Y103.483
G0 X110.97 Y103.556
G0 X111.92 Y103.773
G0 X112.827 Y104.129
G0 X113.671 Y104.615
G0 X114.433 Y105.223
G0 X115.095 Y105.937
G0 X116.155 Y107.622
G1 F1450.8 X117.555 Y107.247 E396.42844
G0 F9000 X117.205 Y107.386
;MESH:NONMESH
G0 F600 X117.205 Y107.386 Z8.96
G0 F9000 X116.353 Y111.449
G0 X116.066 Y112.38
G0 X115.644 Y113.258
G0 X115.095 Y114.063
G0 X114.433 Y114.777
G0 X113.671 Y115.385
G0 X112.827 Y115.871
G0 X111.92 Y116.227
G0 X111.65 Y116.289
G0 X110.059 Y116.573
G0 X110.043 Y116.347
;TIME_ELAPSED:409.748594
;LAYER:31
;note -- min layer time used
;TYPE:WALL-INNER
;MESH:guia_rocker.STL
G1 F1496.9 X109.027 Y116.273 E396.48477
G1 X108.131 Y116.07 E396.53557
G1 X107.266 Y115.73 E396.58696
G1 X106.442 Y115.258 E396.63947
G1 X105.677 Y114.654 E396.69336
G1 X105.036 Y113.962 E396.74552
G1 X104.516 Y113.203 E396.7964
G1 X104.073 Y112.286 E396.85271
G1 X103.806 Y111.413 E396.90319
G1 X103.666 Y110.483 E396.95519
G1 X103.664 Y109.554 E397.00656
G1 X103.816 Y108.556 E397.06238
G1 X104.088 Y107.671 E397.11358
G1 X104.494 Y106.83 E397.16522
G1 X105.011 Y106.067 E397.21618
G1 X105.694 Y105.329 E397.27178
G1 X106.423 Y104.748 E397.32333
G1 X107.228 Y104.285 E397.37468
G1 X108.092 Y103.943 E397.42606
G1 X109.07 Y103.716 E397.48157
G1 X110.022 Y103.647 E397.53435
G1 X110.926 Y103.716 E397.58448
G1 X111.825 Y103.919 E397.63545
G1 X112.756 Y104.274 E397.69054
G1 X113.567 Y104.746 E397.74243
G1 X114.319 Y105.342 E397.79549
G1 X114.948 Y106.02 E397.84662
G1 X115.502 Y106.829 E397.90084
G1 X115.908 Y107.67 E397.95248
G1 X116.194 Y108.587 E398.00559
G1 X116.332 Y109.555 E398.05966
G1 X116.331 Y110.483 E398.11098
G1 X116.194 Y111.405 E398.16252
G1 X115.924 Y112.286 E398.21347
G1 X115.481 Y113.203 E398.26978
G1 X114.962 Y113.96 E398.32053
G1 X114.332 Y114.639 E398.37175
G1 X113.602 Y115.224 E398.42348
G1 X112.735 Y115.73 E398.47898
G1 X111.871 Y116.07 E398.53033
G1 X110.969 Y116.273 E398.58145
G1 X110.043 Y116.347 E398.63282
G0 F9000 X110.059 Y116.573
G0 X110 Y118.073
G0 X110 Y118.299
G1 F1496.9 X110.984 Y118.24 E398.68732
G1 X111.939 Y118.066 E398.741
G1 X112.884 Y117.778 E398.79563
G1 X113.792 Y117.379 E398.85047
G1 X114.628 Y116.886 E398.90413
G1 X115.414 Y116.284 E398.95888
G1 X116.125 Y115.594 E399.01366
G1 X116.741 Y114.831 E399.06789
G1 X117.262 Y114.008 E399.12175
G1 X117.69 Y113.111 E399.1767
G1 X118.003 Y112.19 E399.23049
G1 X118.206 Y111.228 E399.28486
G1 X118.295 Y110.239 E399.33976
G1 X118.266 Y109.26 E399.39392
G1 X118.118 Y108.285 E399.44845
G1 X117.859 Y107.334 E399.50295
G1 X117.491 Y106.435 E399.55666
G1 X117.01 Y105.562 E399.61178
G1 X116.447 Y104.773 E399.66538
G1 X115.783 Y104.047 E399.71978
G1 X115.03 Y103.398 E399.77475
G1 X114.219 Y102.853 E399.82878
G1 X113.349 Y102.407 E399.88283
G1 X112.423 Y102.063 E399.93746
G1 X111.464 Y101.831 E399.99201
G1 X110.476 Y101.716 E400.04701
G1 X109.971 Y101.701 E400.07495
G1 X109.52 Y101.715 E400.0999
G1 X108.532 Y101.831 E400.15491
G1 X107.573 Y102.063 E400.20947
G1 X106.647 Y102.407 E400.26409
G1 X105.777 Y102.853 E400.31815
G1 X104.966 Y103.398 E400.37218
G1 X104.214 Y104.047 E400.4271
G1 X103.553 Y104.774 E400.48143
G1 X102.986 Y105.564 E400.5352
G1 X102.505 Y106.435 E400.59022
G1 X102.133 Y107.346 E400.64463
G1 X101.875 Y108.291 E400.6988
G1 X101.735 Y109.258 E400.75283
G1 X101.705 Y110.239 E400.8071
G1 X101.794 Y111.229 E400.86206
G1 X101.993 Y112.191 E400.91638
G1 X102.306 Y113.111 E400.97011
G1 X102.734 Y114.008 E401.02507
G1 X103.254 Y114.831 E401.0789
G1 X103.874 Y115.594 E401.13326
G1 X104.587 Y116.285 E401.18817
G1 X105.369 Y116.887 E401.24274
G1 X106.204 Y117.379 E401.29633
G1 X107.112 Y117.778 E401.35117
G1 X108.057 Y118.066 E401.40579
G1 X109.012 Y118.239 E401.45946
G1 X110 Y118.299 E401.51419
G0 F9000 X110 Y118.774
;TYPE:WALL-OUTER
G1 F1496.9 X111.041 Y118.712 E401.56609
G1 X112.05 Y118.529 E401.61712
G1 X113.049 Y118.224 E401.6691
G1 X114.009 Y117.803 E401.72127
G1 X114.894 Y117.281 E401.7724
G1 X115.724 Y116.645 E401.82444
G1 X116.477 Y115.915 E401.87663
G1 X117.128 Y115.108 E401.92823
G1 X117.678 Y114.238 E401.97945
G1 X118.131 Y113.291 E402.0317
G1 X118.462 Y112.316 E402.08294
G1 X118.677 Y111.298 E402.13472
G1 X118.77 Y110.253 E402.18693
G1 X118.739 Y109.217 E402.23851
G1 X118.583 Y108.187 E402.29035
G1 X118.31 Y107.181 E402.34223
G1 X117.92 Y106.23 E402.39338
G1 X117.413 Y105.309 E402.4457
G1 X116.816 Y104.474 E402.49678
G1 X116.114 Y103.706 E402.54856
G1 X115.319 Y103.02 E402.60082
G1 X114.461 Y102.443 E402.65227
G1 X113.541 Y101.971 E402.70373
G1 X112.562 Y101.608 E402.75569
G1 X111.548 Y101.363 E402.80761
G1 X110.511 Y101.241 E402.85957
G1 X110 Y101.226 E402.88501
G1 X109.485 Y101.241 E402.91065
G1 X108.448 Y101.362 E402.96261
G1 X107.434 Y101.608 E403.01453
G1 X106.455 Y101.971 E403.0665
G1 X105.535 Y102.443 E403.11795
G1 X104.677 Y103.02 E403.16941
G1 X103.882 Y103.706 E403.22167
G1 X103.184 Y104.474 E403.27331
G1 X102.583 Y105.309 E403.32451
G1 X102.076 Y106.23 E403.37683
G1 X101.682 Y107.193 E403.42861
G1 X101.409 Y108.194 E403.48025
G1 X101.261 Y109.216 E403.53164
G1 X101.23 Y110.253 E403.58327
G1 X101.323 Y111.299 E403.63553
G1 X101.534 Y112.316 E403.68722
G1 X101.865 Y113.291 E403.73846
G1 X102.318 Y114.238 E403.7907
G1 X102.868 Y115.108 E403.84192
G1 X103.523 Y115.915 E403.89365
G1 X104.276 Y116.645 E403.94584
G1 X105.103 Y117.281 E403.99776
G1 X105.987 Y117.803 E404.04885
G1 X106.947 Y118.224 E404.10101
G1 X107.946 Y118.528 E404.15298
G1 X108.955 Y118.712 E404.20402
G1 X110 Y118.774 E404.25612
G0 F9000 X110.199 Y118.763
G1 F1500 E398.25612
G0 F9000 X110.159 Y118.064
G0 X109.931 Y116.571
G0 X109.983 Y115.873
G1 F1500 E404.25612
G1 F1496.9 X109.102 Y115.804 E404.3001
G1 X108.27 Y115.616 E404.34255
G1 X107.457 Y115.295 E404.38604
G1 X106.679 Y114.845 E404.43077
G1 X105.995 Y114.298 E404.47436
G1 X105.415 Y113.674 E404.51675
G1 X104.917 Y112.949 E404.56053
G1 X104.53 Y112.152 E404.60462
G1 X104.269 Y111.294 E404.64925
G1 X104.139 Y110.441 E404.69219
G1 X104.141 Y109.541 E404.73698
G1 X104.274 Y108.68 E404.78033
G1 X104.527 Y107.85 E404.82352
G1 X104.91 Y107.059 E404.86725
G1 X105.397 Y106.344 E404.9103
G1 X106.011 Y105.684 E404.95516
G1 X106.694 Y105.141 E404.99859
G1 X107.445 Y104.707 E405.04175
G1 X108.271 Y104.384 E405.08589
G1 X109.135 Y104.187 E405.12999
G1 X110.007 Y104.122 E405.17351
G1 X110.871 Y104.188 E405.21663
G1 X111.739 Y104.388 E405.26096
G1 X112.555 Y104.707 E405.30456
G1 X113.302 Y105.141 E405.34755
G1 X113.991 Y105.689 E405.39136
G1 X114.587 Y106.329 E405.43489
G1 X115.086 Y107.059 E405.47889
G1 X115.469 Y107.85 E405.52263
G1 X115.731 Y108.706 E405.56718
G1 X115.855 Y109.545 E405.60938
G1 X115.857 Y110.441 E405.65397
G1 X115.724 Y111.327 E405.69856
G1 X115.474 Y112.133 E405.74056
G1 X115.079 Y112.949 E405.78567
G1 X114.592 Y113.662 E405.82864
G1 X113.985 Y114.313 E405.87294
G1 X113.298 Y114.858 E405.91658
G1 X112.543 Y115.295 E405.95999
G1 X111.726 Y115.616 E406.00368
G1 X110.885 Y115.806 E406.04658
G1 X109.983 Y115.873 E406.0916
G0 F9000 X109.784 Y115.858
G0 X109.872 Y116.592
;TYPE:FILL
G1 F1496.9 X106.865 Y117.398 E406.28784
G1 X107.122 Y117.51
G1 X102.492 Y112.879 E406.70063
G0 F9000 X102.598 Y113.144
G1 F1496.9 X103.416 Y110.092 E406.89981
G0 F9000 X103.523 Y111.212
G1 F1496.9 X102.124 Y111.587 E406.99111
G0 F9000 X104.353 Y106.596
G1 F1496.9 X105.165 Y103.565 E407.18891
G0 F9000 X104.94 Y103.751
G1 F1496.9 X111.256 Y102.058 E407.6011
G1 X110.986 Y102.027
G1 X113.206 Y104.247 E407.79901
G0 F9000 X112.188 Y103.784
G1 F1496.9 X112.563 Y102.383 E407.89043
G0 F9000 X115.768 Y106.809
G1 F1496.9 X117.977 Y109.017 E408.08731
G1 X117.936 Y108.757
G1 X116.254 Y115.036 E408.49707
G1 X116.412 Y114.839
G1 X113.364 Y115.656 E408.69599
G0 F9000 X114.283 Y114.997
G1 F1496.9 X115.316 Y116.031 E408.78812
G0 F9000 X110 Y116.517
G0 X108.787 Y116.474
G1 F1496.9 X108.411 Y117.876 E408.87962
G0 F9000 X104.905 Y114.063
G0 X104.356 Y113.258
G0 X103.934 Y112.38
G0 X103.647 Y111.449
G0 X103.502 Y110.486
G0 X103.502 Y109.514
G0 X103.647 Y108.551
G0 X103.934 Y107.62
G0 X104.173 Y107.122
G0 X104.997 Y105.711
G1 F1496.9 X103.971 Y104.685 E408.97108
G0 F9000 X109.03 Y103.556
G0 X110 Y103.483
G0 X110.97 Y103.556
G0 X111.92 Y103.773
G0 X112.827 Y104.129
G0 X113.671 Y104.615
G0 X114.433 Y105.223
G0 X115.095 Y105.937
G0 X115.407 Y106.393
G0 X116.214 Y107.811
G1 F1496.9 X117.629 Y107.432 E409.06343
G0 F9000 X117.263 Y107.53
;MESH:NONMESH
G0 F600 X117.263 Y107.53 Z9.24
G0 F9000 X116.353 Y111.449
G0 X116.066 Y112.38
G0 X115.644 Y113.258
G0 X115.095 Y114.063
G0 X114.433 Y114.777
G0 X113.671 Y115.385
G0 X112.827 Y115.871
G0 X111.92 Y116.227
G0 X111.65 Y116.289
G0 X110.059 Y116.573
G0 X110.043 Y116.347
;TIME_ELAPSED:422.136185
;LAYER:32
;note -- min layer time used
;TYPE:WALL-INNER
;MESH:guia_rocker.STL
G1 F1528.5 X109.027 Y116.273 E409.11975
G1 X108.131 Y116.07 E409.17055
G1 X107.266 Y115.73 E409.22195
G1 X106.442 Y115.258 E409.27445
G1 X105.677 Y114.654 E409.32835
G1 X105.036 Y113.962 E409.38051
G1 X104.516 Y113.203 E409.43138
G1 X104.073 Y112.286 E409.48769
G1 X103.806 Y111.413 E409.53817
G1 X103.666 Y110.483 E409.59018
G1 X103.664 Y109.554 E409.64155
G1 X103.816 Y108.556 E409.69737
G1 X104.088 Y107.671 E409.74856
G1 X104.494 Y106.83 E409.8002
G1 X105.011 Y106.067 E409.85116
G1 X105.694 Y105.329 E409.90677
G1 X106.423 Y104.748 E409.95831
G1 X107.228 Y104.285 E410.00966
G1 X108.092 Y103.943 E410.06104
G1 X109.07 Y103.716 E410.11656
G1 X110.022 Y103.647 E410.16934
G1 X110.926 Y103.716 E410.21947
G1 X111.825 Y103.919 E410.27043
G1 X112.756 Y104.274 E410.32553
G1 X113.567 Y104.746 E410.37741
G1 X114.319 Y105.342 E410.43047
G1 X114.948 Y106.02 E410.48161
G1 X115.502 Y106.829 E410.53583
G1 X115.908 Y107.67 E410.58747
G1 X116.194 Y108.587 E410.64058
G1 X116.332 Y109.555 E410.69465
G1 X116.331 Y110.483 E410.74596
G1 X116.194 Y111.405 E410.7975
G1 X115.924 Y112.286 E410.84845
G1 X115.481 Y113.203 E410.90477
G1 X114.962 Y113.96 E410.95552
G1 X114.332 Y114.639 E411.00674
G1 X113.602 Y115.224 E411.05846
G1 X112.735 Y115.73 E411.11397
G1 X111.871 Y116.07 E411.16531
G1 X110.969 Y116.273 E411.21644
G1 X110.043 Y116.347 E411.2678
G0 F9000 X110.059 Y116.573
G0 X110 Y118.073
G0 X110 Y118.299
G1 F1528.5 X110.984 Y118.24 E411.32231
G1 X111.939 Y118.066 E411.37599
G1 X112.884 Y117.778 E411.43061
G1 X113.792 Y117.379 E411.48545
G1 X114.628 Y116.886 E411.53912
G1 X115.414 Y116.284 E411.59386
G1 X116.125 Y115.594 E411.64865
G1 X116.741 Y114.831 E411.70287
G1 X117.262 Y114.008 E411.75673
G1 X117.69 Y113.111 E411.81169
G1 X118.003 Y112.19 E411.86548
G1 X118.206 Y111.228 E411.91984
G1 X118.295 Y110.239 E411.97475
G1 X118.266 Y109.26 E412.02891
G1 X118.118 Y108.285 E412.08344
G1 X117.859 Y107.334 E412.13794
G1 X117.491 Y106.435 E412.19165
G1 X117.01 Y105.562 E412.24677
G1 X116.447 Y104.773 E412.30036
G1 X115.783 Y104.047 E412.35476
G1 X115.03 Y103.398 E412.40973
G1 X114.219 Y102.853 E412.46376
G1 X113.349 Y102.407 E412.51782
G1 X112.423 Y102.063 E412.57244
G1 X111.464 Y101.831 E412.627
G1 X110.476 Y101.716 E412.682
G1 X109.971 Y101.701 E412.70994
G1 X109.52 Y101.715 E412.73489
G1 X108.532 Y101.831 E412.78989
G1 X107.573 Y102.063 E412.84445
G1 X106.647 Y102.407 E412.89907
G1 X105.777 Y102.853 E412.95313
G1 X104.966 Y103.398 E413.00716
G1 X104.214 Y104.047 E413.06209
G1 X103.553 Y104.774 E413.11642
G1 X102.986 Y105.564 E413.17019
G1 X102.505 Y106.435 E413.22521
G1 X102.133 Y107.346 E413.27962
G1 X101.875 Y108.291 E413.33379
G1 X101.735 Y109.258 E413.38781
G1 X101.705 Y110.239 E413.44208
G1 X101.794 Y111.229 E413.49705
G1 X101.993 Y112.191 E413.55137
G1 X102.306 Y113.111 E413.6051
G1 X102.734 Y114.008 E413.66006
G1 X103.254 Y114.831 E413.71389
G1 X103.874 Y115.594 E413.76825
G1 X104.587 Y116.285 E413.82315
G1 X105.369 Y116.887 E413.87772
G1 X106.204 Y117.379 E413.93131
G1 X107.112 Y117.778 E413.98615
G1 X108.057 Y118.066 E414.04078
G1 X109.012 Y118.239 E414.09445
G1 X110 Y118.299 E414.14918
G0 F9000 X110 Y118.774
;TYPE:WALL-OUTER
G1 F1528.5 X111.041 Y118.712 E414.20108
G1 X112.05 Y118.529 E414.25211
G1 X113.049 Y118.224 E414.30409
G1 X114.009 Y117.803 E414.35626
G1 X114.894 Y117.281 E414.40739
G1 X115.724 Y116.645 E414.45943
G1 X116.477 Y115.915 E414.51162
G1 X117.128 Y115.108 E414.56322
G1 X117.678 Y114.238 E414.61444
G1 X118.131 Y113.291 E414.66668
G1 X118.462 Y112.316 E414.71792
G1 X118.677 Y111.298 E414.7697
G1 X118.77 Y110.253 E414.82191
G1 X118.739 Y109.217 E414.87349
G1 X118.583 Y108.187 E414.92534
G1 X118.31 Y107.181 E414.97721
G1 X117.92 Y106.23 E415.02836
G1 X117.413 Y105.309 E415.08068
G1 X116.816 Y104.474 E415.13177
G1 X116.114 Y103.706 E415.18355
G1 X115.319 Y103.02 E415.2358
G1 X114.461 Y102.443 E415.28726
G1 X113.541 Y101.971 E415.33872
G1 X112.562 Y101.608 E415.39068
G1 X111.548 Y101.363 E415.44259
G1 X110.511 Y101.241 E415.49456
G1 X110 Y101.226 E415.52
G1 X109.485 Y101.241 E415.54564
G1 X108.448 Y101.362 E415.59759
G1 X107.434 Y101.608 E415.64952
G1 X106.455 Y101.971 E415.70148
G1 X105.535 Y102.443 E415.75294
G1 X104.677 Y103.02 E415.8044
G1 X103.882 Y103.706 E415.85665
G1 X103.184 Y104.474 E415.9083
G1 X102.583 Y105.309 E415.9595
G1 X102.076 Y106.23 E416.01182
G1 X101.682 Y107.193 E416.0636
G1 X101.409 Y108.194 E416.11523
G1 X101.261 Y109.216 E416.16662
G1 X101.23 Y110.253 E416.21825
G1 X101.323 Y111.299 E416.27051
G1 X101.534 Y112.316 E416.3222
G1 X101.865 Y113.291 E416.37344
G1 X102.318 Y114.238 E416.42569
G1 X102.868 Y115.108 E416.47691
G1 X103.523 Y115.915 E416.52863
G1 X104.276 Y116.645 E416.58082
G1 X105.103 Y117.281 E416.63274
G1 X105.987 Y117.803 E416.68383
G1 X106.947 Y118.224 E416.736
G1 X107.946 Y118.528 E416.78797
G1 X108.955 Y118.712 E416.83901
G1 X110 Y118.774 E416.89111
G0 F9000 X110.199 Y118.763
G1 F1500 E410.89111
G0 F9000 X110.159 Y118.064
G0 X109.931 Y116.571
G0 X109.983 Y115.873
G1 F1500 E416.89111
G1 F1528.5 X109.102 Y115.804 E416.93508
G1 X108.27 Y115.616 E416.97753
G1 X107.457 Y115.295 E417.02103
G1 X106.679 Y114.845 E417.06576
G1 X105.995 Y114.298 E417.10934
G1 X105.405 Y113.662 E417.15252
G1 X104.917 Y112.949 E417.19551
G1 X104.53 Y112.152 E417.23961
G1 X104.269 Y111.294 E417.28424
G1 X104.139 Y110.441 E417.32718
G1 X104.141 Y109.541 E417.37197
G1 X104.274 Y108.68 E417.41532
G1 X104.527 Y107.85 E417.4585
G1 X104.905 Y107.069 E417.50168
G1 X105.397 Y106.344 E417.54529
G1 X106.011 Y105.684 E417.59015
G1 X106.694 Y105.141 E417.63357
G1 X107.445 Y104.707 E417.67674
G1 X108.271 Y104.384 E417.72087
G1 X109.135 Y104.187 E417.76497
G1 X110.007 Y104.122 E417.80849
G1 X110.871 Y104.188 E417.85161
G1 X111.739 Y104.388 E417.89594
G1 X112.555 Y104.707 E417.93954
G1 X113.302 Y105.141 E417.98254
G1 X113.991 Y105.689 E418.02635
G1 X114.587 Y106.329 E418.06987
G1 X115.086 Y107.059 E418.11387
G1 X115.469 Y107.85 E418.15761
G1 X115.731 Y108.706 E418.20216
G1 X115.855 Y109.545 E418.24437
G1 X115.857 Y110.441 E418.28896
G1 X115.724 Y111.327 E418.33354
G1 X115.474 Y112.133 E418.37554
G1 X115.079 Y112.949 E418.42066
G1 X114.592 Y113.662 E418.46363
G1 X113.985 Y114.313 E418.50792
G1 X113.298 Y114.858 E418.55156
G1 X112.543 Y115.295 E418.59498
G1 X111.726 Y115.616 E418.63866
G1 X110.885 Y115.806 E418.68157
G1 X109.983 Y115.873 E418.72658
G0 F9000 X109.784 Y115.858
G0 X109.732 Y116.556
G0 X110.864 Y116.531
;TYPE:FILL
G1 F1528.5 X107.155 Y117.525 E418.96863
G0 F9000 X107.54 Y117.648
G1 F1528.5 X102.347 Y112.455 E419.43157
G0 F9000 X102.476 Y112.834
G1 F1528.5 X103.472 Y109.117 E419.67414
G0 F9000 X103.922 Y107.439
G1 F1528.5 X104.901 Y103.783 E419.91272
G0 F9000 X104.595 Y104.048
G1 F1528.5 X111.698 Y102.145 E420.37626
G0 F9000 X111.304 Y102.064
G1 F1528.5 X114.051 Y104.812 E420.62119
G0 F9000 X115.249 Y106.009
G1 F1528.5 X117.927 Y108.688 E420.85997
G0 F9000 X117.858 Y108.283
G1 F1528.5 X115.947 Y115.417 E421.32553
G0 F9000 X116.202 Y115.101
G1 F1528.5 X112.489 Y116.096 E421.56784
G0 F9000 X114.439 Y114.873
G1 F1528.5 X115.459 Y115.893 E421.65877
G0 F9000 X110 Y116.517
G0 X108.594 Y116.429
G1 F1528.5 X108.216 Y117.841 E421.75091
G0 F9000 X104.905 Y114.063
G0 X104.356 Y113.258
G0 X103.553 Y111.409
G1 F1528.5 X102.163 Y111.781 E421.84161
G0 F9000 X104.356 Y106.742
G0 X105.132 Y105.566
G1 F1528.5 X104.104 Y104.538 E421.93326
G0 F9000 X109.03 Y103.556
G0 X110 Y103.483
G0 X112.002 Y103.711
G1 F1528.5 X112.376 Y102.314 E422.02442
G0 F9000 X115.644 Y106.742
G0 X116.272 Y108
G1 F1528.5 X117.68 Y107.623 E422.1163
G0 F9000 X117.317 Y107.722
;MESH:NONMESH
G0 F600 X117.317 Y107.722 Z9.52
G0 F9000 X116.066 Y112.38
G0 X115.644 Y113.258
G0 X115.095 Y114.063
G0 X114.433 Y114.777
G0 X113.671 Y115.385
G0 X112.827 Y115.871
G0 X111.92 Y116.227
G0 X111.65 Y116.289
G0 X110.059 Y116.573
G0 X110.043 Y116.347
;TIME_ELAPSED:434.699808
;LAYER:33
;note -- min layer time used
;TYPE:WALL-INNER
;MESH:guia_rocker.STL
G1 F1553.9 X109.027 Y116.273 E422.17263
G1 X108.131 Y116.07 E422.22343
G1 X107.266 Y115.73 E422.27482
G1 X106.442 Y115.258 E422.32733
G1 X105.677 Y114.654 E422.38123
G1 X105.036 Y113.962 E422.43338
G1 X104.516 Y113.203 E422.48426
G1 X104.073 Y112.286 E422.54057
G1 X103.806 Y111.413 E422.59105
G1 X103.666 Y110.483 E422.64305
G1 X103.664 Y109.554 E422.69442
G1 X103.816 Y108.556 E422.75024
G1 X104.088 Y107.671 E422.80144
G1 X104.494 Y106.83 E422.85308
G1 X105.011 Y106.067 E422.90404
G1 X105.694 Y105.329 E422.95964
G1 X106.423 Y104.748 E423.01119
G1 X107.228 Y104.285 E423.06254
G1 X108.092 Y103.943 E423.11392
G1 X109.07 Y103.716 E423.16943
G1 X110.022 Y103.647 E423.22221
G1 X110.926 Y103.716 E423.27235
G1 X111.825 Y103.919 E423.32331
G1 X112.756 Y104.274 E423.3784
G1 X113.567 Y104.746 E423.43029
G1 X114.319 Y105.342 E423.48335
G1 X114.948 Y106.02 E423.53449
G1 X115.502 Y106.829 E423.5887
G1 X115.908 Y107.67 E423.64034
G1 X116.194 Y108.587 E423.69346
G1 X116.332 Y109.555 E423.74752
G1 X116.331 Y110.483 E423.79884
G1 X116.194 Y111.405 E423.85038
G1 X115.924 Y112.286 E423.90133
G1 X115.481 Y113.203 E423.95764
G1 X114.962 Y113.96 E424.00839
G1 X114.332 Y114.639 E424.05961
G1 X113.602 Y115.224 E424.11134
G1 X112.735 Y115.73 E424.16685
G1 X111.871 Y116.07 E424.21819
G1 X110.969 Y116.273 E424.26931
G1 X110.043 Y116.347 E424.32068
G0 F9000 X110.059 Y116.573
G0 X110 Y118.073
G0 X110 Y118.299
G1 F1553.9 X110.984 Y118.24 E424.37518
G1 X111.939 Y118.066 E424.42886
G1 X112.884 Y117.778 E424.48349
G1 X113.792 Y117.379 E424.53833
G1 X114.628 Y116.886 E424.59199
G1 X115.414 Y116.284 E424.64674
G1 X116.125 Y115.594 E424.70152
G1 X116.741 Y114.831 E424.75575
G1 X117.262 Y114.008 E424.80961
G1 X117.69 Y113.111 E424.86456
G1 X118.003 Y112.19 E424.91835
G1 X118.206 Y111.228 E424.97272
G1 X118.295 Y110.239 E425.02762
G1 X118.266 Y109.26 E425.08178
G1 X118.118 Y108.285 E425.13631
G1 X117.859 Y107.334 E425.19081
G1 X117.491 Y106.435 E425.24453
G1 X117.01 Y105.562 E425.29964
G1 X116.447 Y104.773 E425.35324
G1 X115.783 Y104.047 E425.40764
G1 X115.03 Y103.398 E425.46261
G1 X114.219 Y102.853 E425.51664
G1 X113.349 Y102.407 E425.5707
G1 X112.423 Y102.063 E425.62532
G1 X111.464 Y101.831 E425.67988
G1 X110.476 Y101.716 E425.73488
G1 X109.971 Y101.701 E425.76281
G1 X109.52 Y101.715 E425.78776
G1 X108.532 Y101.831 E425.84277
G1 X107.573 Y102.063 E425.89733
G1 X106.647 Y102.407 E425.95195
G1 X105.777 Y102.853 E426.00601
G1 X104.966 Y103.398 E426.06004
G1 X104.214 Y104.047 E426.11496
G1 X103.553 Y104.774 E426.16929
G1 X102.986 Y105.564 E426.22306
G1 X102.505 Y106.435 E426.27808
G1 X102.133 Y107.346 E426.33249
G1 X101.875 Y108.291 E426.38666
G1 X101.735 Y109.258 E426.44069
G1 X101.705 Y110.239 E426.49496
G1 X101.794 Y111.229 E426.54992
G1 X101.993 Y112.191 E426.60424
G1 X102.306 Y113.111 E426.65798
G1 X102.734 Y114.008 E426.71293
G1 X103.254 Y114.831 E426.76676
G1 X103.874 Y115.594 E426.82112
G1 X104.587 Y116.285 E426.87603
G1 X105.369 Y116.887 E426.9306
G1 X106.204 Y117.379 E426.98419
G1 X107.112 Y117.778 E427.03903
G1 X108.057 Y118.066 E427.09365
G1 X109.012 Y118.239 E427.14732
G1 X110 Y118.299 E427.20205
G0 F9000 X110 Y118.774
;TYPE:WALL-OUTER
G1 F1553.9 X111.041 Y118.712 E427.25395
G1 X112.05 Y118.529 E427.30498
G1 X113.049 Y118.224 E427.35696
G1 X114.009 Y117.803 E427.40913
G1 X114.894 Y117.281 E427.46026
G1 X115.724 Y116.645 E427.5123
G1 X116.477 Y115.915 E427.56449
G1 X117.128 Y115.108 E427.61609
G1 X117.678 Y114.238 E427.66732
G1 X118.131 Y113.291 E427.71956
G1 X118.462 Y112.316 E427.7708
G1 X118.677 Y111.298 E427.82258
G1 X118.77 Y110.253 E427.87479
G1 X118.739 Y109.217 E427.92637
G1 X118.583 Y108.187 E427.97821
G1 X118.31 Y107.181 E428.03009
G1 X117.92 Y106.23 E428.08124
G1 X117.413 Y105.309 E428.13356
G1 X116.816 Y104.474 E428.18464
G1 X116.114 Y103.706 E428.23642
G1 X115.319 Y103.02 E428.28868
G1 X114.461 Y102.443 E428.34013
G1 X113.541 Y101.971 E428.39159
G1 X112.562 Y101.608 E428.44355
G1 X111.548 Y101.363 E428.49547
G1 X110.511 Y101.241 E428.54743
G1 X110 Y101.226 E428.57287
G1 X109.485 Y101.241 E428.59851
G1 X108.448 Y101.362 E428.65047
G1 X107.434 Y101.608 E428.70239
G1 X106.455 Y101.971 E428.75436
G1 X105.535 Y102.443 E428.80581
G1 X104.677 Y103.02 E428.85727
G1 X103.882 Y103.706 E428.90953
G1 X103.184 Y104.474 E428.96117
G1 X102.583 Y105.309 E429.01237
G1 X102.076 Y106.23 E429.06469
G1 X101.682 Y107.193 E429.11647
G1 X101.409 Y108.194 E429.16811
G1 X101.261 Y109.216 E429.2195
G1 X101.23 Y110.253 E429.27113
G1 X101.323 Y111.299 E429.32339
G1 X101.534 Y112.316 E429.37508
G1 X101.865 Y113.291 E429.42632
G1 X102.318 Y114.238 E429.47856
G1 X102.868 Y115.108 E429.52978
G1 X103.523 Y115.915 E429.58151
G1 X104.276 Y116.645 E429.6337
G1 X105.103 Y117.281 E429.68562
G1 X105.987 Y117.803 E429.73671
G1 X106.947 Y118.224 E429.78888
G1 X107.946 Y118.528 E429.84084
G1 X108.955 Y118.712 E429.89188
G1 X110 Y118.774 E429.94398
G0 F9000 X110.199 Y118.763
G1 F1500 E423.94398
G0 F9000 X110.159 Y118.064
G0 X109.931 Y116.571
G0 X109.983 Y115.873
G1 F1500 E429.94398
G1 F1553.9 X109.102 Y115.804 E429.98796
G1 X108.27 Y115.616 E430.03041
G1 X107.457 Y115.295 E430.07391
G1 X106.679 Y114.845 E430.11863
G1 X105.995 Y114.298 E430.16222
G1 X105.405 Y113.662 E430.20539
G1 X104.917 Y112.949 E430.24839
G1 X104.53 Y112.152 E430.29248
G1 X104.269 Y111.294 E430.33711
G1 X104.139 Y110.441 E430.38005
G1 X104.141 Y109.541 E430.42484
G1 X104.274 Y108.68 E430.4682
G1 X104.527 Y107.85 E430.51138
G1 X104.91 Y107.059 E430.55511
G1 X105.397 Y106.344 E430.59817
G1 X106.011 Y105.684 E430.64303
G1 X106.694 Y105.141 E430.68645
G1 X107.445 Y104.707 E430.72962
G1 X108.271 Y104.384 E430.77375
G1 X109.135 Y104.187 E430.81785
G1 X110.007 Y104.122 E430.86137
G1 X110.871 Y104.188 E430.90449
G1 X111.739 Y104.388 E430.94882
G1 X112.555 Y104.707 E430.99242
G1 X113.302 Y105.141 E431.03542
G1 X113.991 Y105.689 E431.07923
G1 X114.587 Y106.329 E431.12275
G1 X115.086 Y107.059 E431.16675
G1 X115.469 Y107.85 E431.21049
G1 X115.731 Y108.706 E431.25504
G1 X115.855 Y109.545 E431.29725
G1 X115.857 Y110.441 E431.34184
G1 X115.724 Y111.327 E431.38642
G1 X115.474 Y112.133 E431.42842
G1 X115.079 Y112.949 E431.47354
G1 X114.592 Y113.662 E431.51651
G1 X113.985 Y114.313 E431.5608
G1 X113.298 Y114.858 E431.60444
G1 X112.543 Y115.295 E431.64785
G1 X111.726 Y115.616 E431.69154
G1 X110.885 Y115.806 E431.73445
G1 X109.983 Y115.873 E431.77946
G0 F9000 X109.784 Y115.858
G0 X109.732 Y116.556
G0 X108.401 Y116.386
;TYPE:FILL
G1 F1553.9 X108.023 Y117.794 E431.87136
G1 X107.943 Y117.77
G1 X102.218 Y112.045 E432.38172
G1 X102.204 Y111.975
G1 X103.605 Y111.6 E432.47314
G0 F9000 X102.362 Y112.495
G1 F1553.9 X104.635 Y104.013 E433.02668
G0 F9000 X104.289 Y104.335
G1 F1553.9 X112.1 Y102.242 E433.53643
G1 X112.185 Y102.262
G1 X111.811 Y103.66 E433.62765
G0 F9000 X111.654 Y102.135
G1 F1553.9 X117.877 Y108.358 E434.18241
G0 F9000 X117.755 Y107.903
G1 F1553.9 X115.669 Y115.689 E434.69052
G1 X115.601 Y115.755
G1 X114.582 Y114.736 E434.78136
G0 F9000 X115.991 Y115.362
G1 F1553.9 X107.503 Y117.637 E435.3353
G0 F9000 X104.356 Y113.258
G0 X103.934 Y112.38
G0 X103.647 Y111.449
G0 X103.502 Y110.486
G0 X103.502 Y109.514
G0 X103.647 Y108.551
G0 X103.934 Y107.62
G0 X104.276 Y106.909
G0 X105.268 Y105.422
G1 F1553.9 X104.237 Y104.391 E435.42721
G0 F9000 X109.03 Y103.556
G0 X110 Y103.483
G0 X110.97 Y103.556
G0 X111.92 Y103.773
G0 X112.827 Y104.129
G0 X113.671 Y104.615
G0 X114.433 Y105.223
G0 X115.095 Y105.937
G0 X115.54 Y106.589
G0 X116.331 Y108.19
G1 F1553.9 X117.732 Y107.814 E435.51865
G0 F9000 X117.369 Y107.913
;MESH:NONMESH
G0 F600 X117.369 Y107.913 Z9.8
G0 F9000 X116.066 Y112.38
G0 X115.644 Y113.258
G0 X115.095 Y114.063
G0 X114.433 Y114.777
G0 X113.671 Y115.385
G0 X112.827 Y115.871
G0 X111.92 Y116.227
G0 X111.65 Y116.289
G0 X110.059 Y116.573
G0 X110.043 Y116.347
;TIME_ELAPSED:446.655053
;LAYER:34
;note -- min layer time used
;TYPE:WALL-INNER
;MESH:guia_rocker.STL
G1 F1552.8 X109.027 Y116.273 E435.57498
G1 X108.131 Y116.07 E435.62578
G1 X107.266 Y115.73 E435.67717
G1 X106.442 Y115.258 E435.72968
G1 X105.677 Y114.654 E435.78358
G1 X105.036 Y113.962 E435.83573
G1 X104.516 Y113.203 E435.88661
G1 X104.073 Y112.286 E435.94292
G1 X103.806 Y111.413 E435.9934
G1 X103.666 Y110.483 E436.0454
G1 X103.664 Y109.554 E436.09677
G1 X103.816 Y108.556 E436.15259
G1 X104.088 Y107.671 E436.20379
G1 X104.494 Y106.83 E436.25543
G1 X105.011 Y106.067 E436.30639
G1 X105.694 Y105.329 E436.36199
G1 X106.423 Y104.748 E436.41354
G1 X107.228 Y104.285 E436.46489
G1 X108.092 Y103.943 E436.51627
G1 X109.07 Y103.716 E436.57179
G1 X110.022 Y103.647 E436.62456
G1 X110.926 Y103.716 E436.6747
G1 X111.825 Y103.919 E436.72566
G1 X112.756 Y104.274 E436.78075
G1 X113.567 Y104.746 E436.83264
G1 X114.319 Y105.342 E436.8857
G1 X114.948 Y106.02 E436.93684
G1 X115.502 Y106.829 E436.99105
G1 X115.908 Y107.67 E437.04269
G1 X116.194 Y108.587 E437.09581
G1 X116.332 Y109.555 E437.14987
G1 X116.331 Y110.483 E437.20119
G1 X116.194 Y111.405 E437.25273
G1 X115.924 Y112.286 E437.30368
G1 X115.481 Y113.203 E437.35999
G1 X114.962 Y113.96 E437.41074
G1 X114.332 Y114.639 E437.46196
G1 X113.602 Y115.224 E437.51369
G1 X112.735 Y115.73 E437.5692
G1 X111.871 Y116.07 E437.62054
G1 X110.969 Y116.273 E437.67166
G1 X110.043 Y116.347 E437.72303
G0 F9000 X110.059 Y116.573
G0 X110 Y118.073
G0 X110 Y118.299
G1 F1552.8 X110.984 Y118.24 E437.77753
G1 X111.939 Y118.066 E437.83121
G1 X112.884 Y117.778 E437.88584
G1 X113.792 Y117.379 E437.94068
G1 X114.628 Y116.886 E437.99434
G1 X115.414 Y116.284 E438.04909
G1 X116.125 Y115.594 E438.10387
G1 X116.741 Y114.831 E438.1581
G1 X117.262 Y114.008 E438.21196
G1 X117.69 Y113.111 E438.26691
G1 X118.003 Y112.19 E438.3207
G1 X118.206 Y111.228 E438.37507
G1 X118.295 Y110.239 E438.42997
G1 X118.266 Y109.26 E438.48413
G1 X118.118 Y108.285 E438.53866
G1 X117.859 Y107.334 E438.59316
G1 X117.491 Y106.435 E438.64688
G1 X117.01 Y105.562 E438.70199
G1 X116.447 Y104.773 E438.75559
G1 X115.783 Y104.047 E438.80999
G1 X115.03 Y103.398 E438.86496
G1 X114.219 Y102.853 E438.91899
G1 X113.349 Y102.407 E438.97305
G1 X112.423 Y102.063 E439.02767
G1 X111.464 Y101.831 E439.08223
G1 X110.476 Y101.716 E439.13723
G1 X109.971 Y101.701 E439.16516
G1 X109.52 Y101.715 E439.19011
G1 X108.532 Y101.831 E439.24512
G1 X107.573 Y102.063 E439.29968
G1 X106.647 Y102.407 E439.3543
G1 X105.777 Y102.853 E439.40836
G1 X104.966 Y103.398 E439.46239
G1 X104.214 Y104.047 E439.51731
G1 X103.553 Y104.774 E439.57165
G1 X102.986 Y105.564 E439.62541
G1 X102.505 Y106.435 E439.68043
G1 X102.133 Y107.346 E439.73484
G1 X101.875 Y108.291 E439.78901
G1 X101.735 Y109.258 E439.84304
G1 X101.705 Y110.239 E439.89731
G1 X101.794 Y111.229 E439.95227
G1 X101.993 Y112.191 E440.00659
G1 X102.306 Y113.111 E440.06033
G1 X102.734 Y114.008 E440.11528
G1 X103.254 Y114.831 E440.16911
G1 X103.874 Y115.594 E440.22348
G1 X104.587 Y116.285 E440.27838
G1 X105.369 Y116.887 E440.33295
G1 X106.204 Y117.379 E440.38654
G1 X107.112 Y117.778 E440.44138
G1 X108.057 Y118.066 E440.49601
G1 X109.012 Y118.239 E440.54967
G1 X110 Y118.299 E440.6044
G0 F9000 X110 Y118.774
;TYPE:WALL-OUTER
G1 F1552.8 X111.041 Y118.712 E440.6563
G1 X112.05 Y118.529 E440.70733
G1 X113.049 Y118.224 E440.75931
G1 X114.009 Y117.803 E440.81148
G1 X114.894 Y117.281 E440.86261
G1 X115.724 Y116.645 E440.91465
G1 X116.477 Y115.915 E440.96684
G1 X117.128 Y115.108 E441.01844
G1 X117.678 Y114.238 E441.06967
G1 X118.131 Y113.291 E441.12191
G1 X118.462 Y112.316 E441.17315
G1 X118.677 Y111.298 E441.22493
G1 X118.77 Y110.253 E441.27714
G1 X118.739 Y109.217 E441.32872
G1 X118.583 Y108.187 E441.38056
G1 X118.31 Y107.181 E441.43244
G1 X117.92 Y106.23 E441.48359
G1 X117.413 Y105.309 E441.53591
G1 X116.816 Y104.474 E441.58699
G1 X116.114 Y103.706 E441.63877
G1 X115.319 Y103.02 E441.69103
G1 X114.461 Y102.443 E441.74248
G1 X113.541 Y101.971 E441.79394
G1 X112.562 Y101.608 E441.8459
G1 X111.548 Y101.363 E441.89782
G1 X110.511 Y101.241 E441.94978
G1 X110 Y101.226 E441.97522
G1 X109.485 Y101.241 E442.00086
G1 X108.448 Y101.362 E442.05282
G1 X107.434 Y101.608 E442.10475
G1 X106.455 Y101.971 E442.15671
G1 X105.535 Y102.443 E442.20817
G1 X104.677 Y103.02 E442.25962
G1 X103.882 Y103.706 E442.31188
G1 X103.184 Y104.474 E442.36352
G1 X102.583 Y105.309 E442.41472
G1 X102.076 Y106.23 E442.46704
G1 X101.682 Y107.193 E442.51882
G1 X101.409 Y108.194 E442.57046
G1 X101.261 Y109.216 E442.62185
G1 X101.23 Y110.253 E442.67348
G1 X101.323 Y111.299 E442.72574
G1 X101.534 Y112.316 E442.77743
G1 X101.865 Y113.291 E442.82867
G1 X102.318 Y114.238 E442.88091
G1 X102.868 Y115.108 E442.93213
G1 X103.523 Y115.915 E442.98386
G1 X104.276 Y116.645 E443.03605
G1 X105.103 Y117.281 E443.08797
G1 X105.987 Y117.803 E443.13906
G1 X106.947 Y118.224 E443.19123
G1 X107.946 Y118.528 E443.24319
G1 X108.955 Y118.712 E443.29423
G1 X110 Y118.774 E443.34633
G0 F9000 X110.199 Y118.763
G1 F1500 E437.34633
G0 F9000 X110.159 Y118.064
G0 X109.931 Y116.571
G0 X109.983 Y115.873
G1 F1500 E443.34633
G1 F1552.8 X109.102 Y115.804 E443.39031
G1 X108.27 Y115.616 E443.43276
G1 X107.457 Y115.295 E443.47626
G1 X106.679 Y114.845 E443.52098
G1 X105.995 Y114.298 E443.56457
G1 X105.405 Y113.662 E443.60774
G1 X104.917 Y112.949 E443.65074
G1 X104.53 Y112.152 E443.69483
G1 X104.269 Y111.294 E443.73946
G1 X104.139 Y110.441 E443.7824
G1 X104.141 Y109.541 E443.82719
G1 X104.274 Y108.68 E443.87055
G1 X104.527 Y107.85 E443.91373
G1 X104.91 Y107.059 E443.95747
G1 X105.397 Y106.344 E444.00052
G1 X106.011 Y105.684 E444.04538
G1 X106.694 Y105.141 E444.0888
G1 X107.445 Y104.707 E444.13197
G1 X108.271 Y104.384 E444.1761
G1 X109.135 Y104.187 E444.2202
G1 X110.007 Y104.122 E444.26372
G1 X110.871 Y104.188 E444.30684
G1 X111.739 Y104.388 E444.35117
G1 X112.555 Y104.707 E444.39477
G1 X113.302 Y105.141 E444.43777
G1 X113.991 Y105.689 E444.48158
G1 X114.587 Y106.329 E444.5251
G1 X115.086 Y107.059 E444.5691
G1 X115.469 Y107.85 E444.61284
G1 X115.731 Y108.706 E444.65739
G1 X115.855 Y109.545 E444.6996
G1 X115.857 Y110.441 E444.74419
G1 X115.724 Y111.327 E444.78877
G1 X115.474 Y112.133 E444.83077
G1 X115.079 Y112.949 E444.87589
G1 X114.592 Y113.662 E444.91886
G1 X113.985 Y114.313 E444.96315
G1 X113.298 Y114.858 E445.00679
G1 X112.543 Y115.295 E445.05021
G1 X111.726 Y115.616 E445.09389
G1 X110.885 Y115.806 E445.1368
G1 X109.983 Y115.873 E445.18181
G0 F9000 X109.784 Y115.858
G0 X109.732 Y116.556
G0 X108.208 Y116.341
;TYPE:FILL
G1 F1552.8 X107.834 Y117.736 E445.27285
G1 X107.861 Y117.746
G1 X115.72 Y115.64 E445.78573
G1 X115.743 Y115.617
G1 X114.717 Y114.591 E445.8772
G0 F9000 X115.392 Y115.958
G1 F1552.8 X117.652 Y107.523 E446.42766
G0 F9000 X117.776 Y107.977
G1 F1552.8 X112.024 Y102.225 E446.94043
G1 X111.993 Y102.216
G1 X111.617 Y103.617 E447.03187
G0 F9000 X112.47 Y102.348
G1 F1552.8 X104.043 Y104.606 E447.58182
G0 F9000 X104.367 Y104.249
G1 F1552.8 X102.248 Y112.157 E448.09789
G1 X102.249 Y112.168
G1 X103.662 Y111.789 E448.19011
G0 F9000 X102.144 Y111.692
G1 F1552.8 X108.31 Y117.857 E448.73975
G0 F9000 X112.827 Y115.871
G0 X113.671 Y115.385
G0 X114.433 Y114.777
G0 X115.095 Y114.063
G0 X115.644 Y113.258
G0 X116.066 Y112.38
G0 X116.353 Y111.449
G0 X116.498 Y110.486
G0 X116.498 Y109.934
G0 X116.389 Y108.379
G1 F1552.8 X117.784 Y108.005 E448.83079
G0 F9000 X113.671 Y104.615
G0 X112.827 Y104.129
G0 X111.92 Y103.773
G0 X110.97 Y103.556
G0 X110 Y103.483
G0 X109.03 Y103.556
G0 X108.08 Y103.773
G0 X107.173 Y104.129
G0 X106.694 Y104.404
G0 X105.403 Y105.278
G1 F1552.8 X104.37 Y104.245 E448.92288
G0 F9000 X104.648 Y104.502
;MESH:NONMESH
G0 F600 X104.648 Y104.502 Z10.08
G0 F9000 X103.647 Y108.551
G0 X103.502 Y109.514
G0 X103.502 Y110.486
G0 X103.647 Y111.449
G0 X103.934 Y112.38
G0 X104.356 Y113.258
G0 X104.905 Y114.063
G0 X105.567 Y114.777
G0 X106.329 Y115.385
G0 X107.173 Y115.871
G0 X108.08 Y116.227
G0 X108.619 Y116.35
G0 X110.059 Y116.573
G0 X110.043 Y116.347
;TIME_ELAPSED:458.660628
;LAYER:35
;note -- min layer time used
;TYPE:WALL-INNER
;MESH:guia_rocker.STL
G1 F1536.2 X109.027 Y116.273 E448.9792
G1 X108.131 Y116.07 E449.03
G1 X107.266 Y115.73 E449.0814
G1 X106.442 Y115.258 E449.13391
G1 X105.677 Y114.654 E449.1878
G1 X105.036 Y113.962 E449.23996
G1 X104.516 Y113.203 E449.29083
G1 X104.073 Y112.286 E449.34715
G1 X103.806 Y111.413 E449.39763
G1 X103.666 Y110.483 E449.44963
G1 X103.664 Y109.554 E449.501
G1 X103.816 Y108.556 E449.55682
G1 X104.088 Y107.671 E449.60801
G1 X104.494 Y106.83 E449.65965
G1 X105.011 Y106.067 E449.71062
G1 X105.694 Y105.329 E449.76622
G1 X106.423 Y104.748 E449.81776
G1 X107.228 Y104.285 E449.86911
G1 X108.092 Y103.943 E449.9205
G1 X109.07 Y103.716 E449.97601
G1 X110.022 Y103.647 E450.02879
G1 X110.926 Y103.716 E450.07892
G1 X111.825 Y103.919 E450.12988
G1 X112.756 Y104.274 E450.18498
G1 X113.567 Y104.746 E450.23687
G1 X114.319 Y105.342 E450.28992
G1 X114.948 Y106.02 E450.34106
G1 X115.502 Y106.829 E450.39528
G1 X115.908 Y107.67 E450.44692
G1 X116.194 Y108.587 E450.50003
G1 X116.332 Y109.555 E450.5541
G1 X116.331 Y110.483 E450.60541
G1 X116.194 Y111.405 E450.65695
G1 X115.924 Y112.286 E450.70791
G1 X115.481 Y113.203 E450.76422
G1 X114.962 Y113.96 E450.81497
G1 X114.332 Y114.639 E450.86619
G1 X113.602 Y115.224 E450.91791
G1 X112.735 Y115.73 E450.97342
G1 X111.871 Y116.07 E451.02476
G1 X110.969 Y116.273 E451.07589
G1 X110.043 Y116.347 E451.12725
G0 F9000 X110.059 Y116.573
G0 X110 Y118.073
G0 X110 Y118.299
G1 F1536.2 X110.984 Y118.24 E451.18176
G1 X111.939 Y118.066 E451.23544
G1 X112.884 Y117.778 E451.29006
G1 X113.792 Y117.379 E451.3449
G1 X114.628 Y116.886 E451.39857
G1 X115.414 Y116.284 E451.45332
G1 X116.125 Y115.594 E451.5081
G1 X116.741 Y114.831 E451.56232
G1 X117.262 Y114.008 E451.61618
G1 X117.69 Y113.111 E451.67114
G1 X118.003 Y112.19 E451.72493
G1 X118.206 Y111.228 E451.77929
G1 X118.295 Y110.239 E451.8342
G1 X118.266 Y109.26 E451.88836
G1 X118.118 Y108.285 E451.94289
G1 X117.859 Y107.334 E451.99739
G1 X117.491 Y106.435 E452.0511
G1 X117.01 Y105.562 E452.10622
G1 X116.447 Y104.773 E452.15981
G1 X115.783 Y104.047 E452.21422
G1 X115.03 Y103.398 E452.26918
G1 X114.219 Y102.853 E452.32321
G1 X113.349 Y102.407 E452.37727
G1 X112.423 Y102.063 E452.43189
G1 X111.464 Y101.831 E452.48645
G1 X110.476 Y101.716 E452.54145
G1 X109.971 Y101.701 E452.56939
G1 X109.52 Y101.715 E452.59434
G1 X108.532 Y101.831 E452.64935
G1 X107.573 Y102.063 E452.7039
G1 X106.647 Y102.407 E452.75853
G1 X105.777 Y102.853 E452.81258
G1 X104.966 Y103.398 E452.86661
G1 X104.214 Y104.047 E452.92154
G1 X103.553 Y104.774 E452.97587
G1 X102.986 Y105.564 E453.02964
G1 X102.505 Y106.435 E453.08466
G1 X102.133 Y107.346 E453.13907
G1 X101.875 Y108.291 E453.19324
G1 X101.735 Y109.258 E453.24726
G1 X101.705 Y110.239 E453.30153
G1 X101.794 Y111.229 E453.3565
G1 X101.993 Y112.191 E453.41082
G1 X102.306 Y113.111 E453.46455
G1 X102.734 Y114.008 E453.51951
G1 X103.254 Y114.831 E453.57334
G1 X103.874 Y115.594 E453.6277
G1 X104.587 Y116.285 E453.6826
G1 X105.369 Y116.887 E453.73717
G1 X106.204 Y117.379 E453.79076
G1 X107.112 Y117.778 E453.84561
G1 X108.057 Y118.066 E453.90023
G1 X109.012 Y118.239 E453.9539
G1 X110 Y118.299 E454.00863
G0 F9000 X110 Y118.774
;TYPE:WALL-OUTER
G1 F1536.2 X111.041 Y118.712 E454.06053
G1 X112.05 Y118.529 E454.11156
G1 X113.049 Y118.224 E454.16354
G1 X114.009 Y117.803 E454.21571
G1 X114.894 Y117.281 E454.26684
G1 X115.724 Y116.645 E454.31888
G1 X116.477 Y115.915 E454.37107
G1 X117.128 Y115.108 E454.42267
G1 X117.678 Y114.238 E454.47389
G1 X118.131 Y113.291 E454.52613
G1 X118.462 Y112.316 E454.57738
G1 X118.677 Y111.298 E454.62915
G1 X118.77 Y110.253 E454.68137
G1 X118.739 Y109.217 E454.73295
G1 X118.583 Y108.187 E454.78479
G1 X118.31 Y107.181 E454.83666
G1 X117.92 Y106.23 E454.88782
G1 X117.413 Y105.309 E454.94013
G1 X116.816 Y104.474 E454.99122
G1 X116.114 Y103.706 E455.043
G1 X115.319 Y103.02 E455.09525
G1 X114.461 Y102.443 E455.14671
G1 X113.541 Y101.971 E455.19817
G1 X112.562 Y101.608 E455.25013
G1 X111.548 Y101.363 E455.30204
G1 X110.511 Y101.241 E455.35401
G1 X110 Y101.226 E455.37945
G1 X109.485 Y101.241 E455.40509
G1 X108.448 Y101.362 E455.45705
G1 X107.434 Y101.608 E455.50897
G1 X106.455 Y101.971 E455.56093
G1 X105.535 Y102.443 E455.61239
G1 X104.677 Y103.02 E455.66385
G1 X103.882 Y103.706 E455.7161
G1 X103.184 Y104.474 E455.76775
G1 X102.583 Y105.309 E455.81895
G1 X102.076 Y106.23 E455.87127
G1 X101.682 Y107.193 E455.92305
G1 X101.409 Y108.194 E455.97468
G1 X101.261 Y109.216 E456.02607
G1 X101.23 Y110.253 E456.0777
G1 X101.323 Y111.299 E456.12996
G1 X101.534 Y112.316 E456.18165
G1 X101.865 Y113.291 E456.2329
G1 X102.318 Y114.238 E456.28514
G1 X102.868 Y115.108 E456.33636
G1 X103.523 Y115.915 E456.38808
G1 X104.276 Y116.645 E456.44028
G1 X105.103 Y117.281 E456.4922
G1 X105.987 Y117.803 E456.54329
G1 X106.947 Y118.224 E456.59545
G1 X107.946 Y118.528 E456.64742
G1 X108.955 Y118.712 E456.69846
G1 X110 Y118.774 E456.75056
G0 F9000 X110.199 Y118.763
G1 F1500 E450.75056
G0 F9000 X110.159 Y118.064
G0 X109.931 Y116.571
G0 X109.983 Y115.873
G1 F1500 E456.75056
G1 F1536.2 X109.102 Y115.804 E456.79453
G1 X108.27 Y115.616 E456.83698
G1 X107.457 Y115.295 E456.88048
G1 X106.679 Y114.845 E456.92521
G1 X105.995 Y114.298 E456.9688
G1 X105.405 Y113.662 E457.01197
G1 X104.917 Y112.949 E457.05497
G1 X104.53 Y112.152 E457.09906
G1 X104.269 Y111.294 E457.14369
G1 X104.139 Y110.441 E457.18663
G1 X104.141 Y109.541 E457.23142
G1 X104.274 Y108.68 E457.27477
G1 X104.527 Y107.85 E457.31796
G1 X104.91 Y107.059 E457.36169
G1 X105.397 Y106.344 E457.40474
G1 X106.011 Y105.684 E457.4496
G1 X106.694 Y105.141 E457.49303
G1 X107.445 Y104.707 E457.53619
G1 X108.271 Y104.384 E457.58033
G1 X109.135 Y104.187 E457.62443
G1 X110.007 Y104.122 E457.66795
G1 X110.871 Y104.188 E457.71107
G1 X111.739 Y104.388 E457.7554
G1 X112.555 Y104.707 E457.799
G1 X113.302 Y105.141 E457.84199
G1 X113.991 Y105.689 E457.8858
G1 X114.587 Y106.329 E457.92933
G1 X115.086 Y107.059 E457.97333
G1 X115.469 Y107.85 E458.01707
G1 X115.731 Y108.706 E458.06162
G1 X115.855 Y109.545 E458.10382
G1 X115.857 Y110.441 E458.14841
G1 X115.729 Y111.307 E458.19198
G1 X115.474 Y112.133 E458.235
G1 X115.079 Y112.949 E458.28012
G1 X114.592 Y113.662 E458.32309
G1 X113.985 Y114.313 E458.36738
G1 X113.298 Y114.858 E458.41102
G1 X112.543 Y115.295 E458.45443
G1 X111.726 Y115.616 E458.49812
G1 X110.885 Y115.806 E458.54103
G1 X109.983 Y115.873 E458.58604
G0 F9000 X109.784 Y115.858
G0 X109.732 Y116.556
G0 X108.016 Y116.291
;TYPE:FILL
G1 F1536.2 X107.644 Y117.679 E458.67662
G0 F9000 X108.249 Y117.847
G1 F1536.2 X115.427 Y115.923 E459.14507
G0 F9000 X115.124 Y116.191
G1 F1536.2 X116.135 Y112.42 E459.39117
G0 F9000 X116.496 Y111.071
G1 F1536.2 X117.534 Y107.198 E459.64393
G0 F9000 X117.671 Y107.592
G1 F1536.2 X112.403 Y102.324 E460.11355
G0 F9000 X112.791 Y102.467
G1 F1536.2 X109.06 Y103.467 E460.35704
G0 F9000 X107.708 Y103.829
G1 F1536.2 X103.798 Y104.877 E460.61221
G0 F9000 X104.076 Y104.569
G1 F1536.2 X102.155 Y111.738 E461.08006
G0 F9000 X102.071 Y111.338
G1 F1536.2 X104.824 Y114.091 E461.32548
G0 F9000 X105.787 Y115.054
G1 F1536.2 X108.652 Y117.919 E461.58089
G0 F9000 X112.827 Y115.871
G0 X113.511 Y115.478
G0 X114.851 Y114.445
G1 F1536.2 X115.884 Y115.478 E461.67298
G0 F9000 X116.498 Y110.486
G0 X116.443 Y108.57
G1 F1536.2 X117.836 Y108.196 E461.7639
G0 F9000 X113.671 Y104.615
G0 X112.987 Y104.222
G0 X111.424 Y103.574
G1 F1536.2 X111.8 Y102.169 E461.85558
G0 F9000 X107.173 Y104.129
G0 X105.539 Y105.133
G1 F1536.2 X104.519 Y104.113 E461.94651
G0 F9000 X103.502 Y109.514
G0 X103.502 Y110.302
G0 X103.72 Y111.979
G1 F1536.2 X102.313 Y112.356 E462.03833
G0 F9000 X102.67 Y112.236
;MESH:NONMESH
G0 F600 X102.67 Y112.236 Z10.36
G0 F9000 X106.329 Y115.385
G0 X107.173 Y115.871
G0 X108.08 Y116.227
G0 X108.619 Y116.35
G0 X110.059 Y116.573
G0 X110.043 Y116.347
;TIME_ELAPSED:471.136780
;LAYER:36
;note -- min layer time used
;TYPE:WALL-INNER
;MESH:guia_rocker.STL
G1 F1496.3 X109.027 Y116.273 E462.09466
G1 X108.131 Y116.07 E462.14546
G1 X107.266 Y115.73 E462.19685
G1 X106.442 Y115.258 E462.24936
G1 X105.677 Y114.654 E462.30326
G1 X105.036 Y113.962 E462.35541
G1 X104.516 Y113.203 E462.40629
G1 X104.073 Y112.286 E462.4626
G1 X103.806 Y111.413 E462.51308
G1 X103.666 Y110.483 E462.56508
G1 X103.664 Y109.554 E462.61645
G1 X103.816 Y108.556 E462.67227
G1 X104.088 Y107.671 E462.72347
G1 X104.494 Y106.83 E462.77511
G1 X105.011 Y106.067 E462.82607
G1 X105.694 Y105.329 E462.88167
G1 X106.423 Y104.748 E462.93322
G1 X107.228 Y104.285 E462.98457
G1 X108.092 Y103.943 E463.03595
G1 X109.07 Y103.716 E463.09147
G1 X110.022 Y103.647 E463.14424
G1 X110.926 Y103.716 E463.19438
G1 X111.825 Y103.919 E463.24534
G1 X112.756 Y104.274 E463.30043
G1 X113.567 Y104.746 E463.35232
G1 X114.319 Y105.342 E463.40538
G1 X114.948 Y106.02 E463.45652
G1 X115.502 Y106.829 E463.51073
G1 X115.908 Y107.67 E463.56237
G1 X116.194 Y108.587 E463.61549
G1 X116.332 Y109.555 E463.66955
G1 X116.331 Y110.483 E463.72087
G1 X116.194 Y111.405 E463.77241
G1 X115.924 Y112.286 E463.82336
G1 X115.481 Y113.203 E463.87967
G1 X114.962 Y113.96 E463.93042
G1 X114.332 Y114.639 E463.98164
G1 X113.602 Y115.224 E464.03337
G1 X112.735 Y115.73 E464.08888
G1 X111.871 Y116.07 E464.14022
G1 X110.969 Y116.273 E464.19134
G1 X110.043 Y116.347 E464.24271
G0 F9000 X110.059 Y116.573
G0 X110 Y118.073
G0 X110 Y118.299
G1 F1496.3 X110.984 Y118.24 E464.29722
G1 X111.939 Y118.066 E464.35089
G1 X112.884 Y117.778 E464.40552
G1 X113.792 Y117.379 E464.46036
G1 X114.628 Y116.886 E464.51403
G1 X115.414 Y116.284 E464.56877
G1 X116.125 Y115.594 E464.62355
G1 X116.741 Y114.831 E464.67778
G1 X117.262 Y114.008 E464.73164
G1 X117.69 Y113.111 E464.78659
G1 X118.003 Y112.19 E464.84038
G1 X118.206 Y111.228 E464.89475
G1 X118.295 Y110.239 E464.94965
G1 X118.266 Y109.26 E465.00381
G1 X118.118 Y108.285 E465.05834
G1 X117.859 Y107.334 E465.11284
G1 X117.491 Y106.435 E465.16656
G1 X117.01 Y105.562 E465.22167
G1 X116.447 Y104.773 E465.27527
G1 X115.783 Y104.047 E465.32967
G1 X115.03 Y103.398 E465.38464
G1 X114.219 Y102.853 E465.43867
G1 X113.349 Y102.407 E465.49273
G1 X112.423 Y102.063 E465.54735
G1 X111.464 Y101.831 E465.60191
G1 X110.476 Y101.716 E465.65691
G1 X109.971 Y101.701 E465.68484
G1 X109.52 Y101.715 E465.70979
G1 X108.532 Y101.831 E465.7648
G1 X107.573 Y102.063 E465.81936
G1 X106.647 Y102.407 E465.87398
G1 X105.777 Y102.853 E465.92804
G1 X104.966 Y103.398 E465.98207
G1 X104.214 Y104.047 E466.03699
G1 X103.553 Y104.774 E466.09133
G1 X102.986 Y105.564 E466.1451
G1 X102.505 Y106.435 E466.20011
G1 X102.133 Y107.346 E466.25452
G1 X101.875 Y108.291 E466.30869
G1 X101.735 Y109.258 E466.36272
G1 X101.705 Y110.239 E466.41699
G1 X101.794 Y111.229 E466.47195
G1 X101.993 Y112.191 E466.52627
G1 X102.306 Y113.111 E466.58001
G1 X102.734 Y114.008 E466.63496
G1 X103.254 Y114.831 E466.68879
G1 X103.874 Y115.594 E466.74316
G1 X104.587 Y116.285 E466.79806
G1 X105.369 Y116.887 E466.85263
G1 X106.204 Y117.379 E466.90622
G1 X107.112 Y117.778 E466.96106
G1 X108.057 Y118.066 E467.01569
G1 X109.012 Y118.239 E467.06935
G1 X110 Y118.299 E467.12408
G0 F9000 X110 Y118.774
;TYPE:WALL-OUTER
G1 F1496.3 X111.041 Y118.712 E467.17598
G1 X112.05 Y118.529 E467.22701
G1 X113.049 Y118.224 E467.279
G1 X114.009 Y117.803 E467.33116
G1 X114.894 Y117.281 E467.3823
G1 X115.724 Y116.645 E467.43433
G1 X116.477 Y115.915 E467.48653
G1 X117.128 Y115.108 E467.53812
G1 X117.678 Y114.238 E467.58935
G1 X118.131 Y113.291 E467.64159
G1 X118.462 Y112.316 E467.69283
G1 X118.677 Y111.298 E467.74461
G1 X118.77 Y110.253 E467.79682
G1 X118.739 Y109.217 E467.8484
G1 X118.583 Y108.187 E467.90024
G1 X118.31 Y107.181 E467.95212
G1 X117.92 Y106.23 E468.00327
G1 X117.413 Y105.309 E468.05559
G1 X116.816 Y104.474 E468.10667
G1 X116.114 Y103.706 E468.15845
G1 X115.319 Y103.02 E468.21071
G1 X114.461 Y102.443 E468.26216
G1 X113.541 Y101.971 E468.31362
G1 X112.562 Y101.608 E468.36558
G1 X111.548 Y101.363 E468.4175
G1 X110.511 Y101.241 E468.46946
G1 X110 Y101.226 E468.4949
G1 X109.485 Y101.241 E468.52054
G1 X108.448 Y101.362 E468.5725
G1 X107.434 Y101.608 E468.62443
G1 X106.455 Y101.971 E468.67639
G1 X105.535 Y102.443 E468.72785
G1 X104.677 Y103.02 E468.7793
G1 X103.882 Y103.706 E468.83156
G1 X103.184 Y104.474 E468.8832
G1 X102.583 Y105.309 E468.9344
G1 X102.076 Y106.23 E468.98672
G1 X101.682 Y107.193 E469.0385
G1 X101.409 Y108.194 E469.09014
G1 X101.261 Y109.216 E469.14153
G1 X101.23 Y110.253 E469.19316
G1 X101.323 Y111.299 E469.24542
G1 X101.534 Y112.316 E469.29711
G1 X101.865 Y113.291 E469.34835
G1 X102.318 Y114.238 E469.40059
G1 X102.868 Y115.108 E469.45181
G1 X103.523 Y115.915 E469.50354
G1 X104.276 Y116.645 E469.55573
G1 X105.103 Y117.281 E469.60765
G1 X105.987 Y117.803 E469.65874
G1 X106.947 Y118.224 E469.71091
G1 X107.946 Y118.528 E469.76287
G1 X108.955 Y118.712 E469.81391
G1 X110 Y118.774 E469.86601
G0 F9000 X110.199 Y118.763
G1 F1500 E463.86601
G0 F9000 X110.159 Y118.064
G0 X109.931 Y116.571
G0 X109.983 Y115.873
G1 F1500 E469.86601
G1 F1496.3 X109.102 Y115.804 E469.90999
G1 X108.27 Y115.616 E469.95244
G1 X107.457 Y115.295 E469.99594
G1 X106.679 Y114.845 E470.04066
G1 X105.995 Y114.298 E470.08425
G1 X105.405 Y113.662 E470.12742
G1 X104.917 Y112.949 E470.17042
G1 X104.53 Y112.152 E470.21451
G1 X104.269 Y111.294 E470.25914
G1 X104.139 Y110.441 E470.30208
G1 X104.141 Y109.541 E470.34687
G1 X104.274 Y108.68 E470.39023
G1 X104.527 Y107.85 E470.43341
G1 X104.91 Y107.059 E470.47715
G1 X105.397 Y106.344 E470.5202
G1 X106.011 Y105.684 E470.56506
G1 X106.694 Y105.141 E470.60848
G1 X107.445 Y104.707 E470.65165
G1 X108.271 Y104.384 E470.69578
G1 X109.135 Y104.187 E470.73989
G1 X110.007 Y104.122 E470.7834
G1 X110.871 Y104.188 E470.82652
G1 X111.739 Y104.388 E470.87085
G1 X112.555 Y104.707 E470.91445
G1 X113.302 Y105.141 E470.95745
G1 X113.991 Y105.689 E471.00126
G1 X114.587 Y106.329 E471.04478
G1 X115.086 Y107.059 E471.08879
G1 X115.469 Y107.85 E471.13252
G1 X115.731 Y108.706 E471.17707
G1 X115.855 Y109.545 E471.21928
G1 X115.857 Y110.441 E471.26387
G1 X115.724 Y111.327 E471.30845
G1 X115.474 Y112.133 E471.35045
G1 X115.079 Y112.949 E471.39557
G1 X114.592 Y113.662 E471.43854
G1 X113.985 Y114.313 E471.48283
G1 X113.298 Y114.858 E471.52647
G1 X112.543 Y115.295 E471.56989
G1 X111.726 Y115.616 E471.61357
G1 X110.885 Y115.806 E471.65648
G1 X109.983 Y115.873 E471.70149
G0 F9000 X109.784 Y115.858
G0 X109.732 Y116.556
G0 X107.831 Y116.219
;TYPE:FILL
G1 F1496.3 X107.455 Y117.621 E471.79299
G0 F9000 X108.705 Y117.929
G1 F1496.3 X115.088 Y116.219 E472.20954
G1 X114.866 Y116.389
G1 X115.68 Y113.354 E472.40761
G0 F9000 X114.986 Y114.3
G1 F1496.3 X116.016 Y115.331 E472.49948
G0 F9000 X116.581 Y109.988
G1 F1496.3 X117.41 Y106.896 E472.70127
G1 X117.518 Y107.159
G1 X112.847 Y102.488 E473.11768
G1 X113.112 Y102.586
G1 X110.075 Y103.4 E473.31588
G0 F9000 X111.23 Y103.53
G1 F1496.3 X111.608 Y102.123 E473.40771
G0 F9000 X106.687 Y104.308
G1 F1496.3 X103.603 Y105.134 E473.60897
G0 F9000 X103.785 Y104.89
G1 F1496.3 X102.065 Y111.308 E474.02781
G0 F9000 X102.025 Y111.012
G1 F1496.3 X104.261 Y113.248 E474.22714
G0 F9000 X103.777 Y112.168
G1 F1496.3 X102.377 Y112.544 E474.31852
G0 F9000 X106.712 Y115.7
G1 F1496.3 X108.994 Y117.981 E474.52191
G0 F9000 X113.671 Y115.385
G0 X114.433 Y114.777
G0 X115.095 Y114.063
G0 X115.644 Y113.258
G0 X116.066 Y112.38
G0 X116.353 Y111.449
G0 X116.47 Y110.669
G0 X116.473 Y108.767
G1 F1496.3 X117.881 Y108.389 E474.61381
G0 F9000 X114.433 Y105.223
G0 X113.671 Y104.615
G0 X112.827 Y104.129
G0 X111.92 Y103.773
G0 X110.97 Y103.556
G0 X110 Y103.483
G0 X109.03 Y103.556
G0 X108.08 Y103.773
G0 X107.346 Y104.061
G0 X105.695 Y105.009
G1 F1496.3 X104.669 Y103.984 E474.70523
G0 F9000 X104.913 Y104.27
;MESH:NONMESH
G0 F600 X104.913 Y104.27 Z10.64
G0 F9000 X103.647 Y108.551
G0 X103.502 Y109.514
G0 X103.502 Y110.486
G0 X103.647 Y111.449
G0 X103.934 Y112.38
G0 X104.356 Y113.258
G0 X104.905 Y114.063
G0 X105.567 Y114.777
G0 X106.329 Y115.385
G0 X107.173 Y115.871
G0 X108.08 Y116.227
G0 X108.619 Y116.35
G0 X110.059 Y116.573
G0 X110.043 Y116.347
;TIME_ELAPSED:483.683888
;LAYER:37
;note -- min layer time used
;TYPE:WALL-INNER
;MESH:guia_rocker.STL
G1 F1455.5 X109.027 Y116.273 E474.76156
G1 X108.131 Y116.07 E474.81236
G1 X107.266 Y115.73 E474.86375
G1 X106.442 Y115.258 E474.91626
G1 X105.677 Y114.654 E474.97015
G1 X105.036 Y113.962 E475.02231
G1 X104.516 Y113.203 E475.07319
G1 X104.073 Y112.286 E475.1295
G1 X103.806 Y111.413 E475.17998
G1 X103.666 Y110.483 E475.23198
G1 X103.664 Y109.554 E475.28335
G1 X103.816 Y108.556 E475.33917
G1 X104.088 Y107.671 E475.39037
G1 X104.494 Y106.83 E475.442
G1 X105.011 Y106.067 E475.49297
G1 X105.694 Y105.329 E475.54857
G1 X106.423 Y104.748 E475.60012
G1 X107.228 Y104.285 E475.65147
G1 X108.092 Y103.943 E475.70285
G1 X109.07 Y103.716 E475.75836
G1 X110.022 Y103.647 E475.81114
G1 X110.926 Y103.716 E475.86127
G1 X111.825 Y103.919 E475.91224
G1 X112.756 Y104.274 E475.96733
G1 X113.567 Y104.746 E476.01922
G1 X114.319 Y105.342 E476.07228
G1 X114.948 Y106.02 E476.12341
G1 X115.502 Y106.829 E476.17763
G1 X115.908 Y107.67 E476.22927
G1 X116.194 Y108.587 E476.28238
G1 X116.332 Y109.555 E476.33645
G1 X116.331 Y110.483 E476.38776
G1 X116.194 Y111.405 E476.43931
G1 X115.924 Y112.286 E476.49026
G1 X115.481 Y113.203 E476.54657
G1 X114.962 Y113.96 E476.59732
G1 X114.332 Y114.639 E476.64854
G1 X113.602 Y115.224 E476.70027
G1 X112.735 Y115.73 E476.75577
G1 X111.871 Y116.07 E476.80711
G1 X110.969 Y116.273 E476.85824
G1 X110.043 Y116.347 E476.9096
G0 F9000 X110.059 Y116.573
G0 X110 Y118.073
G0 X110 Y118.299
G1 F1455.5 X110.984 Y118.24 E476.96411
G1 X111.939 Y118.066 E477.01779
G1 X112.884 Y117.778 E477.07242
G1 X113.792 Y117.379 E477.12726
G1 X114.628 Y116.886 E477.18092
G1 X115.414 Y116.284 E477.23567
G1 X116.125 Y115.594 E477.29045
G1 X116.741 Y114.831 E477.34468
G1 X117.262 Y114.008 E477.39854
G1 X117.69 Y113.111 E477.45349
G1 X118.003 Y112.19 E477.50728
G1 X118.206 Y111.228 E477.56164
G1 X118.295 Y110.239 E477.61655
G1 X118.266 Y109.26 E477.67071
G1 X118.118 Y108.285 E477.72524
G1 X117.859 Y107.334 E477.77974
G1 X117.491 Y106.435 E477.83345
G1 X117.01 Y105.562 E477.88857
G1 X116.447 Y104.773 E477.94216
G1 X115.783 Y104.047 E477.99657
G1 X115.03 Y103.398 E478.05154
G1 X114.219 Y102.853 E478.10556
G1 X113.349 Y102.407 E478.15962
G1 X112.423 Y102.063 E478.21425
G1 X111.464 Y101.831 E478.2688
G1 X110.476 Y101.716 E478.3238
G1 X109.971 Y101.701 E478.35174
G1 X109.52 Y101.715 E478.37669
G1 X108.532 Y101.831 E478.4317
G1 X107.573 Y102.063 E478.48625
G1 X106.647 Y102.407 E478.54088
G1 X105.777 Y102.853 E478.59494
G1 X104.966 Y103.398 E478.64897
G1 X104.214 Y104.047 E478.70389
G1 X103.553 Y104.774 E478.75822
G1 X102.986 Y105.564 E478.81199
G1 X102.505 Y106.435 E478.86701
G1 X102.133 Y107.346 E478.92142
G1 X101.875 Y108.291 E478.97559
G1 X101.735 Y109.258 E479.02962
G1 X101.705 Y110.239 E479.08389
G1 X101.794 Y111.229 E479.13885
G1 X101.993 Y112.191 E479.19317
G1 X102.306 Y113.111 E479.2469
G1 X102.734 Y114.008 E479.30186
G1 X103.254 Y114.831 E479.35569
G1 X103.874 Y115.594 E479.41005
G1 X104.587 Y116.285 E479.46496
G1 X105.369 Y116.887 E479.51953
G1 X106.204 Y117.379 E479.57312
G1 X107.112 Y117.778 E479.62796
G1 X108.057 Y118.066 E479.68258
G1 X109.012 Y118.239 E479.73625
G1 X110 Y118.299 E479.79098
G0 F9000 X110 Y118.774
;TYPE:WALL-OUTER
G1 F1455.5 X111.041 Y118.712 E479.84288
G1 X112.05 Y118.529 E479.89391
G1 X113.049 Y118.224 E479.94589
G1 X114.009 Y117.803 E479.99806
G1 X114.894 Y117.281 E480.04919
G1 X115.724 Y116.645 E480.10123
G1 X116.477 Y115.915 E480.15342
G1 X117.128 Y115.108 E480.20502
G1 X117.678 Y114.238 E480.25624
G1 X118.131 Y113.291 E480.30849
G1 X118.462 Y112.316 E480.35973
G1 X118.677 Y111.298 E480.41151
G1 X118.77 Y110.253 E480.46372
G1 X118.739 Y109.217 E480.5153
G1 X118.583 Y108.187 E480.56714
G1 X118.31 Y107.181 E480.61901
G1 X117.92 Y106.23 E480.67017
G1 X117.413 Y105.309 E480.72249
G1 X116.816 Y104.474 E480.77357
G1 X116.114 Y103.706 E480.82535
G1 X115.319 Y103.02 E480.87761
G1 X114.461 Y102.443 E480.92906
G1 X113.541 Y101.971 E480.98052
G1 X112.562 Y101.608 E481.03248
G1 X111.548 Y101.363 E481.0844
G1 X110.511 Y101.241 E481.13636
G1 X110 Y101.226 E481.1618
G1 X109.485 Y101.241 E481.18744
G1 X108.448 Y101.362 E481.2394
G1 X107.434 Y101.608 E481.29132
G1 X106.455 Y101.971 E481.34329
G1 X105.535 Y102.443 E481.39474
G1 X104.677 Y103.02 E481.4462
G1 X103.882 Y103.706 E481.49846
G1 X103.184 Y104.474 E481.5501
G1 X102.583 Y105.309 E481.6013
G1 X102.076 Y106.23 E481.65362
G1 X101.682 Y107.193 E481.7054
G1 X101.409 Y108.194 E481.75704
G1 X101.261 Y109.216 E481.80843
G1 X101.23 Y110.253 E481.86006
G1 X101.323 Y111.299 E481.91232
G1 X101.534 Y112.316 E481.96401
G1 X101.865 Y113.291 E482.01525
G1 X102.318 Y114.238 E482.06749
G1 X102.868 Y115.108 E482.11871
G1 X103.523 Y115.915 E482.17044
G1 X104.276 Y116.645 E482.22263
G1 X105.103 Y117.281 E482.27455
G1 X105.987 Y117.803 E482.32564
G1 X106.947 Y118.224 E482.3778
G1 X107.946 Y118.528 E482.42977
G1 X108.955 Y118.712 E482.48081
G1 X110 Y118.774 E482.53291
G0 F9000 X110.199 Y118.763
G1 F1500 E476.53291
G0 F9000 X110.159 Y118.064
G0 X109.931 Y116.571
G0 X109.983 Y115.873
G1 F1500 E482.53291
G1 F1455.5 X109.102 Y115.804 E482.57689
G1 X108.27 Y115.616 E482.61934
G1 X107.457 Y115.295 E482.66283
G1 X106.679 Y114.845 E482.70756
G1 X105.995 Y114.298 E482.75115
G1 X105.405 Y113.662 E482.79432
G1 X104.917 Y112.949 E482.83732
G1 X104.53 Y112.152 E482.88141
G1 X104.269 Y111.294 E482.92604
G1 X104.139 Y110.441 E482.96898
G1 X104.141 Y109.541 E483.01377
G1 X104.274 Y108.68 E483.05713
G1 X104.527 Y107.85 E483.10031
G1 X104.91 Y107.059 E483.14404
G1 X105.397 Y106.344 E483.1871
G1 X106.011 Y105.684 E483.23196
G1 X106.694 Y105.141 E483.27538
G1 X107.445 Y104.707 E483.31854
G1 X108.271 Y104.384 E483.36268
G1 X109.135 Y104.187 E483.40678
G1 X110.007 Y104.122 E483.4503
G1 X110.871 Y104.188 E483.49342
G1 X111.739 Y104.388 E483.53775
G1 X112.555 Y104.707 E483.58135
G1 X113.302 Y105.141 E483.62434
G1 X113.991 Y105.689 E483.66816
G1 X114.587 Y106.329 E483.71168
G1 X115.086 Y107.059 E483.75568
G1 X115.469 Y107.85 E483.79942
G1 X115.731 Y108.706 E483.84397
G1 X115.855 Y109.545 E483.88618
G1 X115.857 Y110.441 E483.93077
G1 X115.724 Y111.327 E483.97535
G1 X115.474 Y112.133 E484.01735
G1 X115.079 Y112.949 E484.06246
G1 X114.592 Y113.662 E484.10543
G1 X113.985 Y114.313 E484.14973
G1 X113.298 Y114.858 E484.19337
G1 X112.543 Y115.295 E484.23678
G1 X111.726 Y115.616 E484.28047
G1 X110.885 Y115.806 E484.32337
G1 X109.983 Y115.873 E484.36839
G0 F9000 X109.784 Y115.858
G0 X109.732 Y116.556
G0 X107.645 Y116.146
;TYPE:FILL
G1 F1455.5 X107.265 Y117.564 E484.46093
G0 F9000 X107.307 Y116.014
G1 F1455.5 X109.298 Y118.006 E484.63846
G1 X109.205 Y118
G1 X114.676 Y116.535 E484.99548
G1 X114.608 Y116.587
G1 X115.343 Y113.844 E485.17449
G0 F9000 X115.121 Y114.155
G1 F1455.5 X116.142 Y115.176 E485.26551
G0 F9000 X116.555 Y109.323
G1 F1455.5 X117.286 Y106.594 E485.4436
G1 X117.323 Y106.684
G1 X113.303 Y102.663 E485.80202
G1 X113.4 Y102.714
G1 X110.669 Y103.446 E485.98024
G0 F9000 X111.037 Y103.487
G1 F1455.5 X111.415 Y102.077 E486.07226
G0 F9000 X106.13 Y104.662
G1 F1455.5 X103.42 Y105.388 E486.24912
G1 X103.462 Y105.328
G1 X102.004 Y110.772 E486.60438
G1 X101.998 Y110.705
G1 X103.991 Y112.698 E486.78205
G0 F9000 X103.835 Y112.358
G1 F1455.5 X102.441 Y112.732 E486.87303
G0 F9000 X103.934 Y107.62
G0 X104.356 Y106.742
G0 X104.801 Y106.09
G0 X105.85 Y104.884
G1 F1455.5 X104.82 Y103.854 E486.96485
G0 F9000 X110 Y103.483
G0 X110.97 Y103.556
G0 X111.92 Y103.773
G0 X112.827 Y104.129
G0 X113.671 Y104.615
G0 X114.433 Y105.223
G0 X115.095 Y105.937
G0 X115.644 Y106.742
G0 X115.986 Y107.453
G0 X116.502 Y108.964
G1 F1455.5 X117.911 Y108.586 E487.05681
G0 F9000 X117.541 Y108.639
;MESH:NONMESH
G0 F600 X117.541 Y108.639 Z10.92
G0 F9000 X116.066 Y112.38
G0 X115.644 Y113.258
G0 X115.095 Y114.063
G0 X114.433 Y114.777
G0 X113.671 Y115.385
G0 X112.827 Y115.871
G0 X111.92 Y116.227
G0 X111.65 Y116.289
G0 X110.059 Y116.573
G0 X110.043 Y116.347
;TIME_ELAPSED:495.842290
;LAYER:38
;note -- min layer time used
;TYPE:WALL-INNER
;MESH:guia_rocker.STL
G1 F1410.9 X109.027 Y116.273 E487.11314
G1 X108.131 Y116.07 E487.16394
G1 X107.266 Y115.73 E487.21533
G1 X106.442 Y115.258 E487.26784
G1 X105.677 Y114.654 E487.32174
G1 X105.036 Y113.962 E487.37389
G1 X104.516 Y113.203 E487.42477
G1 X104.073 Y112.286 E487.48108
G1 X103.806 Y111.413 E487.53156
G1 X103.666 Y110.483 E487.58356
G1 X103.664 Y109.554 E487.63493
G1 X103.816 Y108.556 E487.69075
G1 X104.088 Y107.671 E487.74195
G1 X104.494 Y106.83 E487.79359
G1 X105.011 Y106.067 E487.84455
G1 X105.694 Y105.329 E487.90015
G1 X106.423 Y104.748 E487.9517
G1 X107.228 Y104.285 E488.00305
G1 X108.092 Y103.943 E488.05443
G1 X109.07 Y103.716 E488.10994
G1 X110.022 Y103.647 E488.16272
G1 X110.926 Y103.716 E488.21286
G1 X111.825 Y103.919 E488.26382
G1 X112.756 Y104.274 E488.31891
G1 X113.567 Y104.746 E488.3708
G1 X114.319 Y105.342 E488.42386
G1 X114.948 Y106.02 E488.475
G1 X115.502 Y106.829 E488.52921
G1 X115.908 Y107.67 E488.58085
G1 X116.194 Y108.587 E488.63397
G1 X116.332 Y109.555 E488.68803
G1 X116.331 Y110.483 E488.73935
G1 X116.194 Y111.405 E488.79089
G1 X115.924 Y112.286 E488.84184
G1 X115.481 Y113.203 E488.89815
G1 X114.962 Y113.96 E488.9489
G1 X114.332 Y114.639 E489.00012
G1 X113.602 Y115.224 E489.05185
G1 X112.735 Y115.73 E489.10736
G1 X111.871 Y116.07 E489.1587
G1 X110.969 Y116.273 E489.20982
G1 X110.043 Y116.347 E489.26119
G0 F9000 X110.059 Y116.573
G0 X110 Y118.073
G0 X110 Y118.299
G1 F1410.9 X110.984 Y118.24 E489.31569
G1 X111.939 Y118.066 E489.36937
G1 X112.884 Y117.778 E489.424
G1 X113.792 Y117.379 E489.47884
G1 X114.628 Y116.886 E489.5325
G1 X115.414 Y116.284 E489.58725
G1 X116.125 Y115.594 E489.64203
G1 X116.741 Y114.831 E489.69626
G1 X117.262 Y114.008 E489.75012
G1 X117.69 Y113.111 E489.80507
G1 X118.003 Y112.19 E489.85886
G1 X118.206 Y111.228 E489.91323
G1 X118.295 Y110.239 E489.96813
G1 X118.266 Y109.26 E490.02229
G1 X118.118 Y108.285 E490.07682
G1 X117.859 Y107.334 E490.13132
G1 X117.491 Y106.435 E490.18504
G1 X117.01 Y105.562 E490.24015
G1 X116.447 Y104.773 E490.29375
G1 X115.783 Y104.047 E490.34815
G1 X115.03 Y103.398 E490.40312
G1 X114.219 Y102.853 E490.45715
G1 X113.349 Y102.407 E490.51121
G1 X112.423 Y102.063 E490.56583
G1 X111.464 Y101.831 E490.62039
G1 X110.476 Y101.716 E490.67539
G1 X109.971 Y101.701 E490.70332
G1 X109.52 Y101.715 E490.72827
G1 X108.532 Y101.831 E490.78328
G1 X107.573 Y102.063 E490.83784
G1 X106.647 Y102.407 E490.89246
G1 X105.777 Y102.853 E490.94652
G1 X104.966 Y103.398 E491.00055
G1 X104.214 Y104.047 E491.05547
G1 X103.553 Y104.774 E491.1098
G1 X102.986 Y105.564 E491.16357
G1 X102.505 Y106.435 E491.21859
G1 X102.133 Y107.346 E491.273
G1 X101.875 Y108.291 E491.32717
G1 X101.735 Y109.258 E491.3812
G1 X101.705 Y110.239 E491.43547
G1 X101.794 Y111.229 E491.49043
G1 X101.993 Y112.191 E491.54475
G1 X102.306 Y113.111 E491.59849
G1 X102.734 Y114.008 E491.65344
G1 X103.254 Y114.831 E491.70727
G1 X103.874 Y115.594 E491.76163
G1 X104.587 Y116.285 E491.81654
G1 X105.369 Y116.887 E491.87111
G1 X106.204 Y117.379 E491.9247
G1 X107.112 Y117.778 E491.97954
G1 X108.057 Y118.066 E492.03416
G1 X109.012 Y118.239 E492.08783
G1 X110 Y118.299 E492.14256
G0 F9000 X110 Y118.774
;TYPE:WALL-OUTER
G1 F1410.9 X111.041 Y118.712 E492.19446
G1 X112.05 Y118.529 E492.24549
G1 X113.049 Y118.224 E492.29747
G1 X114.009 Y117.803 E492.34964
G1 X114.894 Y117.281 E492.40077
G1 X115.724 Y116.645 E492.45281
G1 X116.477 Y115.915 E492.505
G1 X117.128 Y115.108 E492.5566
G1 X117.678 Y114.238 E492.60783
G1 X118.131 Y113.291 E492.66007
G1 X118.462 Y112.316 E492.71131
G1 X118.677 Y111.298 E492.76309
G1 X118.77 Y110.253 E492.8153
G1 X118.739 Y109.217 E492.86688
G1 X118.583 Y108.187 E492.91872
G1 X118.31 Y107.181 E492.9706
G1 X117.92 Y106.23 E493.02175
G1 X117.413 Y105.309 E493.07407
G1 X116.816 Y104.474 E493.12515
G1 X116.114 Y103.706 E493.17693
G1 X115.319 Y103.02 E493.22919
G1 X114.461 Y102.443 E493.28064
G1 X113.541 Y101.971 E493.3321
G1 X112.562 Y101.608 E493.38406
G1 X111.548 Y101.363 E493.43598
G1 X110.511 Y101.241 E493.48794
G1 X110 Y101.226 E493.51338
G1 X109.485 Y101.241 E493.53902
G1 X108.448 Y101.362 E493.59098
G1 X107.434 Y101.608 E493.6429
G1 X106.455 Y101.971 E493.69487
G1 X105.535 Y102.443 E493.74632
G1 X104.677 Y103.02 E493.79778
G1 X103.882 Y103.706 E493.85004
G1 X103.184 Y104.474 E493.90168
G1 X102.583 Y105.309 E493.95288
G1 X102.076 Y106.23 E494.0052
G1 X101.682 Y107.193 E494.05698
G1 X101.409 Y108.194 E494.10862
G1 X101.261 Y109.216 E494.16001
G1 X101.23 Y110.253 E494.21164
G1 X101.323 Y111.299 E494.2639
G1 X101.534 Y112.316 E494.31559
G1 X101.865 Y113.291 E494.36683
G1 X102.318 Y114.238 E494.41907
G1 X102.868 Y115.108 E494.47029
G1 X103.523 Y115.915 E494.52202
G1 X104.276 Y116.645 E494.57421
G1 X105.103 Y117.281 E494.62613
G1 X105.987 Y117.803 E494.67722
G1 X106.947 Y118.224 E494.72939
G1 X107.946 Y118.528 E494.78135
G1 X108.955 Y118.712 E494.83239
G1 X110 Y118.774 E494.88449
G0 F9000 X110.199 Y118.763
G1 F1500 E488.88449
G0 F9000 X110.159 Y118.064
G0 X109.931 Y116.571
G0 X109.983 Y115.873
G1 F1500 E494.88449
G1 F1410.9 X109.102 Y115.804 E494.92847
G1 X108.27 Y115.616 E494.97092
G1 X107.457 Y115.295 E495.01442
G1 X106.679 Y114.845 E495.05914
G1 X105.995 Y114.298 E495.10273
G1 X105.405 Y113.662 E495.1459
G1 X104.917 Y112.949 E495.1889
G1 X104.53 Y112.152 E495.23299
G1 X104.269 Y111.294 E495.27762
G1 X104.139 Y110.441 E495.32056
G1 X104.141 Y109.541 E495.36535
G1 X104.274 Y108.68 E495.40871
G1 X104.527 Y107.85 E495.45189
G1 X104.91 Y107.059 E495.49562
G1 X105.397 Y106.344 E495.53868
G1 X106.011 Y105.684 E495.58354
G1 X106.694 Y105.141 E495.62696
G1 X107.445 Y104.707 E495.67013
G1 X108.271 Y104.384 E495.71426
G1 X109.135 Y104.187 E495.75836
G1 X110.007 Y104.122 E495.80188
G1 X110.871 Y104.188 E495.845
G1 X111.739 Y104.388 E495.88933
G1 X112.555 Y104.707 E495.93293
G1 X113.302 Y105.141 E495.97593
G1 X113.991 Y105.689 E496.01974
G1 X114.587 Y106.329 E496.06326
G1 X115.086 Y107.059 E496.10726
G1 X115.469 Y107.85 E496.151
G1 X115.731 Y108.706 E496.19555
G1 X115.855 Y109.545 E496.23776
G1 X115.857 Y110.441 E496.28235
G1 X115.724 Y111.327 E496.32693
G1 X115.474 Y112.133 E496.36893
G1 X115.079 Y112.949 E496.41405
G1 X114.592 Y113.662 E496.45702
G1 X113.985 Y114.313 E496.50131
G1 X113.298 Y114.858 E496.54495
G1 X112.543 Y115.295 E496.58836
G1 X111.726 Y115.616 E496.63205
G1 X110.885 Y115.806 E496.67496
G1 X109.983 Y115.873 E496.71997
G0 F9000 X109.784 Y115.858
G0 X109.732 Y116.556
G0 X107.767 Y116.195
;TYPE:FILL
G1 F1410.9 X109.596 Y118.023 E496.88297
G1 X109.83 Y118.038
G1 X114.141 Y116.883 E497.16431
G1 X114.358 Y116.755
G1 X115.028 Y114.256 E497.3274
G0 F9000 X115.239 Y113.993
G1 F1410.9 X116.267 Y115.021 E497.41904
G0 F9000 X116.531 Y109.161
G1 F1410.9 X117.94 Y108.784 E497.51098
G0 F9000 X116.481 Y108.831
G1 F1410.9 X117.15 Y106.336 E497.67381
G1 X117.023 Y106.103
G1 X113.879 Y102.96 E497.95405
G1 X113.663 Y102.848
G1 X111.17 Y103.516 E498.11674
G0 F9000 X110.839 Y103.46
G1 F1410.9 X111.216 Y102.053 E498.20856
G0 F9000 X106.006 Y104.76
G1 F1410.9 X104.971 Y103.725 E498.30083
G0 F9000 X105.742 Y104.971
G1 F1410.9 X103.238 Y105.642 E498.46424
G1 X103.123 Y105.831
G1 X101.957 Y110.18 E498.74807
G1 X101.97 Y110.398
G1 X103.792 Y112.219 E498.91045
G0 F9000 X103.915 Y112.542
G1 F1410.9 X102.504 Y112.92 E499.00253
G0 F9000 X107.46 Y116.074
G1 F1410.9 X107.08 Y117.491 E499.09501
G0 F9000 X107.23 Y117.151
;MESH:NONMESH
G0 F600 X107.23 Y117.151 Z11.2
G0 F9000 X110.059 Y116.573
G0 X110.043 Y116.347
;TIME_ELAPSED:507.563179
;LAYER:39
;note -- min layer time used
;TYPE:WALL-INNER
;MESH:guia_rocker.STL
G1 F1361.1 X109.027 Y116.273 E499.15133
G1 X108.131 Y116.07 E499.20213
G1 X107.266 Y115.73 E499.25353
G1 X106.442 Y115.258 E499.30604
G1 X105.677 Y114.654 E499.35993
G1 X105.036 Y113.962 E499.41209
G1 X104.516 Y113.203 E499.46296
G1 X104.073 Y112.286 E499.51928
G1 X103.806 Y111.413 E499.56976
G1 X103.666 Y110.483 E499.62176
G1 X103.664 Y109.554 E499.67313
G1 X103.816 Y108.556 E499.72895
G1 X104.088 Y107.671 E499.78014
G1 X104.494 Y106.83 E499.83178
G1 X105.011 Y106.067 E499.88275
G1 X105.694 Y105.329 E499.93835
G1 X106.423 Y104.748 E499.98989
G1 X107.228 Y104.285 E500.04124
G1 X108.092 Y103.943 E500.09263
G1 X109.07 Y103.716 E500.14814
G1 X110.022 Y103.647 E500.20092
G1 X110.926 Y103.716 E500.25105
G1 X111.825 Y103.919 E500.30201
G1 X112.756 Y104.274 E500.35711
G1 X113.567 Y104.746 E500.409
G1 X114.319 Y105.342 E500.46205
G1 X114.948 Y106.02 E500.51319
G1 X115.502 Y106.829 E500.56741
G1 X115.908 Y107.67 E500.61905
G1 X116.194 Y108.587 E500.67216
G1 X116.332 Y109.555 E500.72623
G1 X116.331 Y110.483 E500.77754
G1 X116.194 Y111.405 E500.82908
G1 X115.924 Y112.286 E500.88004
G1 X115.481 Y113.203 E500.93635
G1 X114.962 Y113.96 E500.9871
G1 X114.332 Y114.639 E501.03832
G1 X113.602 Y115.224 E501.09004
G1 X112.735 Y115.73 E501.14555
G1 X111.871 Y116.07 E501.19689
G1 X110.969 Y116.273 E501.24802
G1 X110.043 Y116.347 E501.29938
G0 F9000 X110.059 Y116.573
G0 X110 Y118.073
G0 X110 Y118.299
G1 F1361.1 X110.984 Y118.24 E501.35389
G1 X111.939 Y118.066 E501.40757
G1 X112.884 Y117.778 E501.46219
G1 X113.792 Y117.379 E501.51703
G1 X114.628 Y116.886 E501.5707
G1 X115.414 Y116.284 E501.62545
G1 X116.125 Y115.594 E501.68023
G1 X116.741 Y114.831 E501.73445
G1 X117.262 Y114.008 E501.78831
G1 X117.69 Y113.111 E501.84327
G1 X118.003 Y112.19 E501.89706
G1 X118.206 Y111.228 E501.95142
G1 X118.295 Y110.239 E502.00633
G1 X118.266 Y109.26 E502.06049
G1 X118.118 Y108.285 E502.11502
G1 X117.859 Y107.334 E502.16952
G1 X117.491 Y106.435 E502.22323
G1 X117.01 Y105.562 E502.27835
G1 X116.447 Y104.773 E502.33194
G1 X115.783 Y104.047 E502.38635
G1 X115.03 Y103.398 E502.44131
G1 X114.219 Y102.853 E502.49534
G1 X113.349 Y102.407 E502.5494
G1 X112.423 Y102.063 E502.60402
G1 X111.464 Y101.831 E502.65858
G1 X110.476 Y101.716 E502.71358
G1 X109.971 Y101.701 E502.74152
G1 X109.52 Y101.715 E502.76647
G1 X108.532 Y101.831 E502.82148
G1 X107.573 Y102.063 E502.87603
G1 X106.647 Y102.407 E502.93065
G1 X105.777 Y102.853 E502.98471
G1 X104.966 Y103.398 E503.03874
G1 X104.214 Y104.047 E503.09367
G1 X103.553 Y104.774 E503.148
G1 X102.986 Y105.564 E503.20177
G1 X102.505 Y106.435 E503.25679
G1 X102.133 Y107.346 E503.3112
G1 X101.875 Y108.291 E503.36537
G1 X101.735 Y109.258 E503.41939
G1 X101.705 Y110.239 E503.47366
G1 X101.794 Y111.229 E503.52863
G1 X101.993 Y112.191 E503.58295
G1 X102.306 Y113.111 E503.63668
G1 X102.734 Y114.008 E503.69164
G1 X103.254 Y114.831 E503.74547
G1 X103.874 Y115.594 E503.79983
G1 X104.587 Y116.285 E503.85473
G1 X105.369 Y116.887 E503.9093
G1 X106.204 Y117.379 E503.96289
G1 X107.112 Y117.778 E504.01773
G1 X108.057 Y118.066 E504.07236
G1 X109.012 Y118.239 E504.12603
G1 X110 Y118.299 E504.18076
G0 F9000 X110 Y118.774
;TYPE:WALL-OUTER
G1 F1361.1 X111.041 Y118.712 E504.23266
G1 X112.05 Y118.529 E504.28369
G1 X113.049 Y118.224 E504.33567
G1 X114.009 Y117.803 E504.38784
G1 X114.894 Y117.281 E504.43897
G1 X115.724 Y116.645 E504.49101
G1 X116.477 Y115.915 E504.5432
G1 X117.128 Y115.108 E504.5948
G1 X117.678 Y114.238 E504.64602
G1 X118.131 Y113.291 E504.69826
G1 X118.462 Y112.316 E504.74951
G1 X118.677 Y111.298 E504.80128
G1 X118.77 Y110.253 E504.85349
G1 X118.739 Y109.217 E504.90507
G1 X118.583 Y108.187 E504.95692
G1 X118.31 Y107.181 E505.00879
G1 X117.92 Y106.23 E505.05994
G1 X117.413 Y105.309 E505.11226
G1 X116.816 Y104.474 E505.16335
G1 X116.114 Y103.706 E505.21513
G1 X115.319 Y103.02 E505.26738
G1 X114.461 Y102.443 E505.31884
G1 X113.541 Y101.971 E505.3703
G1 X112.562 Y101.608 E505.42226
G1 X111.548 Y101.363 E505.47417
G1 X110.511 Y101.241 E505.52614
G1 X110 Y101.226 E505.55158
G1 X109.485 Y101.241 E505.57722
G1 X108.448 Y101.362 E505.62918
G1 X107.434 Y101.608 E505.6811
G1 X106.455 Y101.971 E505.73306
G1 X105.535 Y102.443 E505.78452
G1 X104.677 Y103.02 E505.83598
G1 X103.882 Y103.706 E505.88823
G1 X103.184 Y104.474 E505.93988
G1 X102.583 Y105.309 E505.99108
G1 X102.076 Y106.23 E506.0434
G1 X101.682 Y107.193 E506.09518
G1 X101.409 Y108.194 E506.14681
G1 X101.261 Y109.216 E506.1982
G1 X101.23 Y110.253 E506.24983
G1 X101.323 Y111.299 E506.30209
G1 X101.534 Y112.316 E506.35378
G1 X101.865 Y113.291 E506.40502
G1 X102.318 Y114.238 E506.45727
G1 X102.868 Y115.108 E506.50849
G1 X103.523 Y115.915 E506.56021
G1 X104.276 Y116.645 E506.61241
G1 X105.103 Y117.281 E506.66433
G1 X105.987 Y117.803 E506.71542
G1 X106.947 Y118.224 E506.76758
G1 X107.946 Y118.528 E506.81955
G1 X108.955 Y118.712 E506.87059
G1 X110 Y118.774 E506.92269
G0 F9000 X110.199 Y118.763
G1 F1500 E500.92269
G0 F9000 X110.159 Y118.064
G0 X109.931 Y116.571
G0 X109.983 Y115.873
G1 F1500 E506.92269
G1 F1361.1 X109.102 Y115.804 E506.96666
G1 X108.27 Y115.616 E507.00911
G1 X107.457 Y115.295 E507.05261
G1 X106.679 Y114.845 E507.09734
G1 X105.995 Y114.298 E507.14093
G1 X105.405 Y113.662 E507.1841
G1 X104.917 Y112.949 E507.2271
G1 X104.53 Y112.152 E507.27119
G1 X104.269 Y111.294 E507.31582
G1 X104.139 Y110.441 E507.35876
G1 X104.141 Y109.541 E507.40355
G1 X104.274 Y108.68 E507.4469
G1 X104.527 Y107.85 E507.49009
G1 X104.91 Y107.059 E507.53382
G1 X105.397 Y106.344 E507.57687
G1 X106.011 Y105.684 E507.62173
G1 X106.694 Y105.141 E507.66516
G1 X107.445 Y104.707 E507.70832
G1 X108.271 Y104.384 E507.75246
G1 X109.135 Y104.187 E507.79656
G1 X110.007 Y104.122 E507.84008
G1 X110.871 Y104.188 E507.8832
G1 X111.739 Y104.388 E507.92753
G1 X112.555 Y104.707 E507.97113
G1 X113.302 Y105.141 E508.01412
G1 X113.991 Y105.689 E508.05793
G1 X114.587 Y106.329 E508.10146
G1 X115.086 Y107.059 E508.14546
G1 X115.469 Y107.85 E508.1892
G1 X115.731 Y108.706 E508.23375
G1 X115.855 Y109.545 E508.27595
G1 X115.857 Y110.441 E508.32054
G1 X115.724 Y111.327 E508.36513
G1 X115.474 Y112.133 E508.40713
G1 X115.079 Y112.949 E508.45224
G1 X114.592 Y113.662 E508.49521
G1 X113.985 Y114.313 E508.53951
G1 X113.298 Y114.858 E508.58315
G1 X112.543 Y115.295 E508.62656
G1 X111.726 Y115.616 E508.67025
G1 X110.885 Y115.806 E508.71315
G1 X109.983 Y115.873 E508.75816
G0 F9000 X109.784 Y115.858
G0 X109.732 Y116.556
G0 X108.192 Y116.34
;TYPE:FILL
G1 F1361.1 X109.894 Y118.042 E508.90989
G0 F9000 X110.718 Y118.005
G1 F1361.1 X113.349 Y117.3 E509.08159
G0 F9000 X114.115 Y116.899
G1 F1361.1 X114.74 Y114.567 E509.23378
G0 F9000 X115.354 Y113.828
G1 F1361.1 X116.392 Y114.866 E509.32631
G0 F9000 X116.56 Y109.358
G1 F1361.1 X117.97 Y108.981 E509.41832
G0 F9000 X116.394 Y108.391
G1 F1361.1 X117.012 Y106.085 E509.56881
G0 F9000 X116.555 Y105.356
G1 F1361.1 X114.628 Y103.429 E509.7406
G0 F9000 X113.925 Y102.983
G1 F1361.1 X111.586 Y103.61 E509.89324
G0 F9000 X110.639 Y103.444
G1 F1361.1 X111.018 Y102.03 E509.98552
G0 F9000 X106.162 Y104.636
G1 F1361.1 X105.121 Y103.595 E510.07832
G0 F9000 X105.415 Y105.263
G1 F1361.1 X103.093 Y105.886 E510.22987
G0 F9000 X102.719 Y106.574
G1 F1361.1 X101.983 Y109.319 E510.40902
G0 F9000 X101.96 Y110.107
G1 F1361.1 X103.672 Y111.819 E510.56164
G0 F9000 X104.004 Y112.723
G1 F1361.1 X102.579 Y113.105 E510.65463
G0 F9000 X107.274 Y116.001
G1 F1361.1 X106.896 Y117.41 E510.74659
G0 F9000 X107.046 Y117.07
;MESH:NONMESH
G0 F600 X107.046 Y117.07 Z11.48
G0 F9000 X110.059 Y116.573
G0 X110.043 Y116.347
;TIME_ELAPSED:519.755981
;LAYER:40
;note -- min layer time used
;TYPE:WALL-INNER
;MESH:guia_rocker.STL
G1 F1310.1 X109.027 Y116.273 E510.80292
G1 X108.131 Y116.07 E510.85372
G1 X107.266 Y115.73 E510.90511
G1 X106.442 Y115.258 E510.95762
G1 X105.677 Y114.654 E511.01152
G1 X105.036 Y113.962 E511.06368
G1 X104.516 Y113.203 E511.11455
G1 X104.073 Y112.286 E511.17086
G1 X103.806 Y111.413 E511.22134
G1 X103.666 Y110.483 E511.27335
G1 X103.664 Y109.554 E511.32472
G1 X103.816 Y108.556 E511.38054
G1 X104.088 Y107.671 E511.43173
G1 X104.494 Y106.83 E511.48337
G1 X105.011 Y106.067 E511.53433
G1 X105.694 Y105.329 E511.58994
G1 X106.423 Y104.748 E511.64148
G1 X107.228 Y104.285 E511.69283
G1 X108.092 Y103.943 E511.74421
G1 X109.07 Y103.716 E511.79973
G1 X110.022 Y103.647 E511.85251
G1 X110.926 Y103.716 E511.90264
G1 X111.825 Y103.919 E511.9536
G1 X112.756 Y104.274 E512.0087
G1 X113.567 Y104.746 E512.06058
G1 X114.319 Y105.342 E512.11364
G1 X114.948 Y106.02 E512.16478
G1 X115.502 Y106.829 E512.219
G1 X115.908 Y107.67 E512.27063
G1 X116.194 Y108.587 E512.32375
G1 X116.332 Y109.555 E512.37782
G1 X116.331 Y110.483 E512.42913
G1 X116.194 Y111.405 E512.48067
G1 X115.924 Y112.286 E512.53162
G1 X115.481 Y113.203 E512.58794
G1 X114.962 Y113.96 E512.63869
G1 X114.332 Y114.639 E512.6899
G1 X113.602 Y115.224 E512.74163
G1 X112.735 Y115.73 E512.79714
G1 X111.871 Y116.07 E512.84848
G1 X110.969 Y116.273 E512.8996
G1 X110.043 Y116.347 E512.95097
G0 F9000 X110.059 Y116.573
G0 X110 Y118.073
G0 X110 Y118.299
G1 F1310.1 X110.984 Y118.24 E513.00548
G1 X111.939 Y118.066 E513.05915
G1 X112.884 Y117.778 E513.11378
G1 X113.792 Y117.379 E513.16862
G1 X114.628 Y116.886 E513.22229
G1 X115.414 Y116.284 E513.27703
G1 X116.125 Y115.594 E513.33182
G1 X116.741 Y114.831 E513.38604
G1 X117.262 Y114.008 E513.4399
G1 X117.69 Y113.111 E513.49486
G1 X118.003 Y112.19 E513.54864
G1 X118.206 Y111.228 E513.60301
G1 X118.295 Y110.239 E513.65792
G1 X118.266 Y109.26 E513.71207
G1 X118.118 Y108.285 E513.76661
G1 X117.859 Y107.334 E513.82111
G1 X117.491 Y106.435 E513.87482
G1 X117.01 Y105.562 E513.92993
G1 X116.447 Y104.773 E513.98353
G1 X115.783 Y104.047 E514.03793
G1 X115.03 Y103.398 E514.0929
G1 X114.219 Y102.853 E514.14693
G1 X113.349 Y102.407 E514.20099
G1 X112.423 Y102.063 E514.25561
G1 X111.464 Y101.831 E514.31017
G1 X110.476 Y101.716 E514.36517
G1 X109.971 Y101.701 E514.39311
G1 X109.52 Y101.715 E514.41806
G1 X108.532 Y101.831 E514.47306
G1 X107.573 Y102.063 E514.52762
G1 X106.647 Y102.407 E514.58224
G1 X105.777 Y102.853 E514.6363
G1 X104.966 Y103.398 E514.69033
G1 X104.214 Y104.047 E514.74526
G1 X103.553 Y104.774 E514.79959
G1 X102.986 Y105.564 E514.85336
G1 X102.505 Y106.435 E514.90838
G1 X102.133 Y107.346 E514.96279
G1 X101.875 Y108.291 E515.01695
G1 X101.735 Y109.258 E515.07098
G1 X101.705 Y110.239 E515.12525
G1 X101.794 Y111.229 E515.18021
G1 X101.993 Y112.191 E515.23453
G1 X102.306 Y113.111 E515.28827
G1 X102.734 Y114.008 E515.34323
G1 X103.254 Y114.831 E515.39706
G1 X103.874 Y115.594 E515.45142
G1 X104.587 Y116.285 E515.50632
G1 X105.369 Y116.887 E515.56089
G1 X106.204 Y117.379 E515.61448
G1 X107.112 Y117.778 E515.66932
G1 X108.057 Y118.066 E515.72395
G1 X109.012 Y118.239 E515.77761
G1 X110 Y118.299 E515.83235
G0 F9000 X110 Y118.774
;TYPE:WALL-OUTER
G1 F1310.1 X111.041 Y118.712 E515.88424
G1 X112.05 Y118.529 E515.93528
G1 X113.049 Y118.224 E515.98726
G1 X114.009 Y117.803 E516.03943
G1 X114.894 Y117.281 E516.09056
G1 X115.724 Y116.645 E516.1426
G1 X116.477 Y115.915 E516.19479
G1 X117.128 Y115.108 E516.24639
G1 X117.678 Y114.238 E516.29761
G1 X118.131 Y113.291 E516.34985
G1 X118.462 Y112.316 E516.40109
G1 X118.677 Y111.298 E516.45287
G1 X118.77 Y110.253 E516.50508
G1 X118.739 Y109.217 E516.55666
G1 X118.583 Y108.187 E516.60851
G1 X118.31 Y107.181 E516.66038
G1 X117.92 Y106.23 E516.71153
G1 X117.413 Y105.309 E516.76385
G1 X116.816 Y104.474 E516.81493
G1 X116.114 Y103.706 E516.86672
G1 X115.319 Y103.02 E516.91897
G1 X114.461 Y102.443 E516.97043
G1 X113.541 Y101.971 E517.02189
G1 X112.562 Y101.608 E517.07385
G1 X111.548 Y101.363 E517.12576
G1 X110.511 Y101.241 E517.17772
G1 X110 Y101.226 E517.20317
G1 X109.485 Y101.241 E517.22881
G1 X108.448 Y101.362 E517.28076
G1 X107.434 Y101.608 E517.33269
G1 X106.455 Y101.971 E517.38465
G1 X105.535 Y102.443 E517.43611
G1 X104.677 Y103.02 E517.48756
G1 X103.882 Y103.706 E517.53982
G1 X103.184 Y104.474 E517.59147
G1 X102.583 Y105.309 E517.64267
G1 X102.076 Y106.23 E517.69499
G1 X101.682 Y107.193 E517.74677
G1 X101.409 Y108.194 E517.7984
G1 X101.261 Y109.216 E517.84979
G1 X101.23 Y110.253 E517.90142
G1 X101.323 Y111.299 E517.95368
G1 X101.534 Y112.316 E518.00537
G1 X101.865 Y113.291 E518.05661
G1 X102.318 Y114.238 E518.10885
G1 X102.868 Y115.108 E518.16008
G1 X103.523 Y115.915 E518.2118
G1 X104.276 Y116.645 E518.26399
G1 X105.103 Y117.281 E518.31591
G1 X105.987 Y117.803 E518.367
G1 X106.947 Y118.224 E518.41917
G1 X107.946 Y118.528 E518.47114
G1 X108.955 Y118.712 E518.52218
G1 X110 Y118.774 E518.57427
G0 F9000 X110.199 Y118.763
G1 F1500 E512.57427
G0 F9000 X110.159 Y118.064
G0 X109.931 Y116.571
G0 X109.983 Y115.873
G1 F1500 E518.57427
G1 F1310.1 X109.102 Y115.804 E518.61825
G1 X108.27 Y115.616 E518.6607
G1 X107.457 Y115.295 E518.7042
G1 X106.679 Y114.845 E518.74893
G1 X105.995 Y114.298 E518.79251
G1 X105.405 Y113.662 E518.83569
G1 X104.917 Y112.949 E518.87868
G1 X104.53 Y112.152 E518.92277
G1 X104.269 Y111.294 E518.96741
G1 X104.139 Y110.441 E519.01035
G1 X104.141 Y109.541 E519.05513
G1 X104.274 Y108.68 E519.09849
G1 X104.527 Y107.85 E519.14167
G1 X104.91 Y107.059 E519.18541
G1 X105.397 Y106.344 E519.22846
G1 X106.011 Y105.684 E519.27332
G1 X106.694 Y105.141 E519.31674
G1 X107.445 Y104.707 E519.35991
G1 X108.271 Y104.384 E519.40405
G1 X109.125 Y104.188 E519.44765
G1 X110.007 Y104.122 E519.49167
G1 X110.871 Y104.188 E519.53479
G1 X111.739 Y104.388 E519.57912
G1 X112.555 Y104.707 E519.62272
G1 X113.302 Y105.141 E519.66571
G1 X113.991 Y105.689 E519.70953
G1 X114.587 Y106.329 E519.75305
G1 X115.086 Y107.059 E519.79705
G1 X115.469 Y107.85 E519.84079
G1 X115.731 Y108.706 E519.88534
G1 X115.855 Y109.545 E519.92755
G1 X115.857 Y110.441 E519.97214
G1 X115.724 Y111.327 E520.01672
G1 X115.474 Y112.133 E520.05872
G1 X115.079 Y112.949 E520.10383
G1 X114.592 Y113.662 E520.1468
G1 X113.985 Y114.313 E520.1911
G1 X113.298 Y114.858 E520.23474
G1 X112.543 Y115.295 E520.27815
G1 X111.726 Y115.616 E520.32184
G1 X110.885 Y115.806 E520.36474
G1 X109.983 Y115.873 E520.40976
G0 F9000 X109.784 Y115.858
G0 X109.732 Y116.556
G0 X108.555 Y116.422
;TYPE:FILL
G1 F1310.1 X110.17 Y118.037 E520.55373
G0 F9000 X106.713 Y117.329
G1 F1310.1 X107.092 Y115.916 E520.64595
G0 F9000 X105.567 Y114.777
G0 X105.031 Y114.198
G0 X104.093 Y112.904
G1 F1310.1 X102.665 Y113.287 E520.73914
G0 F9000 X103.556 Y111.424
G1 F1310.1 X101.968 Y109.835 E520.88075
G0 F9000 X102.961 Y106.126
G1 F1310.1 X105.159 Y105.537 E521.0242
G0 F9000 X106.323 Y104.517
G1 F1310.1 X105.289 Y103.483 E521.11637
G0 F9000 X110.438 Y103.429
G1 F1310.1 X110.819 Y102.007 E521.20917
G0 F9000 X111.989 Y103.707
G1 F1310.1 X114.171 Y103.122 E521.35158
G0 F9000 X116.874 Y105.835
G1 F1310.1 X116.284 Y108.037 E521.49528
G0 F9000 X116.581 Y109.558
G1 F1310.1 X118 Y109.177 E521.58789
G0 F9000 X115.468 Y113.662
G1 F1310.1 X116.517 Y114.711 E521.68141
G0 F9000 X114.457 Y114.856
G1 F1310.1 X113.871 Y117.042 E521.82407
G0 F9000 X113.683 Y116.721
;MESH:NONMESH
G0 F600 X113.683 Y116.721 Z11.76
G0 F9000 X110.059 Y116.573
G0 X110.043 Y116.347
;TIME_ELAPSED:531.998244
;LAYER:41
;note -- min layer time used
;TYPE:WALL-INNER
;MESH:guia_rocker.STL
G1 F1307 X109.027 Y116.273 E521.8804
G1 X108.131 Y116.07 E521.9312
G1 X107.266 Y115.73 E521.98259
G1 X106.442 Y115.258 E522.0351
G1 X105.677 Y114.654 E522.089
G1 X105.036 Y113.962 E522.14115
G1 X104.516 Y113.203 E522.19203
G1 X104.073 Y112.286 E522.24834
G1 X103.806 Y111.413 E522.29882
G1 X103.666 Y110.483 E522.35082
G1 X103.664 Y109.554 E522.40219
G1 X103.816 Y108.556 E522.45801
G1 X104.088 Y107.671 E522.50921
G1 X104.494 Y106.83 E522.56085
G1 X105.011 Y106.067 E522.61181
G1 X105.694 Y105.329 E522.66741
G1 X106.423 Y104.748 E522.71896
G1 X107.228 Y104.285 E522.77031
G1 X108.092 Y103.943 E522.82169
G1 X109.07 Y103.716 E522.87721
G1 X110.022 Y103.647 E522.92999
G1 X110.926 Y103.716 E522.98012
G1 X111.825 Y103.919 E523.03108
G1 X112.756 Y104.274 E523.08617
G1 X113.567 Y104.746 E523.13806
G1 X114.319 Y105.342 E523.19112
G1 X114.948 Y106.02 E523.24226
G1 X115.502 Y106.829 E523.29647
G1 X115.908 Y107.67 E523.34811
G1 X116.194 Y108.587 E523.40123
G1 X116.332 Y109.555 E523.45529
G1 X116.331 Y110.483 E523.50661
G1 X116.194 Y111.405 E523.55815
G1 X115.924 Y112.286 E523.6091
G1 X115.481 Y113.203 E523.66541
G1 X114.962 Y113.96 E523.71616
G1 X114.332 Y114.639 E523.76738
G1 X113.602 Y115.224 E523.81911
G1 X112.735 Y115.73 E523.87462
G1 X111.871 Y116.07 E523.92596
G1 X110.969 Y116.273 E523.97708
G1 X110.043 Y116.347 E524.02845
G0 F9000 X110.059 Y116.573
G0 X110 Y118.073
G0 X110 Y118.299
G1 F1307 X110.984 Y118.24 E524.08296
G1 X111.939 Y118.066 E524.13663
G1 X112.884 Y117.778 E524.19126
G1 X113.792 Y117.379 E524.2461
G1 X114.628 Y116.886 E524.29977
G1 X115.414 Y116.284 E524.35451
G1 X116.125 Y115.594 E524.4093
G1 X116.741 Y114.831 E524.46352
G1 X117.262 Y114.008 E524.51738
G1 X117.69 Y113.111 E524.57234
G1 X118.003 Y112.19 E524.62612
G1 X118.206 Y111.228 E524.68049
G1 X118.295 Y110.239 E524.7354
G1 X118.266 Y109.26 E524.78955
G1 X118.118 Y108.285 E524.84408
G1 X117.859 Y107.334 E524.89858
G1 X117.491 Y106.435 E524.9523
G1 X117.01 Y105.562 E525.00741
G1 X116.447 Y104.773 E525.06101
G1 X115.783 Y104.047 E525.11541
G1 X115.03 Y103.398 E525.17038
G1 X114.219 Y102.853 E525.22441
G1 X113.349 Y102.407 E525.27847
G1 X112.423 Y102.063 E525.33309
G1 X111.464 Y101.831 E525.38765
G1 X110.476 Y101.716 E525.44265
G1 X109.971 Y101.701 E525.47058
G1 X109.52 Y101.715 E525.49553
G1 X108.532 Y101.831 E525.55054
G1 X107.573 Y102.063 E525.6051
G1 X106.647 Y102.407 E525.65972
G1 X105.777 Y102.853 E525.71378
G1 X104.966 Y103.398 E525.76781
G1 X104.214 Y104.047 E525.82274
G1 X103.553 Y104.774 E525.87707
G1 X102.986 Y105.564 E525.93084
G1 X102.505 Y106.435 E525.98585
G1 X102.133 Y107.346 E526.04027
G1 X101.875 Y108.291 E526.09443
G1 X101.735 Y109.258 E526.14846
G1 X101.705 Y110.239 E526.20273
G1 X101.794 Y111.229 E526.25769
G1 X101.993 Y112.191 E526.31201
G1 X102.306 Y113.111 E526.36575
G1 X102.734 Y114.008 E526.4207
G1 X103.254 Y114.831 E526.47453
G1 X103.874 Y115.594 E526.5289
G1 X104.587 Y116.285 E526.5838
G1 X105.369 Y116.887 E526.63837
G1 X106.204 Y117.379 E526.69196
G1 X107.112 Y117.778 E526.7468
G1 X108.057 Y118.066 E526.80143
G1 X109.012 Y118.239 E526.85509
G1 X110 Y118.299 E526.90982
G0 F9000 X110 Y118.774
;TYPE:WALL-OUTER
G1 F1307 X111.041 Y118.712 E526.96172
G1 X112.05 Y118.529 E527.01276
G1 X113.049 Y118.224 E527.06474
G1 X114.009 Y117.803 E527.1169
G1 X114.894 Y117.281 E527.16804
G1 X115.724 Y116.645 E527.22007
G1 X116.477 Y115.915 E527.27227
G1 X117.128 Y115.108 E527.32387
G1 X117.678 Y114.238 E527.37509
G1 X118.131 Y113.291 E527.42733
G1 X118.462 Y112.316 E527.47857
G1 X118.677 Y111.298 E527.53035
G1 X118.77 Y110.253 E527.58256
G1 X118.739 Y109.217 E527.63414
G1 X118.583 Y108.187 E527.68598
G1 X118.31 Y107.181 E527.73786
G1 X117.92 Y106.23 E527.78901
G1 X117.413 Y105.309 E527.84133
G1 X116.816 Y104.474 E527.89241
G1 X116.114 Y103.706 E527.94419
G1 X115.319 Y103.02 E527.99645
G1 X114.461 Y102.443 E528.04791
G1 X113.541 Y101.971 E528.09936
G1 X112.562 Y101.608 E528.15133
G1 X111.548 Y101.363 E528.20324
G1 X110.511 Y101.241 E528.2552
G1 X110 Y101.226 E528.28064
G1 X109.485 Y101.241 E528.30628
G1 X108.448 Y101.362 E528.35824
G1 X107.434 Y101.608 E528.41017
G1 X106.455 Y101.971 E528.46213
G1 X105.535 Y102.443 E528.51359
G1 X104.677 Y103.02 E528.56504
G1 X103.882 Y103.706 E528.6173
G1 X103.184 Y104.474 E528.66895
G1 X102.583 Y105.309 E528.72014
G1 X102.076 Y106.23 E528.77246
G1 X101.682 Y107.193 E528.82424
G1 X101.409 Y108.194 E528.87588
G1 X101.261 Y109.216 E528.92727
G1 X101.23 Y110.253 E528.9789
G1 X101.323 Y111.299 E529.03116
G1 X101.534 Y112.316 E529.08285
G1 X101.865 Y113.291 E529.13409
G1 X102.318 Y114.238 E529.18633
G1 X102.868 Y115.108 E529.23755
G1 X103.523 Y115.915 E529.28928
G1 X104.276 Y116.645 E529.34147
G1 X105.103 Y117.281 E529.39339
G1 X105.987 Y117.803 E529.44448
G1 X106.947 Y118.224 E529.49665
G1 X107.946 Y118.528 E529.54861
G1 X108.955 Y118.712 E529.59966
G1 X110 Y118.774 E529.65175
G0 F9000 X110.199 Y118.763
G1 F1500 E523.65175
G0 F9000 X110.159 Y118.064
G0 X109.931 Y116.571
G0 X109.983 Y115.873
G1 F1500 E529.65175
G1 F1307 X109.102 Y115.804 E529.69573
G1 X108.27 Y115.616 E529.73818
G1 X107.457 Y115.295 E529.78168
G1 X106.679 Y114.845 E529.8264
G1 X105.995 Y114.298 E529.86999
G1 X105.405 Y113.662 E529.91316
G1 X104.917 Y112.949 E529.95616
G1 X104.53 Y112.152 E530.00025
G1 X104.269 Y111.294 E530.04488
G1 X104.139 Y110.441 E530.08782
G1 X104.141 Y109.541 E530.13261
G1 X104.274 Y108.68 E530.17597
G1 X104.527 Y107.85 E530.21915
G1 X104.91 Y107.059 E530.26289
G1 X105.397 Y106.344 E530.30594
G1 X106.011 Y105.684 E530.3508
G1 X106.694 Y105.141 E530.39422
G1 X107.445 Y104.707 E530.43739
G1 X108.271 Y104.384 E530.48153
G1 X109.135 Y104.187 E530.52563
G1 X110.007 Y104.122 E530.56914
G1 X110.871 Y104.188 E530.61226
G1 X111.739 Y104.388 E530.65659
G1 X112.555 Y104.707 E530.70019
G1 X113.302 Y105.141 E530.74319
G1 X113.991 Y105.689 E530.787
G1 X114.587 Y106.329 E530.83052
G1 X115.086 Y107.059 E530.87453
G1 X115.469 Y107.85 E530.91826
G1 X115.731 Y108.706 E530.96281
G1 X115.855 Y109.545 E531.00502
G1 X115.857 Y110.441 E531.04961
G1 X115.724 Y111.327 E531.0942
G1 X115.474 Y112.133 E531.13619
G1 X115.079 Y112.949 E531.18131
G1 X114.592 Y113.662 E531.22428
G1 X113.985 Y114.313 E531.26857
G1 X113.298 Y114.858 E531.31221
G1 X112.543 Y115.295 E531.35563
G1 X111.726 Y115.616 E531.39931
G1 X110.885 Y115.806 E531.44222
G1 X109.983 Y115.873 E531.48723
G0 F9000 X109.784 Y115.858
G0 X109.732 Y116.556
G0 X108.918 Y116.505
;TYPE:FILL
G1 F1307 X110.435 Y118.022 E531.62247
G0 F9000 X113.63 Y117.177
G1 F1307 X114.195 Y115.068 E531.7601
G0 F9000 X115.582 Y113.496
G1 F1307 X116.628 Y114.542 E531.85334
G0 F9000 X116.581 Y109.763
G1 F1307 X118.018 Y109.378 E531.94712
G0 F9000 X116.174 Y107.682
G1 F1307 X116.732 Y105.603 E532.08281
G0 F9000 X114.39 Y103.269
G1 F1307 X112.3 Y103.828 E532.21919
G0 F9000 X110.237 Y103.413
G1 F1307 X110.62 Y101.984 E532.31245
G0 F9000 X106.5 Y104.414
G1 F1307 X105.456 Y103.37 E532.40552
G0 F9000 X104.902 Y105.811
G1 F1307 X102.828 Y106.366 E532.54085
G0 F9000 X101.975 Y109.563
G1 F1307 X103.506 Y111.094 E532.67734
G0 F9000 X104.181 Y113.085
G1 F1307 X102.752 Y113.468 E532.7706
G0 F9000 X106.914 Y115.815
G1 F1307 X106.53 Y117.249 E532.86418
G0 F9000 X106.68 Y116.908
;MESH:NONMESH
G0 F600 X106.68 Y116.908 Z12.04
G0 F9000 X110.059 Y116.573
G0 X110.043 Y116.347
;TIME_ELAPSED:544.234802
;LAYER:42
;note -- min layer time used
;TYPE:WALL-INNER
;MESH:guia_rocker.STL
G1 F1303 X109.027 Y116.273 E532.9205
G1 X108.131 Y116.07 E532.9713
G1 X107.266 Y115.73 E533.0227
G1 X106.442 Y115.258 E533.0752
G1 X105.677 Y114.654 E533.1291
G1 X105.036 Y113.962 E533.18126
G1 X104.516 Y113.203 E533.23213
G1 X104.073 Y112.286 E533.28844
G1 X103.806 Y111.413 E533.33892
G1 X103.666 Y110.483 E533.39093
G1 X103.664 Y109.554 E533.4423
G1 X103.816 Y108.556 E533.49812
G1 X104.088 Y107.671 E533.54931
G1 X104.494 Y106.83 E533.60095
G1 X105.011 Y106.067 E533.65192
G1 X105.694 Y105.329 E533.70752
G1 X106.423 Y104.748 E533.75906
G1 X107.228 Y104.285 E533.81041
G1 X108.092 Y103.943 E533.86179
G1 X109.07 Y103.716 E533.91731
G1 X110.022 Y103.647 E533.97009
G1 X110.926 Y103.716 E534.02022
G1 X111.825 Y103.919 E534.07118
G1 X112.756 Y104.274 E534.12628
G1 X113.567 Y104.746 E534.17816
G1 X114.319 Y105.342 E534.23122
G1 X114.948 Y106.02 E534.28236
G1 X115.502 Y106.829 E534.33658
G1 X115.908 Y107.67 E534.38822
G1 X116.194 Y108.587 E534.44133
G1 X116.332 Y109.555 E534.4954
G1 X116.331 Y110.483 E534.54671
G1 X116.194 Y111.405 E534.59825
G1 X115.924 Y112.286 E534.6492
G1 X115.481 Y113.203 E534.70552
G1 X114.962 Y113.96 E534.75627
G1 X114.332 Y114.639 E534.80749
G1 X113.602 Y115.224 E534.85921
G1 X112.735 Y115.73 E534.91472
G1 X111.871 Y116.07 E534.96606
G1 X110.969 Y116.273 E535.01719
G1 X110.043 Y116.347 E535.06855
G0 F9000 X110.059 Y116.573
G0 X110 Y118.073
G0 X110 Y118.299
G1 F1303 X110.984 Y118.24 E535.12306
G1 X111.939 Y118.066 E535.17674
G1 X112.884 Y117.778 E535.23136
G1 X113.792 Y117.379 E535.2862
G1 X114.628 Y116.886 E535.33987
G1 X115.414 Y116.284 E535.39461
G1 X116.125 Y115.594 E535.4494
G1 X116.741 Y114.831 E535.50362
G1 X117.262 Y114.008 E535.55748
G1 X117.69 Y113.111 E535.61244
G1 X118.003 Y112.19 E535.66623
G1 X118.206 Y111.228 E535.72059
G1 X118.295 Y110.239 E535.7755
G1 X118.266 Y109.26 E535.82966
G1 X118.118 Y108.285 E535.88419
G1 X117.859 Y107.334 E535.93869
G1 X117.491 Y106.435 E535.9924
G1 X117.01 Y105.562 E536.04752
G1 X116.447 Y104.773 E536.10111
G1 X115.783 Y104.047 E536.15551
G1 X115.03 Y103.398 E536.21048
G1 X114.219 Y102.853 E536.26451
G1 X113.349 Y102.407 E536.31857
G1 X112.423 Y102.063 E536.37319
G1 X111.464 Y101.831 E536.42775
G1 X110.476 Y101.716 E536.48275
G1 X109.971 Y101.701 E536.51069
G1 X109.52 Y101.715 E536.53564
G1 X108.532 Y101.831 E536.59064
G1 X107.573 Y102.063 E536.6452
G1 X106.647 Y102.407 E536.69982
G1 X105.777 Y102.853 E536.75388
G1 X104.966 Y103.398 E536.80791
G1 X104.214 Y104.047 E536.86284
G1 X103.553 Y104.774 E536.91717
G1 X102.986 Y105.564 E536.97094
G1 X102.505 Y106.435 E537.02596
G1 X102.133 Y107.346 E537.08037
G1 X101.875 Y108.291 E537.13454
G1 X101.735 Y109.258 E537.18856
G1 X101.705 Y110.239 E537.24283
G1 X101.794 Y111.229 E537.2978
G1 X101.993 Y112.191 E537.35212
G1 X102.306 Y113.111 E537.40585
G1 X102.734 Y114.008 E537.46081
G1 X103.254 Y114.831 E537.51464
G1 X103.874 Y115.594 E537.569
G1 X104.587 Y116.285 E537.6239
G1 X105.369 Y116.887 E537.67847
G1 X106.204 Y117.379 E537.73206
G1 X107.112 Y117.778 E537.7869
G1 X108.057 Y118.066 E537.84153
G1 X109.012 Y118.239 E537.8952
G1 X110 Y118.299 E537.94993
G0 F9000 X110 Y118.774
;TYPE:WALL-OUTER
G1 F1303 X111.041 Y118.712 E538.00183
G1 X112.05 Y118.529 E538.05286
G1 X113.049 Y118.224 E538.10484
G1 X114.009 Y117.803 E538.15701
G1 X114.894 Y117.281 E538.20814
G1 X115.724 Y116.645 E538.26018
G1 X116.477 Y115.915 E538.31237
G1 X117.128 Y115.108 E538.36397
G1 X117.678 Y114.238 E538.41519
G1 X118.131 Y113.291 E538.46743
G1 X118.462 Y112.316 E538.51867
G1 X118.677 Y111.298 E538.57045
G1 X118.77 Y110.253 E538.62266
G1 X118.739 Y109.217 E538.67424
G1 X118.583 Y108.187 E538.72609
G1 X118.31 Y107.181 E538.77796
G1 X117.92 Y106.23 E538.82911
G1 X117.413 Y105.309 E538.88143
G1 X116.816 Y104.474 E538.93252
G1 X116.114 Y103.706 E538.9843
G1 X115.319 Y103.02 E539.03655
G1 X114.461 Y102.443 E539.08801
G1 X113.541 Y101.971 E539.13947
G1 X112.562 Y101.608 E539.19143
G1 X111.548 Y101.363 E539.24334
G1 X110.511 Y101.241 E539.29531
G1 X110 Y101.226 E539.32075
G1 X109.485 Y101.241 E539.34639
G1 X108.448 Y101.362 E539.39834
G1 X107.434 Y101.608 E539.45027
G1 X106.455 Y101.971 E539.50223
G1 X105.535 Y102.443 E539.55369
G1 X104.677 Y103.02 E539.60515
G1 X103.882 Y103.706 E539.6574
G1 X103.184 Y104.474 E539.70905
G1 X102.583 Y105.309 E539.76025
G1 X102.076 Y106.23 E539.81257
G1 X101.682 Y107.193 E539.86435
G1 X101.409 Y108.194 E539.91598
G1 X101.261 Y109.216 E539.96737
G1 X101.23 Y110.253 E540.019
G1 X101.323 Y111.299 E540.07126
G1 X101.534 Y112.316 E540.12295
G1 X101.865 Y113.291 E540.17419
G1 X102.318 Y114.238 E540.22644
G1 X102.868 Y115.108 E540.27766
G1 X103.523 Y115.915 E540.32938
G1 X104.276 Y116.645 E540.38158
G1 X105.103 Y117.281 E540.43349
G1 X105.987 Y117.803 E540.48458
G1 X106.947 Y118.224 E540.53675
G1 X107.946 Y118.528 E540.58872
G1 X108.955 Y118.712 E540.63976
G1 X110 Y118.774 E540.69186
G0 F9000 X110.199 Y118.763
G1 F1500 E534.69186
G0 F9000 X110.159 Y118.064
G0 X109.931 Y116.571
G0 X109.983 Y115.873
G1 F1500 E540.69186
G1 F1303 X109.102 Y115.804 E540.73583
G1 X108.27 Y115.616 E540.77828
G1 X107.457 Y115.295 E540.82178
G1 X106.679 Y114.845 E540.86651
G1 X105.995 Y114.298 E540.91009
G1 X105.405 Y113.662 E540.95327
G1 X104.917 Y112.949 E540.99627
G1 X104.53 Y112.152 E541.04036
G1 X104.269 Y111.294 E541.08499
G1 X104.139 Y110.441 E541.12793
G1 X104.141 Y109.541 E541.17272
G1 X104.274 Y108.68 E541.21607
G1 X104.527 Y107.85 E541.25925
G1 X104.91 Y107.059 E541.30299
G1 X105.397 Y106.344 E541.34604
G1 X106.011 Y105.684 E541.3909
G1 X106.694 Y105.141 E541.43433
G1 X107.445 Y104.707 E541.47749
G1 X108.271 Y104.384 E541.52163
G1 X109.135 Y104.187 E541.56573
G1 X110.007 Y104.122 E541.60925
G1 X110.871 Y104.188 E541.65237
G1 X111.739 Y104.388 E541.6967
G1 X112.555 Y104.707 E541.7403
G1 X113.302 Y105.141 E541.78329
G1 X113.991 Y105.689 E541.8271
G1 X114.587 Y106.329 E541.87063
G1 X115.086 Y107.059 E541.91463
G1 X115.469 Y107.85 E541.95837
G1 X115.731 Y108.706 E542.00292
G1 X115.855 Y109.545 E542.04512
G1 X115.857 Y110.441 E542.08971
G1 X115.724 Y111.327 E542.1343
G1 X115.474 Y112.133 E542.1763
G1 X115.079 Y112.949 E542.22141
G1 X114.592 Y113.662 E542.26438
G1 X113.985 Y114.313 E542.30868
G1 X113.298 Y114.858 E542.35232
G1 X112.543 Y115.295 E542.39573
G1 X111.726 Y115.616 E542.43941
G1 X110.885 Y115.806 E542.48232
G1 X109.983 Y115.873 E542.52733
G0 F9000 X109.784 Y115.858
G0 X109.233 Y116.54
;TYPE:FILL
G1 F1303 X110.698 Y118.006 E542.65798
G0 F9000 X113.398 Y117.28
G1 F1303 X113.934 Y115.279 E542.78856
G0 F9000 X114.592 Y114.589
G0 X115.695 Y113.329
G1 F1303 X116.736 Y114.37 E542.88136
G0 F9000 X116.581 Y109.968
G1 F1303 X118.024 Y109.581 E542.97554
G0 F9000 X116.049 Y107.387
G1 F1303 X116.582 Y105.394 E543.10559
G0 F9000 X114.608 Y103.415
G1 F1303 X112.612 Y103.95 E543.23585
G0 F9000 X112.146 Y103.838
G0 X110.036 Y103.398
G1 F1303 X110.42 Y101.963 E543.32949
G0 F9000 X106.678 Y104.312
G1 F1303 X105.623 Y103.257 E543.42354
G0 F9000 X104.715 Y106.066
G1 F1303 X102.707 Y106.604 E543.55458
G0 F9000 X101.983 Y109.29
G1 F1303 X103.456 Y110.763 E543.68589
G0 F9000 X103.727 Y111.68
G0 X104.269 Y113.267
G1 F1303 X102.839 Y113.65 E543.77921
G0 F9000 X106.736 Y115.713
G1 F1303 X106.346 Y117.169 E543.87423
G0 F9000 X106.497 Y116.827
;MESH:NONMESH
G0 F600 X106.497 Y116.827 Z12.32
G0 F9000 X110.059 Y116.573
G0 X110.043 Y116.347
;TIME_ELAPSED:556.444917
;LAYER:43
;note -- min layer time used
;TYPE:WALL-INNER
;MESH:guia_rocker.STL
G1 F1300.3 X109.027 Y116.273 E543.93055
G1 X108.131 Y116.07 E543.98135
G1 X107.266 Y115.73 E544.03275
G1 X106.442 Y115.258 E544.08526
G1 X105.677 Y114.654 E544.13915
G1 X105.036 Y113.962 E544.19131
G1 X104.516 Y113.203 E544.24218
G1 X104.073 Y112.286 E544.2985
G1 X103.806 Y111.413 E544.34898
G1 X103.666 Y110.483 E544.40098
G1 X103.664 Y109.554 E544.45235
G1 X103.816 Y108.556 E544.50817
G1 X104.088 Y107.671 E544.55936
G1 X104.494 Y106.83 E544.611
G1 X105.011 Y106.067 E544.66197
G1 X105.694 Y105.329 E544.71757
G1 X106.423 Y104.748 E544.76911
G1 X107.228 Y104.285 E544.82046
G1 X108.092 Y103.943 E544.87185
G1 X109.07 Y103.716 E544.92736
G1 X110.022 Y103.647 E544.98014
G1 X110.926 Y103.716 E545.03027
G1 X111.825 Y103.919 E545.08123
G1 X112.756 Y104.274 E545.13633
G1 X113.567 Y104.746 E545.18822
G1 X114.319 Y105.342 E545.24127
G1 X114.948 Y106.02 E545.29241
G1 X115.502 Y106.829 E545.34663
G1 X115.908 Y107.67 E545.39827
G1 X116.194 Y108.587 E545.45138
G1 X116.332 Y109.555 E545.50545
G1 X116.331 Y110.483 E545.55676
G1 X116.194 Y111.405 E545.6083
G1 X115.924 Y112.286 E545.65926
G1 X115.481 Y113.203 E545.71557
G1 X114.962 Y113.96 E545.76632
G1 X114.332 Y114.639 E545.81754
G1 X113.602 Y115.224 E545.86926
G1 X112.735 Y115.73 E545.92477
G1 X111.871 Y116.07 E545.97611
G1 X110.969 Y116.273 E546.02724
G1 X110.043 Y116.347 E546.0786
G0 F9000 X110.059 Y116.573
G0 X110 Y118.073
G0 X110 Y118.299
G1 F1300.3 X110.984 Y118.24 E546.13311
G1 X111.939 Y118.066 E546.18679
G1 X112.884 Y117.778 E546.24141
G1 X113.792 Y117.379 E546.29625
G1 X114.628 Y116.886 E546.34992
G1 X115.414 Y116.284 E546.40467
G1 X116.125 Y115.594 E546.45945
G1 X116.741 Y114.831 E546.51367
G1 X117.262 Y114.008 E546.56753
G1 X117.69 Y113.111 E546.62249
G1 X118.003 Y112.19 E546.67628
G1 X118.206 Y111.228 E546.73064
G1 X118.295 Y110.239 E546.78555
G1 X118.266 Y109.26 E546.83971
G1 X118.118 Y108.285 E546.89424
G1 X117.859 Y107.334 E546.94874
G1 X117.491 Y106.435 E547.00245
G1 X117.01 Y105.562 E547.05757
G1 X116.447 Y104.773 E547.11116
G1 X115.783 Y104.047 E547.16557
G1 X115.03 Y103.398 E547.22053
G1 X114.219 Y102.853 E547.27456
G1 X113.349 Y102.407 E547.32862
G1 X112.423 Y102.063 E547.38324
G1 X111.464 Y101.831 E547.4378
G1 X110.476 Y101.716 E547.4928
G1 X109.971 Y101.701 E547.52074
G1 X109.52 Y101.715 E547.54569
G1 X108.532 Y101.831 E547.6007
G1 X107.573 Y102.063 E547.65525
G1 X106.647 Y102.407 E547.70987
G1 X105.777 Y102.853 E547.76393
G1 X104.966 Y103.398 E547.81796
G1 X104.214 Y104.047 E547.87289
G1 X103.553 Y104.774 E547.92722
G1 X102.986 Y105.564 E547.98099
G1 X102.505 Y106.435 E548.03601
G1 X102.133 Y107.346 E548.09042
G1 X101.875 Y108.291 E548.14459
G1 X101.735 Y109.258 E548.19861
G1 X101.705 Y110.239 E548.25288
G1 X101.794 Y111.229 E548.30785
G1 X101.993 Y112.191 E548.36217
G1 X102.306 Y113.111 E548.4159
G1 X102.734 Y114.008 E548.47086
G1 X103.254 Y114.831 E548.52469
G1 X103.874 Y115.594 E548.57905
G1 X104.587 Y116.285 E548.63395
G1 X105.369 Y116.887 E548.68852
G1 X106.204 Y117.379 E548.74211
G1 X107.112 Y117.778 E548.79695
G1 X108.057 Y118.066 E548.85158
G1 X109.012 Y118.239 E548.90525
G1 X110 Y118.299 E548.95998
G0 F9000 X110 Y118.774
;TYPE:WALL-OUTER
G1 F1300.3 X111.041 Y118.712 E549.01188
G1 X112.05 Y118.529 E549.06291
G1 X113.049 Y118.224 E549.11489
G1 X114.009 Y117.803 E549.16706
G1 X114.894 Y117.281 E549.21819
G1 X115.724 Y116.645 E549.27023
G1 X116.477 Y115.915 E549.32242
G1 X117.128 Y115.108 E549.37402
G1 X117.678 Y114.238 E549.42524
G1 X118.131 Y113.291 E549.47748
G1 X118.462 Y112.316 E549.52873
G1 X118.677 Y111.298 E549.5805
G1 X118.77 Y110.253 E549.63271
G1 X118.739 Y109.217 E549.68429
G1 X118.583 Y108.187 E549.73614
G1 X118.31 Y107.181 E549.78801
G1 X117.92 Y106.23 E549.83916
G1 X117.413 Y105.309 E549.89148
G1 X116.816 Y104.474 E549.94257
G1 X116.114 Y103.706 E549.99435
G1 X115.319 Y103.02 E550.0466
G1 X114.461 Y102.443 E550.09806
G1 X113.541 Y101.971 E550.14952
G1 X112.562 Y101.608 E550.20148
G1 X111.548 Y101.363 E550.25339
G1 X110.511 Y101.241 E550.30536
G1 X110 Y101.226 E550.3308
G1 X109.485 Y101.241 E550.35644
G1 X108.448 Y101.362 E550.4084
G1 X107.434 Y101.608 E550.46032
G1 X106.455 Y101.971 E550.51228
G1 X105.535 Y102.443 E550.56374
G1 X104.677 Y103.02 E550.6152
G1 X103.882 Y103.706 E550.66745
G1 X103.184 Y104.474 E550.7191
G1 X102.583 Y105.309 E550.7703
G1 X102.076 Y106.23 E550.82262
G1 X101.682 Y107.193 E550.8744
G1 X101.409 Y108.194 E550.92603
G1 X101.261 Y109.216 E550.97742
G1 X101.23 Y110.253 E551.02905
G1 X101.323 Y111.299 E551.08131
G1 X101.534 Y112.316 E551.133
G1 X101.865 Y113.291 E551.18424
G1 X102.318 Y114.238 E551.23649
G1 X102.868 Y115.108 E551.28771
G1 X103.523 Y115.915 E551.33943
G1 X104.276 Y116.645 E551.39163
G1 X105.103 Y117.281 E551.44355
G1 X105.987 Y117.803 E551.49464
G1 X106.947 Y118.224 E551.5468
G1 X107.946 Y118.528 E551.59877
G1 X108.955 Y118.712 E551.64981
G1 X110 Y118.774 E551.70191
G0 F9000 X110.199 Y118.763
G1 F1500 E545.70191
G0 F9000 X110.159 Y118.064
G0 X109.931 Y116.571
G0 X109.983 Y115.873
G1 F1500 E551.70191
G1 F1300.3 X109.102 Y115.804 E551.74588
G1 X108.27 Y115.616 E551.78833
G1 X107.457 Y115.295 E551.83183
G1 X106.679 Y114.845 E551.87656
G1 X105.995 Y114.298 E551.92015
G1 X105.405 Y113.662 E551.96332
G1 X104.917 Y112.949 E552.00632
G1 X104.53 Y112.152 E552.05041
G1 X104.269 Y111.294 E552.09504
G1 X104.139 Y110.441 E552.13798
G1 X104.141 Y109.541 E552.18277
G1 X104.274 Y108.68 E552.22612
G1 X104.527 Y107.85 E552.26931
G1 X104.91 Y107.059 E552.31304
G1 X105.397 Y106.344 E552.35609
G1 X106.011 Y105.684 E552.40095
G1 X106.694 Y105.141 E552.44438
G1 X107.445 Y104.707 E552.48754
G1 X108.271 Y104.384 E552.53168
G1 X109.135 Y104.187 E552.57578
G1 X110.007 Y104.122 E552.6193
G1 X110.871 Y104.188 E552.66242
G1 X111.739 Y104.388 E552.70675
G1 X112.555 Y104.707 E552.75035
G1 X113.302 Y105.141 E552.79334
G1 X113.991 Y105.689 E552.83715
G1 X114.587 Y106.329 E552.88068
G1 X115.086 Y107.059 E552.92468
G1 X115.469 Y107.85 E552.96842
G1 X115.731 Y108.706 E553.01297
G1 X115.855 Y109.545 E553.05517
G1 X115.857 Y110.441 E553.09976
G1 X115.724 Y111.327 E553.14435
G1 X115.474 Y112.133 E553.18635
G1 X115.079 Y112.949 E553.23146
G1 X114.592 Y113.662 E553.27443
G1 X113.985 Y114.313 E553.31873
G1 X113.298 Y114.858 E553.36237
G1 X112.543 Y115.295 E553.40578
G1 X111.726 Y115.616 E553.44947
G1 X110.885 Y115.806 E553.49237
G1 X109.983 Y115.873 E553.53738
G0 F9000 X109.784 Y115.858
G0 X109.538 Y116.565
;TYPE:FILL
G1 F1300.3 X110.961 Y117.989 E553.66429
G0 F9000 X113.166 Y117.381
G1 F1300.3 X113.675 Y115.478 E553.78846
G0 F9000 X114.953 Y114.204
G0 X115.787 Y113.141
G1 F1300.3 X116.845 Y114.199 E553.88278
G0 F9000 X116.581 Y110.173
G1 F1300.3 X118.03 Y109.784 E553.97735
G0 F9000 X115.917 Y107.113
G1 F1300.3 X116.433 Y105.185 E554.10316
G0 F9000 X114.826 Y103.562
G1 F1300.3 X112.912 Y104.075 E554.22807
G0 F9000 X111.164 Y103.608
G0 X109.828 Y103.411
G1 F1300.3 X110.217 Y101.957 E554.32295
G0 F9000 X106.856 Y104.21
G1 F1300.3 X105.791 Y103.145 E554.41789
G0 F9000 X104.543 Y106.317
G1 F1300.3 X102.612 Y106.834 E554.5439
G0 F9000 X102.017 Y109.044
G1 F1300.3 X103.417 Y110.444 E554.66871
G0 F9000 X103.835 Y112.012
G0 X104.378 Y113.443
G1 F1300.3 X102.926 Y113.832 E554.76346
G0 F9000 X106.558 Y115.612
G1 F1300.3 X106.168 Y117.067 E554.85842
G0 F9000 X106.359 Y116.746
;MESH:NONMESH
G0 F600 X106.359 Y116.746 Z12.6
G0 F9000 X110.059 Y116.573
G0 X110.043 Y116.347
;TIME_ELAPSED:568.654405
;LAYER:44
;note -- min layer time used
;TYPE:WALL-INNER
;MESH:guia_rocker.STL
G1 F1298.2 X109.027 Y116.273 E554.91475
G1 X108.131 Y116.07 E554.96555
G1 X107.266 Y115.73 E555.01694
G1 X106.442 Y115.258 E555.06945
G1 X105.677 Y114.654 E555.12335
G1 X105.036 Y113.962 E555.1755
G1 X104.516 Y113.203 E555.22638
G1 X104.073 Y112.286 E555.28269
G1 X103.806 Y111.413 E555.33317
G1 X103.666 Y110.483 E555.38517
G1 X103.664 Y109.554 E555.43654
G1 X103.816 Y108.556 E555.49236
G1 X104.088 Y107.671 E555.54356
G1 X104.494 Y106.83 E555.5952
G1 X105.011 Y106.067 E555.64616
G1 X105.694 Y105.329 E555.70176
G1 X106.423 Y104.748 E555.75331
G1 X107.228 Y104.285 E555.80466
G1 X108.092 Y103.943 E555.85604
G1 X109.07 Y103.716 E555.91155
G1 X110.022 Y103.647 E555.96433
G1 X110.926 Y103.716 E556.01447
G1 X111.825 Y103.919 E556.06543
G1 X112.756 Y104.274 E556.12052
G1 X113.567 Y104.746 E556.17241
G1 X114.319 Y105.342 E556.22547
G1 X114.948 Y106.02 E556.27661
G1 X115.502 Y106.829 E556.33082
G1 X115.908 Y107.67 E556.38246
G1 X116.194 Y108.587 E556.43558
G1 X116.332 Y109.555 E556.48964
G1 X116.331 Y110.483 E556.54096
G1 X116.194 Y111.405 E556.5925
G1 X115.924 Y112.286 E556.64345
G1 X115.481 Y113.203 E556.69976
G1 X114.962 Y113.96 E556.75051
G1 X114.332 Y114.639 E556.80173
G1 X113.602 Y115.224 E556.85346
G1 X112.735 Y115.73 E556.90897
G1 X111.871 Y116.07 E556.96031
G1 X110.969 Y116.273 E557.01143
G1 X110.043 Y116.347 E557.0628
G0 F9000 X110.059 Y116.573
G0 X110 Y118.073
G0 X110 Y118.299
G1 F1298.2 X110.984 Y118.24 E557.1173
G1 X111.939 Y118.066 E557.17098
G1 X112.884 Y117.778 E557.22561
G1 X113.792 Y117.379 E557.28045
G1 X114.628 Y116.886 E557.33411
G1 X115.414 Y116.284 E557.38886
G1 X116.125 Y115.594 E557.44364
G1 X116.741 Y114.831 E557.49787
G1 X117.262 Y114.008 E557.55173
G1 X117.69 Y113.111 E557.60668
G1 X118.003 Y112.19 E557.66047
G1 X118.206 Y111.228 E557.71484
G1 X118.295 Y110.239 E557.76974
G1 X118.266 Y109.26 E557.8239
G1 X118.118 Y108.285 E557.87843
G1 X117.859 Y107.334 E557.93293
G1 X117.491 Y106.435 E557.98665
G1 X117.01 Y105.562 E558.04176
G1 X116.447 Y104.773 E558.09536
G1 X115.783 Y104.047 E558.14976
G1 X115.03 Y103.398 E558.20473
G1 X114.219 Y102.853 E558.25876
G1 X113.349 Y102.407 E558.31282
G1 X112.423 Y102.063 E558.36744
G1 X111.464 Y101.831 E558.422
G1 X110.476 Y101.716 E558.477
G1 X109.971 Y101.701 E558.50493
G1 X109.52 Y101.715 E558.52988
G1 X108.532 Y101.831 E558.58489
G1 X107.573 Y102.063 E558.63945
G1 X106.647 Y102.407 E558.69407
G1 X105.777 Y102.853 E558.74813
G1 X104.966 Y103.398 E558.80216
G1 X104.214 Y104.047 E558.85708
G1 X103.553 Y104.774 E558.91141
G1 X102.986 Y105.564 E558.96518
G1 X102.505 Y106.435 E559.0202
G1 X102.133 Y107.346 E559.07461
G1 X101.875 Y108.291 E559.12878
G1 X101.735 Y109.258 E559.18281
G1 X101.705 Y110.239 E559.23708
G1 X101.794 Y111.229 E559.29204
G1 X101.993 Y112.191 E559.34636
G1 X102.306 Y113.111 E559.4001
G1 X102.734 Y114.008 E559.45505
G1 X103.254 Y114.831 E559.50888
G1 X103.874 Y115.594 E559.56324
G1 X104.587 Y116.285 E559.61815
G1 X105.369 Y116.887 E559.67272
G1 X106.204 Y117.379 E559.72631
G1 X107.112 Y117.778 E559.78115
G1 X108.057 Y118.066 E559.83577
G1 X109.012 Y118.239 E559.88944
G1 X110 Y118.299 E559.94417
G0 F9000 X110 Y118.774
;TYPE:WALL-OUTER
G1 F1298.2 X111.041 Y118.712 E559.99607
G1 X112.05 Y118.529 E560.0471
G1 X113.049 Y118.224 E560.09908
G1 X114.009 Y117.803 E560.15125
G1 X114.894 Y117.281 E560.20238
G1 X115.724 Y116.645 E560.25442
G1 X116.477 Y115.915 E560.30661
G1 X117.128 Y115.108 E560.35821
G1 X117.678 Y114.238 E560.40944
G1 X118.131 Y113.291 E560.46168
G1 X118.462 Y112.316 E560.51292
G1 X118.677 Y111.298 E560.5647
G1 X118.77 Y110.253 E560.61691
G1 X118.739 Y109.217 E560.66849
G1 X118.583 Y108.187 E560.72033
G1 X118.31 Y107.181 E560.77221
G1 X117.92 Y106.23 E560.82336
G1 X117.413 Y105.309 E560.87568
G1 X116.816 Y104.474 E560.92676
G1 X116.114 Y103.706 E560.97854
G1 X115.319 Y103.02 E561.0308
G1 X114.461 Y102.443 E561.08225
G1 X113.541 Y101.971 E561.13371
G1 X112.562 Y101.608 E561.18567
G1 X111.548 Y101.363 E561.23759
G1 X110.511 Y101.241 E561.28955
G1 X110 Y101.226 E561.31499
G1 X109.485 Y101.241 E561.34063
G1 X108.448 Y101.362 E561.39259
G1 X107.434 Y101.608 E561.44451
G1 X106.455 Y101.971 E561.49648
G1 X105.535 Y102.443 E561.54793
G1 X104.677 Y103.02 E561.59939
G1 X103.882 Y103.706 E561.65165
G1 X103.184 Y104.474 E561.70329
G1 X102.583 Y105.309 E561.75449
G1 X102.076 Y106.23 E561.80681
G1 X101.682 Y107.193 E561.85859
G1 X101.409 Y108.194 E561.91023
G1 X101.261 Y109.216 E561.96162
G1 X101.23 Y110.253 E562.01325
G1 X101.323 Y111.299 E562.06551
G1 X101.534 Y112.316 E562.1172
G1 X101.865 Y113.291 E562.16844
G1 X102.318 Y114.238 E562.22068
G1 X102.868 Y115.108 E562.2719
G1 X103.523 Y115.915 E562.32363
G1 X104.276 Y116.645 E562.37582
G1 X105.103 Y117.281 E562.42774
G1 X105.987 Y117.803 E562.47883
G1 X106.947 Y118.224 E562.531
G1 X107.946 Y118.528 E562.58296
G1 X108.955 Y118.712 E562.634
G1 X110 Y118.774 E562.6861
G0 F9000 X110.199 Y118.763
G1 F1500 E556.6861
G0 F9000 X110.159 Y118.064
G0 X109.931 Y116.571
G0 X109.983 Y115.873
G1 F1500 E562.6861
G1 F1298.2 X109.102 Y115.804 E562.73008
G1 X108.27 Y115.616 E562.77253
G1 X107.457 Y115.295 E562.81603
G1 X106.679 Y114.845 E562.86075
G1 X105.995 Y114.298 E562.90434
G1 X105.405 Y113.662 E562.94751
G1 X104.917 Y112.949 E562.99051
G1 X104.53 Y112.152 E563.0346
G1 X104.269 Y111.294 E563.07923
G1 X104.139 Y110.441 E563.12217
G1 X104.141 Y109.541 E563.16696
G1 X104.274 Y108.68 E563.21032
G1 X104.527 Y107.85 E563.2535
G1 X104.91 Y107.059 E563.29723
G1 X105.397 Y106.344 E563.34029
G1 X106.011 Y105.684 E563.38515
G1 X106.694 Y105.141 E563.42857
G1 X107.445 Y104.707 E563.47174
G1 X108.271 Y104.384 E563.51587
G1 X109.135 Y104.187 E563.55997
G1 X110.007 Y104.122 E563.60349
G1 X110.871 Y104.188 E563.64661
G1 X111.739 Y104.388 E563.69094
G1 X112.555 Y104.707 E563.73454
G1 X113.302 Y105.141 E563.77754
G1 X113.991 Y105.689 E563.82135
G1 X114.587 Y106.329 E563.86487
G1 X115.086 Y107.059 E563.90887
G1 X115.469 Y107.85 E563.95261
G1 X115.731 Y108.706 E563.99716
G1 X115.855 Y109.545 E564.03937
G1 X115.857 Y110.441 E564.08396
G1 X115.724 Y111.327 E564.12854
G1 X115.474 Y112.133 E564.17054
G1 X115.079 Y112.949 E564.21566
G1 X114.592 Y113.662 E564.25863
G1 X113.985 Y114.313 E564.30292
G1 X113.298 Y114.858 E564.34656
G1 X112.543 Y115.295 E564.38997
G1 X111.726 Y115.616 E564.43366
G1 X110.885 Y115.806 E564.47657
G1 X109.983 Y115.873 E564.52158
G0 F9000 X109.784 Y115.858
G0 X109.843 Y116.59
;TYPE:FILL
G1 F1298.2 X111.198 Y117.945 E564.64237
G0 F9000 X112.933 Y117.483
G1 F1298.2 X113.433 Y115.616 E564.76421
G0 F9000 X114.433 Y114.777
G0 X114.969 Y114.198
G0 X115.878 Y112.952
G1 F1298.2 X116.953 Y114.027 E564.86004
G0 F9000 X116.581 Y110.378
G1 F1298.2 X118.036 Y109.988 E564.955
G0 F9000 X115.785 Y106.841
G1 F1298.2 X116.284 Y104.977 E565.07663
G0 F9000 X115.017 Y103.716
G1 F1298.2 X113.152 Y104.215 E565.19833
G0 F9000 X111.92 Y103.773
G0 X111.15 Y103.597
G0 X109.618 Y103.427
G1 F1298.2 X110.014 Y101.952 E565.2946
G0 F9000 X107.033 Y104.107
G1 F1298.2 X105.964 Y103.038 E565.3899
G0 F9000 X104.371 Y106.568
G1 F1298.2 X102.519 Y107.064 E565.51076
G0 F9000 X102.053 Y108.8
G1 F1298.2 X103.416 Y110.164 E565.63231
G0 F9000 X103.647 Y111.449
G0 X103.879 Y112.203
G0 X104.497 Y113.616
G1 F1298.2 X103.03 Y114.009 E565.72804
G0 F9000 X106.381 Y115.51
G1 F1298.2 X105.991 Y116.963 E565.82288
G0 F9000 X106.183 Y116.642
;MESH:NONMESH
G0 F600 X106.183 Y116.642 Z12.88
G0 F9000 X110.059 Y116.573
G0 X110.043 Y116.347
;TIME_ELAPSED:580.859030
;LAYER:45
;note -- min layer time used
;TYPE:WALL-INNER
;MESH:guia_rocker.STL
G1 F1296.6 X109.027 Y116.273 E565.87921
G1 X108.131 Y116.07 E565.93001
G1 X107.266 Y115.73 E565.9814
G1 X106.442 Y115.258 E566.03391
G1 X105.677 Y114.654 E566.0878
G1 X105.036 Y113.962 E566.13996
G1 X104.516 Y113.203 E566.19084
G1 X104.073 Y112.286 E566.24715
G1 X103.806 Y111.413 E566.29763
G1 X103.666 Y110.483 E566.34963
G1 X103.664 Y109.554 E566.401
G1 X103.816 Y108.556 E566.45682
G1 X104.088 Y107.671 E566.50802
G1 X104.494 Y106.83 E566.55965
G1 X105.011 Y106.067 E566.61062
G1 X105.694 Y105.329 E566.66622
G1 X106.423 Y104.748 E566.71777
G1 X107.228 Y104.285 E566.76912
G1 X108.092 Y103.943 E566.8205
G1 X109.07 Y103.716 E566.87601
G1 X110.022 Y103.647 E566.92879
G1 X110.926 Y103.716 E566.97892
G1 X111.825 Y103.919 E567.02989
G1 X112.756 Y104.274 E567.08498
G1 X113.567 Y104.746 E567.13687
G1 X114.319 Y105.342 E567.18993
G1 X114.948 Y106.02 E567.24106
G1 X115.502 Y106.829 E567.29528
G1 X115.908 Y107.67 E567.34692
G1 X116.194 Y108.587 E567.40003
G1 X116.332 Y109.555 E567.4541
G1 X116.331 Y110.483 E567.50541
G1 X116.194 Y111.405 E567.55696
G1 X115.924 Y112.286 E567.60791
G1 X115.481 Y113.203 E567.66422
G1 X114.962 Y113.96 E567.71497
G1 X114.332 Y114.639 E567.76619
G1 X113.602 Y115.224 E567.81792
G1 X112.735 Y115.73 E567.87342
G1 X111.871 Y116.07 E567.92476
G1 X110.969 Y116.273 E567.97589
G1 X110.043 Y116.347 E568.02725
G0 F9000 X110.059 Y116.573
G0 X110 Y118.073
G0 X110 Y118.299
G1 F1296.6 X110.984 Y118.24 E568.08176
G1 X111.939 Y118.066 E568.13544
G1 X112.884 Y117.778 E568.19007
G1 X113.792 Y117.379 E568.24491
G1 X114.628 Y116.886 E568.29857
G1 X115.414 Y116.284 E568.35332
G1 X116.125 Y115.594 E568.4081
G1 X116.741 Y114.831 E568.46233
G1 X117.262 Y114.008 E568.51619
G1 X117.69 Y113.111 E568.57114
G1 X118.003 Y112.19 E568.62493
G1 X118.206 Y111.228 E568.67929
G1 X118.295 Y110.239 E568.7342
G1 X118.266 Y109.26 E568.78836
G1 X118.118 Y108.285 E568.84289
G1 X117.859 Y107.334 E568.89739
G1 X117.491 Y106.435 E568.9511
G1 X117.01 Y105.562 E569.00622
G1 X116.447 Y104.773 E569.05981
G1 X115.783 Y104.047 E569.11422
G1 X115.03 Y103.398 E569.16919
G1 X114.219 Y102.853 E569.22321
G1 X113.349 Y102.407 E569.27727
G1 X112.423 Y102.063 E569.3319
G1 X111.464 Y101.831 E569.38645
G1 X110.476 Y101.716 E569.44145
G1 X109.971 Y101.701 E569.46939
G1 X109.52 Y101.715 E569.49434
G1 X108.532 Y101.831 E569.54935
G1 X107.573 Y102.063 E569.6039
G1 X106.647 Y102.407 E569.65853
G1 X105.777 Y102.853 E569.71259
G1 X104.966 Y103.398 E569.76662
G1 X104.214 Y104.047 E569.82154
G1 X103.553 Y104.774 E569.87587
G1 X102.986 Y105.564 E569.92964
G1 X102.505 Y106.435 E569.98466
G1 X102.133 Y107.346 E570.03907
G1 X101.875 Y108.291 E570.09324
G1 X101.735 Y109.258 E570.14727
G1 X101.705 Y110.239 E570.20154
G1 X101.794 Y111.229 E570.2565
G1 X101.993 Y112.191 E570.31082
G1 X102.306 Y113.111 E570.36455
G1 X102.734 Y114.008 E570.41951
G1 X103.254 Y114.831 E570.47334
G1 X103.874 Y115.594 E570.5277
G1 X104.587 Y116.285 E570.58261
G1 X105.369 Y116.887 E570.63718
G1 X106.204 Y117.379 E570.69077
G1 X107.112 Y117.778 E570.74561
G1 X108.057 Y118.066 E570.80023
G1 X109.012 Y118.239 E570.8539
G1 X110 Y118.299 E570.90863
G0 F9000 X110 Y118.774
;TYPE:WALL-OUTER
G1 F1296.6 X111.041 Y118.712 E570.96053
G1 X112.05 Y118.529 E571.01156
G1 X113.049 Y118.224 E571.06354
G1 X114.009 Y117.803 E571.11571
G1 X114.894 Y117.281 E571.16684
G1 X115.724 Y116.645 E571.21888
G1 X116.477 Y115.915 E571.27107
G1 X117.128 Y115.108 E571.32267
G1 X117.678 Y114.238 E571.37389
G1 X118.131 Y113.291 E571.42614
G1 X118.462 Y112.316 E571.47738
G1 X118.677 Y111.298 E571.52916
G1 X118.77 Y110.253 E571.58137
G1 X118.739 Y109.217 E571.63295
G1 X118.583 Y108.187 E571.68479
G1 X118.31 Y107.181 E571.73666
G1 X117.92 Y106.23 E571.78782
G1 X117.413 Y105.309 E571.84014
G1 X116.816 Y104.474 E571.89122
G1 X116.114 Y103.706 E571.943
G1 X115.319 Y103.02 E571.99526
G1 X114.461 Y102.443 E572.04671
G1 X113.541 Y101.971 E572.09817
G1 X112.562 Y101.608 E572.15013
G1 X111.548 Y101.363 E572.20205
G1 X110.511 Y101.241 E572.25401
G1 X110 Y101.226 E572.27945
G1 X109.485 Y101.241 E572.30509
G1 X108.448 Y101.362 E572.35705
G1 X107.434 Y101.608 E572.40897
G1 X106.455 Y101.971 E572.46094
G1 X105.535 Y102.443 E572.51239
G1 X104.677 Y103.02 E572.56385
G1 X103.882 Y103.706 E572.61611
G1 X103.184 Y104.474 E572.66775
G1 X102.583 Y105.309 E572.71895
G1 X102.076 Y106.23 E572.77127
G1 X101.682 Y107.193 E572.82305
G1 X101.409 Y108.194 E572.87469
G1 X101.261 Y109.216 E572.92608
G1 X101.23 Y110.253 E572.97771
G1 X101.323 Y111.299 E573.02997
G1 X101.534 Y112.316 E573.08166
G1 X101.865 Y113.291 E573.1329
G1 X102.318 Y114.238 E573.18514
G1 X102.868 Y115.108 E573.23636
G1 X103.523 Y115.915 E573.28809
G1 X104.276 Y116.645 E573.34028
G1 X105.103 Y117.281 E573.3922
G1 X105.987 Y117.803 E573.44329
G1 X106.947 Y118.224 E573.49545
G1 X107.946 Y118.528 E573.54742
G1 X108.955 Y118.712 E573.59846
G1 X110 Y118.774 E573.65056
G0 F9000 X110.199 Y118.763
G1 F1500 E567.65056
G0 F9000 X110.159 Y118.064
G0 X109.931 Y116.571
G0 X109.983 Y115.873
G1 F1500 E573.65056
G1 F1296.6 X109.102 Y115.804 E573.69454
G1 X108.27 Y115.616 E573.73699
G1 X107.457 Y115.295 E573.78048
G1 X106.679 Y114.845 E573.82521
G1 X105.995 Y114.298 E573.8688
G1 X105.405 Y113.662 E573.91197
G1 X104.917 Y112.949 E573.95497
G1 X104.53 Y112.152 E573.99906
G1 X104.269 Y111.294 E574.04369
G1 X104.139 Y110.441 E574.08663
G1 X104.141 Y109.541 E574.13142
G1 X104.274 Y108.68 E574.17478
G1 X104.527 Y107.85 E574.21796
G1 X104.91 Y107.059 E574.26169
G1 X105.397 Y106.344 E574.30475
G1 X106.011 Y105.684 E574.34961
G1 X106.694 Y105.141 E574.39303
G1 X107.445 Y104.707 E574.43619
G1 X108.271 Y104.384 E574.48033
G1 X109.135 Y104.187 E574.52443
G1 X110.007 Y104.122 E574.56795
G1 X110.871 Y104.188 E574.61107
G1 X111.739 Y104.388 E574.6554
G1 X112.555 Y104.707 E574.699
G1 X113.302 Y105.141 E574.74199
G1 X113.991 Y105.689 E574.78581
G1 X114.587 Y106.329 E574.82933
G1 X115.086 Y107.059 E574.87333
G1 X115.469 Y107.85 E574.91707
G1 X115.731 Y108.706 E574.96162
G1 X115.855 Y109.545 E575.00383
G1 X115.857 Y110.441 E575.04842
G1 X115.724 Y111.327 E575.093
G1 X115.474 Y112.133 E575.135
G1 X115.079 Y112.949 E575.18011
G1 X114.592 Y113.662 E575.22308
G1 X113.985 Y114.313 E575.26738
G1 X113.298 Y114.858 E575.31102
G1 X112.543 Y115.295 E575.35443
G1 X111.726 Y115.616 E575.39812
G1 X110.885 Y115.806 E575.44102
G1 X109.983 Y115.873 E575.48604
G0 F9000 X109.784 Y115.858
G0 X110.125 Y116.592
;TYPE:FILL
G1 F1296.6 X111.436 Y117.903 E575.60291
G0 F9000 X112.704 Y117.572
G1 F1296.6 X113.191 Y115.754 E575.72155
G0 F9000 X114.433 Y114.777
G0 X114.969 Y114.198
G0 X115.968 Y112.762
G1 F1296.6 X117.059 Y113.853 E575.81881
G0 F9000 X116.569 Y110.586
G1 F1296.6 X118.043 Y110.191 E575.915
G0 F9000 X115.645 Y106.597
G1 F1296.6 X116.128 Y104.796 E576.03254
G0 F9000 X115.197 Y103.872
G1 F1296.6 X113.393 Y104.356 E576.15028
G0 F9000 X111.92 Y103.773
G0 X111.15 Y103.597
G0 X109.409 Y103.442
G1 F1296.6 X109.808 Y101.955 E576.24733
G0 F9000 X107.224 Y104.018
G1 F1296.6 X106.149 Y102.943 E576.34316
G0 F9000 X104.224 Y106.812
G1 F1296.6 X102.424 Y107.295 E576.46064
G0 F9000 X102.089 Y108.556
G1 F1296.6 X103.415 Y109.882 E576.57885
G0 F9000 X103.647 Y111.449
G0 X103.879 Y112.203
G0 X104.616 Y113.789
G1 F1296.6 X103.141 Y114.184 E576.67511
G0 F9000 X106.208 Y115.389
G1 F1296.6 X105.814 Y116.859 E576.77104
G0 F9000 X106.005 Y116.537
;MESH:NONMESH
G0 F600 X106.005 Y116.537 Z13.16
G0 F9000 X110.059 Y116.573
G0 X110.043 Y116.347
;TIME_ELAPSED:593.052239
;LAYER:46
;note -- min layer time used
;TYPE:WALL-INNER
;MESH:guia_rocker.STL
G1 F1295.3 X109.027 Y116.273 E576.82737
G1 X108.131 Y116.07 E576.87817
G1 X107.266 Y115.73 E576.92956
G1 X106.442 Y115.258 E576.98207
G1 X105.677 Y114.654 E577.03597
G1 X105.036 Y113.962 E577.08812
G1 X104.516 Y113.203 E577.139
G1 X104.073 Y112.286 E577.19531
G1 X103.806 Y111.413 E577.24579
G1 X103.666 Y110.483 E577.29779
G1 X103.664 Y109.554 E577.34916
G1 X103.816 Y108.556 E577.40498
G1 X104.088 Y107.671 E577.45618
G1 X104.494 Y106.83 E577.50782
G1 X105.011 Y106.067 E577.55878
G1 X105.694 Y105.329 E577.61438
G1 X106.423 Y104.748 E577.66593
G1 X107.24 Y104.277 E577.71807
G1 X108.092 Y103.943 E577.76868
G1 X109.07 Y103.716 E577.82419
G1 X110.022 Y103.647 E577.87697
G1 X110.926 Y103.716 E577.9271
G1 X111.825 Y103.919 E577.97806
G1 X112.756 Y104.274 E578.03316
G1 X113.567 Y104.746 E578.08505
G1 X114.319 Y105.342 E578.1381
G1 X114.948 Y106.02 E578.18924
G1 X115.502 Y106.829 E578.24346
G1 X115.908 Y107.67 E578.2951
G1 X116.194 Y108.587 E578.34821
G1 X116.332 Y109.555 E578.40228
G1 X116.331 Y110.483 E578.45359
G1 X116.194 Y111.405 E578.50514
G1 X115.924 Y112.286 E578.55609
G1 X115.481 Y113.203 E578.6124
G1 X114.962 Y113.96 E578.66315
G1 X114.332 Y114.639 E578.71437
G1 X113.602 Y115.224 E578.76609
G1 X112.735 Y115.73 E578.8216
G1 X111.871 Y116.07 E578.87294
G1 X110.969 Y116.273 E578.92407
G1 X110.043 Y116.347 E578.97543
G0 F9000 X110.059 Y116.573
G0 X110 Y118.073
G0 X110 Y118.299
G1 F1295.3 X110.984 Y118.24 E579.02994
G1 X111.939 Y118.066 E579.08362
G1 X112.884 Y117.778 E579.13824
G1 X113.792 Y117.379 E579.19309
G1 X114.628 Y116.886 E579.24675
G1 X115.414 Y116.284 E579.3015
G1 X116.125 Y115.594 E579.35628
G1 X116.741 Y114.831 E579.4105
G1 X117.262 Y114.008 E579.46436
G1 X117.69 Y113.111 E579.51932
G1 X118.003 Y112.19 E579.57311
G1 X118.206 Y111.228 E579.62747
G1 X118.295 Y110.239 E579.68238
G1 X118.266 Y109.26 E579.73654
G1 X118.118 Y108.285 E579.79107
G1 X117.859 Y107.334 E579.84557
G1 X117.491 Y106.435 E579.89928
G1 X117.01 Y105.562 E579.9544
G1 X116.447 Y104.773 E580.00799
G1 X115.783 Y104.047 E580.0624
G1 X115.03 Y103.398 E580.11736
G1 X114.219 Y102.853 E580.17139
G1 X113.349 Y102.407 E580.22545
G1 X112.423 Y102.063 E580.28008
G1 X111.464 Y101.831 E580.33463
G1 X110.476 Y101.716 E580.38963
G1 X109.971 Y101.701 E580.41757
G1 X109.52 Y101.715 E580.44252
G1 X108.532 Y101.831 E580.49753
G1 X107.573 Y102.063 E580.55208
G1 X106.647 Y102.407 E580.60671
G1 X105.777 Y102.853 E580.66077
G1 X104.966 Y103.398 E580.71479
G1 X104.214 Y104.047 E580.76972
G1 X103.553 Y104.774 E580.82405
G1 X102.986 Y105.564 E580.87782
G1 X102.505 Y106.435 E580.93284
G1 X102.133 Y107.346 E580.98725
G1 X101.875 Y108.291 E581.04142
G1 X101.735 Y109.258 E581.09545
G1 X101.705 Y110.239 E581.14971
G1 X101.794 Y111.229 E581.20468
G1 X101.993 Y112.191 E581.259
G1 X102.306 Y113.111 E581.31273
G1 X102.734 Y114.008 E581.36769
G1 X103.254 Y114.831 E581.42152
G1 X103.874 Y115.594 E581.47588
G1 X104.587 Y116.285 E581.53078
G1 X105.369 Y116.887 E581.58535
G1 X106.204 Y117.379 E581.63894
G1 X107.112 Y117.778 E581.69379
G1 X108.057 Y118.066 E581.74841
G1 X109.012 Y118.239 E581.80208
G1 X110 Y118.299 E581.85681
G0 F9000 X110 Y118.774
;TYPE:WALL-OUTER
G1 F1295.3 X111.041 Y118.712 E581.90871
G1 X112.05 Y118.529 E581.95974
G1 X113.049 Y118.224 E582.01172
G1 X114.009 Y117.803 E582.06389
G1 X114.894 Y117.281 E582.11502
G1 X115.724 Y116.645 E582.16706
G1 X116.477 Y115.915 E582.21925
G1 X117.128 Y115.108 E582.27085
G1 X117.678 Y114.238 E582.32207
G1 X118.131 Y113.291 E582.37432
G1 X118.462 Y112.316 E582.42556
G1 X118.677 Y111.298 E582.47734
G1 X118.77 Y110.253 E582.52955
G1 X118.739 Y109.217 E582.58113
G1 X118.583 Y108.187 E582.63297
G1 X118.31 Y107.181 E582.68484
G1 X117.92 Y106.23 E582.736
G1 X117.413 Y105.309 E582.78832
G1 X116.816 Y104.474 E582.8394
G1 X116.114 Y103.706 E582.89118
G1 X115.319 Y103.02 E582.94344
G1 X114.461 Y102.443 E582.99489
G1 X113.541 Y101.971 E583.04635
G1 X112.562 Y101.608 E583.09831
G1 X111.548 Y101.363 E583.15023
G1 X110.511 Y101.241 E583.20219
G1 X110 Y101.226 E583.22763
G1 X109.485 Y101.241 E583.25327
G1 X108.448 Y101.362 E583.30523
G1 X107.434 Y101.608 E583.35715
G1 X106.455 Y101.971 E583.40911
G1 X105.535 Y102.443 E583.46057
G1 X104.677 Y103.02 E583.51203
G1 X103.882 Y103.706 E583.56428
G1 X103.184 Y104.474 E583.61593
G1 X102.583 Y105.309 E583.66713
G1 X102.076 Y106.23 E583.71945
G1 X101.682 Y107.193 E583.77123
G1 X101.409 Y108.194 E583.82286
G1 X101.261 Y109.216 E583.87426
G1 X101.23 Y110.253 E583.92589
G1 X101.323 Y111.299 E583.97815
G1 X101.534 Y112.316 E584.02983
G1 X101.865 Y113.291 E584.08108
G1 X102.318 Y114.238 E584.13332
G1 X102.868 Y115.108 E584.18454
G1 X103.523 Y115.915 E584.23626
G1 X104.276 Y116.645 E584.28846
G1 X105.103 Y117.281 E584.34038
G1 X105.987 Y117.803 E584.39147
G1 X106.947 Y118.224 E584.44363
G1 X107.946 Y118.528 E584.4956
G1 X108.955 Y118.712 E584.54664
G1 X110 Y118.774 E584.59874
G0 F9000 X110.199 Y118.763
G1 F1500 E578.59874
G0 F9000 X110.159 Y118.064
G0 X109.931 Y116.571
G0 X109.983 Y115.873
G1 F1500 E584.59874
G1 F1295.3 X109.102 Y115.804 E584.64272
G1 X108.27 Y115.616 E584.68516
G1 X107.457 Y115.295 E584.72866
G1 X106.679 Y114.845 E584.77339
G1 X105.995 Y114.298 E584.81698
G1 X105.405 Y113.662 E584.86015
G1 X104.917 Y112.949 E584.90315
G1 X104.53 Y112.152 E584.94724
G1 X104.269 Y111.294 E584.99187
G1 X104.139 Y110.441 E585.03481
G1 X104.141 Y109.541 E585.0796
G1 X104.274 Y108.68 E585.12295
G1 X104.527 Y107.85 E585.16614
G1 X104.91 Y107.059 E585.20987
G1 X105.397 Y106.344 E585.25292
G1 X106.011 Y105.684 E585.29779
G1 X106.694 Y105.141 E585.34121
G1 X107.445 Y104.707 E585.38437
G1 X108.271 Y104.384 E585.42851
G1 X109.135 Y104.187 E585.47261
G1 X110.007 Y104.122 E585.51613
G1 X110.871 Y104.188 E585.55925
G1 X111.739 Y104.388 E585.60358
G1 X112.555 Y104.707 E585.64718
G1 X113.302 Y105.141 E585.69017
G1 X113.991 Y105.689 E585.73398
G1 X114.587 Y106.329 E585.77751
G1 X115.086 Y107.059 E585.82151
G1 X115.469 Y107.85 E585.86525
G1 X115.731 Y108.706 E585.9098
G1 X115.855 Y109.545 E585.952
G1 X115.857 Y110.441 E585.99659
G1 X115.724 Y111.327 E586.04118
G1 X115.474 Y112.133 E586.08318
G1 X115.079 Y112.949 E586.12829
G1 X114.592 Y113.662 E586.17126
G1 X113.985 Y114.313 E586.21556
G1 X113.298 Y114.858 E586.2592
G1 X112.543 Y115.295 E586.30261
G1 X111.726 Y115.616 E586.3463
G1 X110.885 Y115.806 E586.3892
G1 X109.983 Y115.873 E586.43422
G0 F9000 X109.784 Y115.858
G0 X110.384 Y116.571
;TYPE:FILL
G1 F1295.3 X111.673 Y117.86 E586.54913
G0 F9000 X112.481 Y117.64
G1 F1295.3 X112.949 Y115.892 E586.66319
G0 F9000 X114.433 Y114.777
G0 X114.969 Y114.198
G0 X116.06 Y112.574
G1 F1295.3 X117.149 Y113.663 E586.76028
G0 F9000 X116.537 Y110.799
G1 F1295.3 X118.028 Y110.4 E586.85757
G0 F9000 X115.498 Y106.38
G1 F1295.3 X115.969 Y104.623 E586.97223
G0 F9000 X115.378 Y104.029
G1 F1295.3 X113.633 Y104.496 E587.0861
G0 F9000 X111.92 Y103.773
G0 X111.15 Y103.597
G0 X109.2 Y103.456
G1 F1295.3 X109.601 Y101.961 E587.18367
G0 F9000 X107.426 Y103.94
G1 F1295.3 X106.334 Y102.848 E587.28102
G0 F9000 X104.11 Y107.048
G1 F1295.3 X102.344 Y107.521 E587.39627
G0 F9000 X102.128 Y108.315
G1 F1295.3 X103.414 Y109.602 E587.51096
G0 F9000 X103.647 Y111.449
G0 X103.879 Y112.203
G0 X104.735 Y113.962
G1 F1295.3 X103.252 Y114.359 E587.60773
G0 F9000 X106.039 Y115.255
G1 F1295.3 X105.638 Y116.753 E587.70548
G0 F9000 X105.829 Y116.433
;MESH:NONMESH
G0 F600 X105.829 Y116.433 Z13.44
G0 F9000 X110.059 Y116.573
G0 X110.043 Y116.347
;TIME_ELAPSED:605.224450
;LAYER:47
;note -- min layer time used
;TYPE:WALL-INNER
;MESH:guia_rocker.STL
G1 F1294.7 X109.027 Y116.273 E587.76181
G1 X108.131 Y116.07 E587.81261
G1 X107.266 Y115.73 E587.864
G1 X106.442 Y115.258 E587.91651
G1 X105.677 Y114.654 E587.97041
G1 X105.036 Y113.962 E588.02257
G1 X104.516 Y113.203 E588.07344
G1 X104.083 Y112.322 E588.12772
G1 X103.806 Y111.412 E588.18032
G1 X103.666 Y110.483 E588.23227
G1 X103.664 Y109.554 E588.28364
G1 X103.816 Y108.556 E588.33946
G1 X104.088 Y107.671 E588.39065
G1 X104.494 Y106.83 E588.44229
G1 X105.011 Y106.067 E588.49325
G1 X105.694 Y105.329 E588.54886
G1 X106.423 Y104.748 E588.6004
G1 X107.228 Y104.285 E588.65175
G1 X108.092 Y103.943 E588.70313
G1 X109.07 Y103.716 E588.75865
G1 X110.022 Y103.647 E588.81143
G1 X110.926 Y103.716 E588.86156
G1 X111.825 Y103.919 E588.91252
G1 X112.756 Y104.274 E588.96762
G1 X113.567 Y104.746 E589.0195
G1 X114.319 Y105.342 E589.07256
G1 X114.948 Y106.02 E589.1237
G1 X115.502 Y106.829 E589.17792
G1 X115.908 Y107.67 E589.22956
G1 X116.194 Y108.587 E589.28267
G1 X116.332 Y109.555 E589.33674
G1 X116.331 Y110.483 E589.38805
G1 X116.194 Y111.405 E589.43959
G1 X115.924 Y112.286 E589.49054
G1 X115.481 Y113.203 E589.54686
G1 X114.962 Y113.96 E589.59761
G1 X114.332 Y114.639 E589.64883
G1 X113.602 Y115.224 E589.70055
G1 X112.735 Y115.73 E589.75606
G1 X111.871 Y116.07 E589.8074
G1 X110.969 Y116.273 E589.85853
G1 X110.043 Y116.347 E589.90989
G0 F9000 X110.059 Y116.573
G0 X110 Y118.073
G0 X110 Y118.299
G1 F1294.7 X110.984 Y118.24 E589.9644
G1 X111.939 Y118.066 E590.01808
G1 X112.884 Y117.778 E590.0727
G1 X113.792 Y117.379 E590.12754
G1 X114.628 Y116.886 E590.18121
G1 X115.414 Y116.284 E590.23595
G1 X116.125 Y115.594 E590.29074
G1 X116.741 Y114.831 E590.34496
G1 X117.262 Y114.008 E590.39882
G1 X117.69 Y113.111 E590.45378
G1 X118.003 Y112.19 E590.50757
G1 X118.206 Y111.228 E590.56193
G1 X118.295 Y110.239 E590.61684
G1 X118.266 Y109.26 E590.671
G1 X118.118 Y108.285 E590.72553
G1 X117.859 Y107.334 E590.78003
G1 X117.491 Y106.435 E590.83374
G1 X117.01 Y105.562 E590.88886
G1 X116.447 Y104.773 E590.94245
G1 X115.783 Y104.047 E590.99685
G1 X115.03 Y103.398 E591.05182
G1 X114.219 Y102.853 E591.10585
G1 X113.349 Y102.407 E591.15991
G1 X112.423 Y102.063 E591.21453
G1 X111.464 Y101.831 E591.26909
G1 X110.476 Y101.716 E591.32409
G1 X109.971 Y101.701 E591.35203
G1 X109.52 Y101.715 E591.37698
G1 X108.532 Y101.831 E591.43198
G1 X107.573 Y102.063 E591.48654
G1 X106.647 Y102.407 E591.54116
G1 X105.777 Y102.853 E591.59522
G1 X104.966 Y103.398 E591.64925
G1 X104.214 Y104.047 E591.70418
G1 X103.553 Y104.774 E591.75851
G1 X102.986 Y105.564 E591.81228
G1 X102.505 Y106.435 E591.8673
G1 X102.133 Y107.346 E591.92171
G1 X101.875 Y108.291 E591.97588
G1 X101.735 Y109.258 E592.0299
G1 X101.705 Y110.239 E592.08417
G1 X101.794 Y111.229 E592.13914
G1 X101.993 Y112.191 E592.19346
G1 X102.306 Y113.111 E592.24719
G1 X102.734 Y114.008 E592.30215
G1 X103.254 Y114.831 E592.35598
G1 X103.874 Y115.594 E592.41034
G1 X104.587 Y116.285 E592.46524
G1 X105.369 Y116.887 E592.51981
G1 X106.204 Y117.379 E592.5734
G1 X107.112 Y117.778 E592.62824
G1 X108.057 Y118.066 E592.68287
G1 X109.012 Y118.239 E592.73654
G1 X110 Y118.299 E592.79127
G0 F9000 X110 Y118.774
;TYPE:WALL-OUTER
G1 F1294.7 X111.041 Y118.712 E592.84317
G1 X112.05 Y118.529 E592.8942
G1 X113.049 Y118.224 E592.94618
G1 X114.009 Y117.803 E592.99835
G1 X114.894 Y117.281 E593.04948
G1 X115.724 Y116.645 E593.10152
G1 X116.477 Y115.915 E593.15371
G1 X117.128 Y115.108 E593.20531
G1 X117.678 Y114.238 E593.25653
G1 X118.131 Y113.291 E593.30877
G1 X118.462 Y112.316 E593.36001
G1 X118.677 Y111.298 E593.41179
G1 X118.77 Y110.253 E593.464
G1 X118.739 Y109.217 E593.51558
G1 X118.583 Y108.187 E593.56743
G1 X118.31 Y107.181 E593.6193
G1 X117.92 Y106.23 E593.67045
G1 X117.413 Y105.309 E593.72277
G1 X116.816 Y104.474 E593.77386
G1 X116.114 Y103.706 E593.82564
G1 X115.319 Y103.02 E593.87789
G1 X114.461 Y102.443 E593.92935
G1 X113.541 Y101.971 E593.98081
G1 X112.562 Y101.608 E594.03277
G1 X111.548 Y101.363 E594.08468
G1 X110.511 Y101.241 E594.13665
G1 X110 Y101.226 E594.16209
G1 X109.485 Y101.241 E594.18773
G1 X108.448 Y101.362 E594.23968
G1 X107.434 Y101.608 E594.29161
G1 X106.455 Y101.971 E594.34357
G1 X105.535 Y102.443 E594.39503
G1 X104.677 Y103.02 E594.44649
G1 X103.882 Y103.706 E594.49874
G1 X103.184 Y104.474 E594.55039
G1 X102.583 Y105.309 E594.60159
G1 X102.076 Y106.23 E594.65391
G1 X101.682 Y107.193 E594.70569
G1 X101.409 Y108.194 E594.75732
G1 X101.261 Y109.216 E594.80871
G1 X101.23 Y110.253 E594.86034
G1 X101.323 Y111.299 E594.9126
G1 X101.534 Y112.316 E594.96429
G1 X101.865 Y113.291 E595.01553
G1 X102.318 Y114.238 E595.06778
G1 X102.868 Y115.108 E595.119
G1 X103.523 Y115.915 E595.17072
G1 X104.276 Y116.645 E595.22292
G1 X105.103 Y117.281 E595.27483
G1 X105.987 Y117.803 E595.32592
G1 X106.947 Y118.224 E595.37809
G1 X107.946 Y118.528 E595.43006
G1 X108.955 Y118.712 E595.4811
G1 X110 Y118.774 E595.5332
G0 F9000 X110.199 Y118.763
G1 F1500 E589.5332
G0 F9000 X110.159 Y118.064
G0 X109.931 Y116.571
G0 X109.983 Y115.873
G1 F1500 E595.5332
G1 F1294.7 X109.102 Y115.804 E595.57717
G1 X108.27 Y115.616 E595.61962
G1 X107.457 Y115.295 E595.66312
G1 X106.679 Y114.845 E595.70785
G1 X105.995 Y114.298 E595.75143
G1 X105.405 Y113.662 E595.79461
G1 X104.917 Y112.949 E595.8376
G1 X104.53 Y112.152 E595.8817
G1 X104.269 Y111.294 E595.92633
G1 X104.139 Y110.441 E595.96927
G1 X104.141 Y109.541 E596.01406
G1 X104.274 Y108.68 E596.05741
G1 X104.527 Y107.85 E596.10059
G1 X104.91 Y107.059 E596.14433
G1 X105.397 Y106.344 E596.18738
G1 X106.011 Y105.684 E596.23224
G1 X106.694 Y105.141 E596.27567
G1 X107.445 Y104.707 E596.31883
G1 X108.271 Y104.384 E596.36297
G1 X109.135 Y104.187 E596.40707
G1 X110.007 Y104.122 E596.45059
G1 X110.871 Y104.188 E596.49371
G1 X111.739 Y104.388 E596.53804
G1 X112.555 Y104.707 E596.58164
G1 X113.302 Y105.141 E596.62463
G1 X113.991 Y105.689 E596.66844
G1 X114.587 Y106.329 E596.71196
G1 X115.086 Y107.059 E596.75597
G1 X115.469 Y107.85 E596.79971
G1 X115.731 Y108.706 E596.84426
G1 X115.855 Y109.545 E596.88646
G1 X115.857 Y110.441 E596.93105
G1 X115.724 Y111.327 E596.97564
G1 X115.474 Y112.133 E597.01764
G1 X115.079 Y112.949 E597.06275
G1 X114.592 Y113.662 E597.10572
G1 X113.985 Y114.313 E597.15002
G1 X113.298 Y114.858 E597.19366
G1 X112.543 Y115.295 E597.23707
G1 X111.726 Y115.616 E597.28075
G1 X110.885 Y115.806 E597.32366
G1 X109.983 Y115.873 E597.36867
G0 F9000 X109.784 Y115.858
G0 X109.732 Y116.556
G0 X110.642 Y116.55
;TYPE:FILL
G1 F1294.7 X111.907 Y117.815 E597.48144
G0 F9000 X112.258 Y117.708
G1 F1294.7 X112.714 Y116.006 E597.59252
G0 F9000 X113.671 Y115.385
G0 X114.433 Y114.777
G0 X115.095 Y114.063
G0 X116.151 Y112.385
G1 F1294.7 X117.24 Y113.474 E597.6896
G0 F9000 X116.505 Y111.013
G1 F1294.7 X118.01 Y110.61 E597.78781
G0 F9000 X115.352 Y106.163
G1 F1294.7 X115.81 Y104.45 E597.89958
G0 F9000 X115.56 Y104.185
G1 F1294.7 X113.84 Y104.646 E598.01183
G0 F9000 X112.827 Y104.129
G0 X111.92 Y103.773
G0 X110.97 Y103.556
G0 X108.989 Y103.48
G1 F1294.7 X109.391 Y101.98 E598.10972
G0 F9000 X107.627 Y103.861
G1 F1294.7 X106.519 Y102.753 E598.2085
G0 F9000 X103.997 Y107.283
G1 F1294.7 X102.284 Y107.742 E598.32029
G0 F9000 X102.188 Y108.095
G1 F1294.7 X103.438 Y109.345 E598.43172
G0 F9000 X103.502 Y110.486
G0 X103.647 Y111.449
G0 X103.934 Y112.38
G0 X104.857 Y114.134
G1 F1294.7 X103.363 Y114.534 E598.52921
G0 F9000 X105.87 Y115.121
G1 F1294.7 X105.463 Y116.641 E598.62841
G0 F9000 X105.689 Y116.345
;MESH:NONMESH
G0 F600 X105.689 Y116.345 Z13.72
G0 F9000 X110.059 Y116.573
G0 X110.043 Y116.347
;TIME_ELAPSED:617.383820
;LAYER:48
;note -- min layer time used
;TYPE:WALL-INNER
;MESH:guia_rocker.STL
G1 F1296.2 X109.027 Y116.273 E598.68473
G1 X108.131 Y116.07 E598.73553
G1 X107.266 Y115.73 E598.78693
G1 X106.442 Y115.258 E598.83943
G1 X105.677 Y114.654 E598.89333
G1 X105.036 Y113.962 E598.94549
G1 X104.516 Y113.203 E598.99636
G1 X104.073 Y112.286 E599.05267
G1 X103.806 Y111.413 E599.10315
G1 X103.666 Y110.483 E599.15516
G1 X103.664 Y109.554 E599.20653
G1 X103.816 Y108.556 E599.26235
G1 X104.088 Y107.671 E599.31354
G1 X104.494 Y106.83 E599.36518
G1 X105.011 Y106.067 E599.41614
G1 X105.694 Y105.329 E599.47175
G1 X106.423 Y104.748 E599.52329
G1 X107.228 Y104.285 E599.57464
G1 X108.092 Y103.943 E599.62602
G1 X109.07 Y103.716 E599.68154
G1 X110.022 Y103.647 E599.73432
G1 X110.926 Y103.716 E599.78445
G1 X111.825 Y103.919 E599.83541
G1 X112.756 Y104.274 E599.89051
G1 X113.567 Y104.746 E599.94239
G1 X114.319 Y105.342 E599.99545
G1 X114.948 Y106.02 E600.04659
G1 X115.502 Y106.829 E600.10081
G1 X115.908 Y107.67 E600.15245
G1 X116.194 Y108.587 E600.20556
G1 X116.332 Y109.555 E600.25963
G1 X116.331 Y110.483 E600.31094
G1 X116.194 Y111.405 E600.36248
G1 X115.924 Y112.286 E600.41343
G1 X115.481 Y113.203 E600.46975
G1 X114.962 Y113.96 E600.5205
G1 X114.332 Y114.639 E600.57172
G1 X113.602 Y115.224 E600.62344
G1 X112.735 Y115.73 E600.67895
G1 X111.871 Y116.07 E600.73029
G1 X110.969 Y116.273 E600.78142
G1 X110.043 Y116.347 E600.83278
G0 F9000 X110.059 Y116.573
G0 X110 Y118.073
G0 X110 Y118.299
G1 F1296.2 X110.984 Y118.24 E600.88729
G1 X111.939 Y118.066 E600.94097
G1 X112.884 Y117.778 E600.99559
G1 X113.792 Y117.379 E601.05043
G1 X114.628 Y116.886 E601.1041
G1 X115.414 Y116.284 E601.15884
G1 X116.125 Y115.594 E601.21363
G1 X116.741 Y114.831 E601.26785
G1 X117.262 Y114.008 E601.32171
G1 X117.69 Y113.111 E601.37667
G1 X118.003 Y112.19 E601.43046
G1 X118.206 Y111.228 E601.48482
G1 X118.295 Y110.239 E601.53973
G1 X118.266 Y109.26 E601.59389
G1 X118.118 Y108.285 E601.64842
G1 X117.859 Y107.334 E601.70292
G1 X117.491 Y106.435 E601.75663
G1 X117.01 Y105.562 E601.81175
G1 X116.447 Y104.773 E601.86534
G1 X115.783 Y104.047 E601.91974
G1 X115.03 Y103.398 E601.97471
G1 X114.219 Y102.853 E602.02874
G1 X113.349 Y102.407 E602.0828
G1 X112.423 Y102.063 E602.13742
G1 X111.464 Y101.831 E602.19198
G1 X110.476 Y101.716 E602.24698
G1 X109.971 Y101.701 E602.27492
G1 X109.52 Y101.715 E602.29987
G1 X108.532 Y101.831 E602.35487
G1 X107.573 Y102.063 E602.40943
G1 X106.647 Y102.407 E602.46405
G1 X105.777 Y102.853 E602.51811
G1 X104.966 Y103.398 E602.57214
G1 X104.214 Y104.047 E602.62707
G1 X103.553 Y104.774 E602.6814
G1 X102.986 Y105.564 E602.73517
G1 X102.505 Y106.435 E602.79019
G1 X102.133 Y107.346 E602.8446
G1 X101.875 Y108.291 E602.89877
G1 X101.735 Y109.258 E602.95279
G1 X101.705 Y110.239 E603.00706
G1 X101.794 Y111.229 E603.06203
G1 X101.993 Y112.191 E603.11635
G1 X102.306 Y113.111 E603.17008
G1 X102.734 Y114.008 E603.22504
G1 X103.254 Y114.831 E603.27887
G1 X103.874 Y115.594 E603.33323
G1 X104.587 Y116.285 E603.38813
G1 X105.369 Y116.887 E603.4427
G1 X106.204 Y117.379 E603.49629
G1 X107.112 Y117.778 E603.55113
G1 X108.057 Y118.066 E603.60576
G1 X109.012 Y118.239 E603.65943
G1 X110 Y118.299 E603.71416
G0 F9000 X110 Y118.774
;TYPE:WALL-OUTER
G1 F1296.2 X111.041 Y118.712 E603.76606
G1 X112.05 Y118.529 E603.81709
G1 X113.049 Y118.224 E603.86907
G1 X114.009 Y117.803 E603.92124
G1 X114.894 Y117.281 E603.97237
G1 X115.724 Y116.645 E604.02441
G1 X116.477 Y115.915 E604.0766
G1 X117.128 Y115.108 E604.1282
G1 X117.678 Y114.238 E604.17942
G1 X118.131 Y113.291 E604.23166
G1 X118.462 Y112.316 E604.2829
G1 X118.677 Y111.298 E604.33468
G1 X118.77 Y110.253 E604.38689
G1 X118.739 Y109.217 E604.43847
G1 X118.583 Y108.187 E604.49032
G1 X118.31 Y107.181 E604.54219
G1 X117.92 Y106.23 E604.59334
G1 X117.413 Y105.309 E604.64566
G1 X116.816 Y104.474 E604.69675
G1 X116.114 Y103.706 E604.74853
G1 X115.319 Y103.02 E604.80078
G1 X114.461 Y102.443 E604.85224
G1 X113.541 Y101.971 E604.9037
G1 X112.562 Y101.608 E604.95566
G1 X111.548 Y101.363 E605.00757
G1 X110.511 Y101.241 E605.05954
G1 X110 Y101.226 E605.08498
G1 X109.485 Y101.241 E605.11062
G1 X108.448 Y101.362 E605.16257
G1 X107.434 Y101.608 E605.2145
G1 X106.455 Y101.971 E605.26646
G1 X105.535 Y102.443 E605.31792
G1 X104.677 Y103.02 E605.36938
G1 X103.882 Y103.706 E605.42163
G1 X103.184 Y104.474 E605.47328
G1 X102.583 Y105.309 E605.52448
G1 X102.076 Y106.23 E605.5768
G1 X101.682 Y107.193 E605.62858
G1 X101.409 Y108.194 E605.68021
G1 X101.261 Y109.216 E605.7316
G1 X101.23 Y110.253 E605.78323
G1 X101.323 Y111.299 E605.83549
G1 X101.534 Y112.316 E605.88718
G1 X101.865 Y113.291 E605.93842
G1 X102.318 Y114.238 E605.99067
G1 X102.868 Y115.108 E606.04189
G1 X103.523 Y115.915 E606.09361
G1 X104.276 Y116.645 E606.14581
G1 X105.103 Y117.281 E606.19772
G1 X105.987 Y117.803 E606.24881
G1 X106.947 Y118.224 E606.30098
G1 X107.946 Y118.528 E606.35295
G1 X108.955 Y118.712 E606.40399
G1 X110 Y118.774 E606.45609
G0 F9000 X110.199 Y118.763
G1 F1500 E600.45609
G0 F9000 X110.159 Y118.064
G0 X109.931 Y116.571
G0 X109.983 Y115.873
G1 F1500 E606.45609
G1 F1296.2 X109.102 Y115.804 E606.50006
G1 X108.27 Y115.616 E606.54251
G1 X107.457 Y115.295 E606.58601
G1 X106.679 Y114.845 E606.63074
G1 X105.995 Y114.298 E606.67432
G1 X105.405 Y113.662 E606.7175
G1 X104.917 Y112.949 E606.76049
G1 X104.53 Y112.152 E606.80459
G1 X104.269 Y111.294 E606.84922
G1 X104.139 Y110.441 E606.89216
G1 X104.141 Y109.541 E606.93695
G1 X104.274 Y108.68 E606.9803
G1 X104.527 Y107.85 E607.02348
G1 X104.91 Y107.059 E607.06722
G1 X105.397 Y106.344 E607.11027
G1 X106.011 Y105.684 E607.15513
G1 X106.694 Y105.141 E607.19856
G1 X107.445 Y104.707 E607.24172
G1 X108.271 Y104.384 E607.28586
G1 X109.135 Y104.187 E607.32996
G1 X110.007 Y104.122 E607.37348
G1 X110.871 Y104.188 E607.4166
G1 X111.739 Y104.388 E607.46093
G1 X112.555 Y104.707 E607.50453
G1 X113.302 Y105.141 E607.54752
G1 X113.991 Y105.689 E607.59133
G1 X114.587 Y106.329 E607.63485
G1 X115.086 Y107.059 E607.67886
G1 X115.469 Y107.85 E607.7226
G1 X115.731 Y108.706 E607.76715
G1 X115.855 Y109.545 E607.80935
G1 X115.857 Y110.441 E607.85394
G1 X115.724 Y111.327 E607.89853
G1 X115.474 Y112.133 E607.94053
G1 X115.079 Y112.949 E607.98564
G1 X114.592 Y113.662 E608.02861
G1 X113.985 Y114.313 E608.07291
G1 X113.298 Y114.858 E608.11655
G1 X112.543 Y115.295 E608.15996
G1 X111.726 Y115.616 E608.20364
G1 X110.885 Y115.806 E608.24655
G1 X109.983 Y115.873 E608.29156
G0 F9000 X109.784 Y115.858
G0 X109.732 Y116.556
G0 X110.901 Y116.528
;TYPE:FILL
G1 F1296.2 X112.122 Y117.749 E608.40041
G1 X112.035 Y117.776
G1 X112.485 Y116.097 E608.50999
G0 F9000 X113.671 Y115.385
G0 X114.433 Y114.777
G0 X115.095 Y114.063
G0 X115.407 Y113.607
G0 X116.219 Y112.173
G1 F1296.2 X117.33 Y113.284 E608.60903
G0 F9000 X116.473 Y111.226
G1 F1296.2 X117.991 Y110.82 E608.70808
G0 F9000 X115.205 Y105.945
G1 F1296.2 X115.652 Y104.277 E608.81693
G1 X115.718 Y104.348
G1 X114.034 Y104.799 E608.92683
G0 F9000 X112.827 Y104.129
G0 X111.92 Y103.773
G0 X110.97 Y103.556
G0 X110.42 Y103.515
G0 X108.771 Y103.53
G1 F1296.2 X109.179 Y102.005 E609.02634
G0 F9000 X107.828 Y103.782
G1 F1296.2 X106.705 Y102.658 E609.1265
G0 F9000 X103.883 Y107.519
G1 F1296.2 X102.224 Y107.963 E609.23475
G1 X102.248 Y107.875
G1 X103.474 Y109.102 E609.34409
G0 F9000 X103.502 Y110.486
G0 X103.647 Y111.449
G0 X103.934 Y112.38
G0 X104.173 Y112.878
G0 X105.01 Y114.298
G1 F1296.2 X103.478 Y114.709 E609.44408
G0 F9000 X105.701 Y114.986
G1 F1296.2 X105.293 Y116.511 E609.54359
G0 F9000 X105.52 Y116.216
;MESH:NONMESH
G0 F600 X105.52 Y116.216 Z14
G0 F9000 X110.059 Y116.573
G0 X110.043 Y116.347
;TIME_ELAPSED:629.460875
;LAYER:49
;note -- min layer time used
;TYPE:WALL-INNER
;MESH:guia_rocker.STL
G1 F1296.8 X109.027 Y116.273 E609.59992
G1 X108.131 Y116.07 E609.65072
G1 X107.266 Y115.73 E609.70211
G1 X106.442 Y115.258 E609.75462
G1 X105.677 Y114.654 E609.80852
G1 X105.036 Y113.962 E609.86067
G1 X104.516 Y113.203 E609.91155
G1 X104.073 Y112.286 E609.96786
G1 X103.806 Y111.413 E610.01834
G1 X103.666 Y110.483 E610.07034
G1 X103.664 Y109.554 E610.12171
G1 X103.816 Y108.556 E610.17753
G1 X104.088 Y107.671 E610.22873
G1 X104.494 Y106.83 E610.28037
G1 X105.011 Y106.067 E610.33133
G1 X105.694 Y105.329 E610.38693
G1 X106.423 Y104.748 E610.43848
G1 X107.228 Y104.285 E610.48983
G1 X108.092 Y103.943 E610.54121
G1 X109.07 Y103.716 E610.59673
G1 X110.022 Y103.647 E610.6495
G1 X110.926 Y103.716 E610.69964
G1 X111.825 Y103.919 E610.7506
G1 X112.756 Y104.274 E610.80569
G1 X113.567 Y104.746 E610.85758
G1 X114.319 Y105.342 E610.91064
G1 X114.948 Y106.02 E610.96178
G1 X115.502 Y106.829 E611.01599
G1 X115.908 Y107.67 E611.06763
G1 X116.194 Y108.587 E611.12075
G1 X116.332 Y109.555 E611.17481
G1 X116.331 Y110.483 E611.22613
G1 X116.194 Y111.405 E611.27767
G1 X115.924 Y112.286 E611.32862
G1 X115.481 Y113.203 E611.38493
G1 X114.962 Y113.96 E611.43568
G1 X114.332 Y114.639 E611.4869
G1 X113.602 Y115.224 E611.53863
G1 X112.735 Y115.73 E611.59414
G1 X111.871 Y116.07 E611.64548
G1 X110.969 Y116.273 E611.6966
G1 X110.043 Y116.347 E611.74797
G0 F9000 X110.059 Y116.573
G0 X110 Y118.073
G0 X110 Y118.299
G1 F1296.8 X110.984 Y118.24 E611.80247
G1 X111.939 Y118.066 E611.85615
G1 X112.884 Y117.778 E611.91078
G1 X113.792 Y117.379 E611.96562
G1 X114.628 Y116.886 E612.01928
G1 X115.414 Y116.284 E612.07403
G1 X116.125 Y115.594 E612.12881
G1 X116.741 Y114.831 E612.18304
G1 X117.262 Y114.008 E612.2369
G1 X117.69 Y113.111 E612.29185
G1 X118.003 Y112.19 E612.34564
G1 X118.206 Y111.228 E612.40001
G1 X118.295 Y110.239 E612.45491
G1 X118.266 Y109.26 E612.50907
G1 X118.118 Y108.285 E612.5636
G1 X117.859 Y107.334 E612.6181
G1 X117.491 Y106.435 E612.67182
G1 X117.01 Y105.562 E612.72693
G1 X116.447 Y104.773 E612.78053
G1 X115.783 Y104.047 E612.83493
G1 X115.03 Y103.398 E612.8899
G1 X114.219 Y102.853 E612.94393
G1 X113.349 Y102.407 E612.99799
G1 X112.423 Y102.063 E613.05261
G1 X111.464 Y101.831 E613.10717
G1 X110.476 Y101.716 E613.16217
G1 X109.971 Y101.701 E613.1901
G1 X109.52 Y101.715 E613.21505
G1 X108.532 Y101.831 E613.27006
G1 X107.573 Y102.063 E613.32462
G1 X106.647 Y102.407 E613.37924
G1 X105.777 Y102.853 E613.4333
G1 X104.966 Y103.398 E613.48733
G1 X104.214 Y104.047 E613.54225
G1 X103.553 Y104.774 E613.59659
G1 X102.986 Y105.564 E613.65035
G1 X102.505 Y106.435 E613.70537
G1 X102.133 Y107.346 E613.75978
G1 X101.875 Y108.291 E613.81395
G1 X101.735 Y109.258 E613.86798
G1 X101.705 Y110.239 E613.92225
G1 X101.794 Y111.229 E613.97721
G1 X101.993 Y112.191 E614.03153
G1 X102.306 Y113.111 E614.08527
G1 X102.734 Y114.008 E614.14022
G1 X103.254 Y114.831 E614.19405
G1 X103.874 Y115.594 E614.24842
G1 X104.587 Y116.285 E614.30332
G1 X105.369 Y116.887 E614.35789
G1 X106.204 Y117.379 E614.41148
G1 X107.112 Y117.778 E614.46632
G1 X108.057 Y118.066 E614.52095
G1 X109.012 Y118.239 E614.57461
G1 X110 Y118.299 E614.62934
G0 F9000 X110 Y118.774
;TYPE:WALL-OUTER
G1 F1296.8 X111.041 Y118.712 E614.68124
G1 X112.05 Y118.529 E614.73227
G1 X113.049 Y118.224 E614.78425
G1 X114.009 Y117.803 E614.83642
G1 X114.894 Y117.281 E614.88755
G1 X115.724 Y116.645 E614.93959
G1 X116.477 Y115.915 E614.99178
G1 X117.128 Y115.108 E615.04338
G1 X117.678 Y114.238 E615.09461
G1 X118.131 Y113.291 E615.14685
G1 X118.462 Y112.316 E615.19809
G1 X118.677 Y111.298 E615.24987
G1 X118.77 Y110.253 E615.30208
G1 X118.739 Y109.217 E615.35366
G1 X118.583 Y108.187 E615.4055
G1 X118.31 Y107.181 E615.45738
G1 X117.92 Y106.23 E615.50853
G1 X117.413 Y105.309 E615.56085
G1 X116.816 Y104.474 E615.61193
G1 X116.114 Y103.706 E615.66371
G1 X115.319 Y103.02 E615.71597
G1 X114.461 Y102.443 E615.76742
G1 X113.541 Y101.971 E615.81888
G1 X112.562 Y101.608 E615.87084
G1 X111.548 Y101.363 E615.92276
G1 X110.511 Y101.241 E615.97472
G1 X110 Y101.226 E616.00016
G1 X109.485 Y101.241 E616.0258
G1 X108.448 Y101.362 E616.07776
G1 X107.434 Y101.608 E616.12969
G1 X106.455 Y101.971 E616.18165
G1 X105.535 Y102.443 E616.23311
G1 X104.677 Y103.02 E616.28456
G1 X103.882 Y103.706 E616.33682
G1 X103.184 Y104.474 E616.38846
G1 X102.583 Y105.309 E616.43966
G1 X102.076 Y106.23 E616.49198
G1 X101.682 Y107.193 E616.54376
G1 X101.409 Y108.194 E616.5954
G1 X101.261 Y109.216 E616.64679
G1 X101.23 Y110.253 E616.69842
G1 X101.323 Y111.299 E616.75068
G1 X101.534 Y112.316 E616.80237
G1 X101.865 Y113.291 E616.85361
G1 X102.318 Y114.238 E616.90585
G1 X102.868 Y115.108 E616.95707
G1 X103.523 Y115.915 E617.0088
G1 X104.276 Y116.645 E617.06099
G1 X105.103 Y117.281 E617.11291
G1 X105.987 Y117.803 E617.164
G1 X106.947 Y118.224 E617.21617
G1 X107.946 Y118.528 E617.26813
G1 X108.955 Y118.712 E617.31917
G1 X110 Y118.774 E617.37127
G0 F9000 X110.199 Y118.763
G1 F1500 E611.37127
G0 F9000 X110.159 Y118.064
G0 X109.931 Y116.571
G0 X109.983 Y115.873
G1 F1500 E617.37127
G1 F1296.8 X109.102 Y115.804 E617.41525
G1 X108.27 Y115.616 E617.4577
G1 X107.457 Y115.295 E617.5012
G1 X106.679 Y114.845 E617.54592
G1 X105.995 Y114.298 E617.58951
G1 X105.405 Y113.662 E617.63268
G1 X104.917 Y112.949 E617.67568
G1 X104.522 Y112.133 E617.7208
G1 X104.269 Y111.294 E617.76441
G1 X104.139 Y110.441 E617.80735
G1 X104.141 Y109.541 E617.85214
G1 X104.274 Y108.68 E617.89549
G1 X104.527 Y107.85 E617.93867
G1 X104.91 Y107.059 E617.98241
G1 X105.397 Y106.344 E618.02546
G1 X106.011 Y105.684 E618.07032
G1 X106.694 Y105.141 E618.11374
G1 X107.445 Y104.707 E618.15691
G1 X108.271 Y104.384 E618.20105
G1 X109.135 Y104.187 E618.24515
G1 X110.007 Y104.122 E618.28866
G1 X110.871 Y104.188 E618.33179
G1 X111.739 Y104.388 E618.37612
G1 X112.555 Y104.707 E618.41972
G1 X113.302 Y105.141 E618.46271
G1 X113.991 Y105.689 E618.50652
G1 X114.587 Y106.329 E618.55004
G1 X115.086 Y107.059 E618.59405
G1 X115.469 Y107.85 E618.63779
G1 X115.731 Y108.706 E618.68234
G1 X115.855 Y109.545 E618.72454
G1 X115.857 Y110.441 E618.76913
G1 X115.724 Y111.327 E618.81372
G1 X115.474 Y112.133 E618.85571
G1 X115.079 Y112.949 E618.90083
G1 X114.592 Y113.662 E618.9438
G1 X113.985 Y114.313 E618.9881
G1 X113.298 Y114.858 E619.03174
G1 X112.543 Y115.295 E619.07515
G1 X111.726 Y115.616 E619.11883
G1 X110.885 Y115.806 E619.16174
G1 X109.983 Y115.873 E619.20675
G0 F9000 X109.784 Y115.858
G0 X109.732 Y116.556
G0 X111.143 Y116.49
;TYPE:FILL
G1 F1296.8 X112.337 Y117.684 E619.31319
G0 F9000 X111.814 Y117.835
G1 F1296.8 X112.256 Y116.187 E619.42075
G0 F9000 X113.671 Y115.385
G0 X114.433 Y114.777
G0 X115.095 Y114.063
G0 X115.54 Y113.411
G0 X116.284 Y111.958
G1 F1296.8 X117.421 Y113.095 E619.52211
G0 F9000 X116.44 Y111.44
G1 F1296.8 X117.971 Y111.03 E619.62202
G0 F9000 X116.651 Y108.599
G0 X115.049 Y105.763
G1 F1296.8 X115.488 Y104.124 E619.72898
G0 F9000 X115.869 Y104.512
G1 F1296.8 X114.227 Y104.952 E619.83613
G0 F9000 X112.827 Y104.129
G0 X111.92 Y103.773
G0 X110.97 Y103.556
G0 X110.184 Y103.497
G0 X108.552 Y103.58
G1 F1296.8 X108.968 Y102.03 E619.9373
G0 F9000 X108.029 Y103.703
G1 F1296.8 X106.905 Y102.579 E620.0375
G0 F9000 X105.459 Y104.939
G0 X103.803 Y107.745
G1 F1296.8 X102.164 Y108.184 E620.14446
G0 F9000 X102.308 Y107.655
G1 F1296.8 X103.512 Y108.859 E620.25179
G0 F9000 X103.502 Y110.486
G0 X103.647 Y111.449
G0 X103.934 Y112.38
G0 X104.276 Y113.091
G0 X105.161 Y114.462
G1 F1296.8 X103.614 Y114.877 E620.35276
G0 F9000 X105.532 Y114.852
G1 F1296.8 X105.123 Y116.379 E620.4524
G0 F9000 X105.349 Y116.085
;MESH:NONMESH
G0 F600 X105.349 Y116.085 Z14.28
G0 F9000 X110.059 Y116.573
G0 X110.043 Y116.347
;TIME_ELAPSED:641.682551
;LAYER:50
;note -- min layer time used
;TYPE:WALL-INNER
;MESH:guia_rocker.STL
G1 F1299.5 X109.027 Y116.273 E620.50873
G1 X108.131 Y116.07 E620.55953
G1 X107.266 Y115.73 E620.61093
G1 X106.442 Y115.258 E620.66343
G1 X105.677 Y114.654 E620.71733
G1 X105.036 Y113.962 E620.76949
G1 X104.516 Y113.203 E620.82036
G1 X104.073 Y112.286 E620.87667
G1 X103.806 Y111.413 E620.92715
G1 X103.666 Y110.483 E620.97916
G1 X103.664 Y109.554 E621.03053
G1 X103.816 Y108.556 E621.08635
G1 X104.088 Y107.671 E621.13754
G1 X104.494 Y106.83 E621.18918
G1 X105.011 Y106.067 E621.24014
G1 X105.694 Y105.329 E621.29575
G1 X106.423 Y104.748 E621.34729
G1 X107.228 Y104.285 E621.39864
G1 X108.092 Y103.943 E621.45002
G1 X109.07 Y103.716 E621.50554
G1 X110.022 Y103.647 E621.55832
G1 X110.926 Y103.716 E621.60845
G1 X111.825 Y103.919 E621.65941
G1 X112.756 Y104.274 E621.71451
G1 X113.567 Y104.746 E621.76639
G1 X114.319 Y105.342 E621.81945
G1 X114.948 Y106.02 E621.87059
G1 X115.502 Y106.829 E621.92481
G1 X115.908 Y107.67 E621.97645
G1 X116.194 Y108.587 E622.02956
G1 X116.332 Y109.555 E622.08363
G1 X116.331 Y110.483 E622.13494
G1 X116.194 Y111.405 E622.18648
G1 X115.924 Y112.286 E622.23743
G1 X115.481 Y113.203 E622.29375
G1 X114.962 Y113.96 E622.3445
G1 X114.332 Y114.639 E622.39571
G1 X113.602 Y115.224 E622.44744
G1 X112.735 Y115.73 E622.50295
G1 X111.871 Y116.07 E622.55429
G1 X110.969 Y116.273 E622.60541
G1 X110.043 Y116.347 E622.65678
G0 F9000 X110.059 Y116.573
G0 X110 Y118.073
G0 X110 Y118.299
G1 F1299.5 X110.984 Y118.24 E622.71129
G1 X111.939 Y118.066 E622.76496
G1 X112.884 Y117.778 E622.81959
G1 X113.792 Y117.379 E622.87443
G1 X114.628 Y116.886 E622.9281
G1 X115.414 Y116.284 E622.98284
G1 X116.125 Y115.594 E623.03763
G1 X116.741 Y114.831 E623.09185
G1 X117.262 Y114.008 E623.14571
G1 X117.69 Y113.111 E623.20067
G1 X118.003 Y112.19 E623.25446
G1 X118.206 Y111.228 E623.30882
G1 X118.295 Y110.239 E623.36373
G1 X118.266 Y109.26 E623.41789
G1 X118.118 Y108.285 E623.47242
G1 X117.859 Y107.334 E623.52692
G1 X117.491 Y106.435 E623.58063
G1 X117.01 Y105.562 E623.63575
G1 X116.447 Y104.773 E623.68934
G1 X115.783 Y104.047 E623.74374
G1 X115.03 Y103.398 E623.79871
G1 X114.219 Y102.853 E623.85274
G1 X113.349 Y102.407 E623.9068
G1 X112.423 Y102.063 E623.96142
G1 X111.464 Y101.831 E624.01598
G1 X110.476 Y101.716 E624.07098
G1 X109.971 Y101.701 E624.09892
G1 X109.52 Y101.715 E624.12387
G1 X108.532 Y101.831 E624.17887
G1 X107.573 Y102.063 E624.23343
G1 X106.647 Y102.407 E624.28805
G1 X105.777 Y102.853 E624.34211
G1 X104.966 Y103.398 E624.39614
G1 X104.214 Y104.047 E624.45107
G1 X103.553 Y104.774 E624.5054
G1 X102.986 Y105.564 E624.55917
G1 X102.505 Y106.435 E624.61419
G1 X102.133 Y107.346 E624.6686
G1 X101.875 Y108.291 E624.72276
G1 X101.735 Y109.258 E624.77679
G1 X101.705 Y110.239 E624.83106
G1 X101.794 Y111.229 E624.88603
G1 X101.993 Y112.191 E624.94035
G1 X102.306 Y113.111 E624.99408
G1 X102.734 Y114.008 E625.04904
G1 X103.254 Y114.831 E625.10287
G1 X103.874 Y115.594 E625.15723
G1 X104.587 Y116.285 E625.21213
G1 X105.369 Y116.887 E625.2667
G1 X106.204 Y117.379 E625.32029
G1 X107.112 Y117.778 E625.37513
G1 X108.057 Y118.066 E625.42976
G1 X109.012 Y118.239 E625.48343
G1 X110 Y118.299 E625.53816
G0 F9000 X110 Y118.774
;TYPE:WALL-OUTER
G1 F1299.5 X111.041 Y118.712 E625.59006
G1 X112.05 Y118.529 E625.64109
G1 X113.049 Y118.224 E625.69307
G1 X114.009 Y117.803 E625.74524
G1 X114.894 Y117.281 E625.79637
G1 X115.724 Y116.645 E625.84841
G1 X116.477 Y115.915 E625.9006
G1 X117.128 Y115.108 E625.9522
G1 X117.678 Y114.238 E626.00342
G1 X118.131 Y113.291 E626.05566
G1 X118.462 Y112.316 E626.1069
G1 X118.677 Y111.298 E626.15868
G1 X118.77 Y110.253 E626.21089
G1 X118.739 Y109.217 E626.26247
G1 X118.583 Y108.187 E626.31432
G1 X118.31 Y107.181 E626.36619
G1 X117.92 Y106.23 E626.41734
G1 X117.413 Y105.309 E626.46966
G1 X116.816 Y104.474 E626.52075
G1 X116.114 Y103.706 E626.57253
G1 X115.319 Y103.02 E626.62478
G1 X114.461 Y102.443 E626.67624
G1 X113.541 Y101.971 E626.7277
G1 X112.562 Y101.608 E626.77966
G1 X111.548 Y101.363 E626.83157
G1 X110.511 Y101.241 E626.88354
G1 X110 Y101.226 E626.90898
G1 X109.485 Y101.241 E626.93462
G1 X108.448 Y101.362 E626.98657
G1 X107.434 Y101.608 E627.0385
G1 X106.455 Y101.971 E627.09046
G1 X105.535 Y102.443 E627.14192
G1 X104.677 Y103.02 E627.19338
G1 X103.882 Y103.706 E627.24563
G1 X103.184 Y104.474 E627.29728
G1 X102.583 Y105.309 E627.34848
G1 X102.076 Y106.23 E627.4008
G1 X101.682 Y107.193 E627.45258
G1 X101.409 Y108.194 E627.50421
G1 X101.261 Y109.216 E627.5556
G1 X101.23 Y110.253 E627.60723
G1 X101.323 Y111.299 E627.65949
G1 X101.534 Y112.316 E627.71118
G1 X101.865 Y113.291 E627.76242
G1 X102.318 Y114.238 E627.81467
G1 X102.868 Y115.108 E627.86589
G1 X103.523 Y115.915 E627.91761
G1 X104.276 Y116.645 E627.9698
G1 X105.103 Y117.281 E628.02172
G1 X105.987 Y117.803 E628.07281
G1 X106.947 Y118.224 E628.12498
G1 X107.946 Y118.528 E628.17695
G1 X108.955 Y118.712 E628.22799
G1 X110 Y118.774 E628.28009
G0 F9000 X110.199 Y118.763
G1 F1500 E622.28009
G0 F9000 X110.159 Y118.064
G0 X109.931 Y116.571
G0 X109.983 Y115.873
G1 F1500 E628.28009
G1 F1299.5 X109.102 Y115.804 E628.32406
G1 X108.27 Y115.616 E628.36651
G1 X107.457 Y115.295 E628.41001
G1 X106.679 Y114.845 E628.45474
G1 X105.995 Y114.298 E628.49832
G1 X105.405 Y113.662 E628.5415
G1 X104.917 Y112.949 E628.58449
G1 X104.53 Y112.152 E628.62859
G1 X104.269 Y111.294 E628.67322
G1 X104.139 Y110.441 E628.71616
G1 X104.141 Y109.541 E628.76095
G1 X104.274 Y108.68 E628.8043
G1 X104.527 Y107.85 E628.84748
G1 X104.91 Y107.059 E628.89122
G1 X105.397 Y106.344 E628.93427
G1 X106.011 Y105.684 E628.97913
G1 X106.694 Y105.141 E629.02256
G1 X107.445 Y104.707 E629.06572
G1 X108.271 Y104.384 E629.10986
G1 X109.135 Y104.187 E629.15396
G1 X110.007 Y104.122 E629.19748
G1 X110.871 Y104.188 E629.2406
G1 X111.739 Y104.388 E629.28493
G1 X112.555 Y104.707 E629.32853
G1 X113.302 Y105.141 E629.37152
G1 X113.991 Y105.689 E629.41533
G1 X114.587 Y106.329 E629.45885
G1 X115.086 Y107.059 E629.50286
G1 X115.469 Y107.85 E629.5466
G1 X115.731 Y108.706 E629.59115
G1 X115.855 Y109.545 E629.63335
G1 X115.857 Y110.441 E629.67794
G1 X115.724 Y111.327 E629.72253
G1 X115.474 Y112.133 E629.76452
G1 X115.079 Y112.949 E629.80964
G1 X114.592 Y113.662 E629.85261
G1 X113.985 Y114.313 E629.89691
G1 X113.298 Y114.858 E629.94055
G1 X112.543 Y115.295 E629.98396
G1 X111.726 Y115.616 E630.02764
G1 X110.885 Y115.806 E630.07055
G1 X109.983 Y115.873 E630.11556
G0 F9000 X109.784 Y115.858
G0 X109.732 Y116.556
G0 X111.372 Y116.439
;TYPE:FILL
G1 F1299.5 X112.551 Y117.618 E630.22067
G0 F9000 X111.599 Y117.874
G1 F1299.5 X112.026 Y116.278 E630.32481
G0 F9000 X113.671 Y115.385
G0 X114.433 Y114.777
G0 X115.095 Y114.063
G0 X115.54 Y113.411
G0 X116.35 Y111.744
G1 F1299.5 X117.5 Y112.894 E630.42733
G0 F9000 X116.376 Y111.663
G1 F1299.5 X117.946 Y111.242 E630.52979
G0 F9000 X115.644 Y106.742
G0 X114.889 Y105.593
G1 F1299.5 X115.321 Y103.98 E630.63505
G0 F9000 X116.02 Y104.677
G1 F1299.5 X114.42 Y105.105 E630.73946
G0 F9000 X112.827 Y104.129
G0 X111.92 Y103.773
G0 X110.97 Y103.556
G0 X110.184 Y103.497
G0 X108.334 Y103.629
G1 F1299.5 X108.756 Y102.056 E630.84212
G0 F9000 X108.252 Y103.646
G1 F1299.5 X107.109 Y102.503 E630.94402
G0 F9000 X104.356 Y106.742
G0 X103.735 Y107.968
G1 F1299.5 X102.112 Y108.403 E631.04993
G0 F9000 X102.367 Y107.434
G1 F1299.5 X103.549 Y108.617 E631.15535
G0 F9000 X103.502 Y110.486
G0 X103.647 Y111.449
G0 X103.934 Y112.38
G0 X104.276 Y113.091
G0 X105.314 Y114.627
G1 F1299.5 X103.75 Y115.046 E631.25742
G0 F9000 X105.37 Y114.69
G1 F1299.5 X104.953 Y116.249 E631.35914
G0 F9000 X105.178 Y115.955
;MESH:NONMESH
G0 F600 X105.178 Y115.955 Z14.56
G0 F9000 X110.059 Y116.573
G0 X110.043 Y116.347
;TIME_ELAPSED:653.967903
;LAYER:51
;note -- min layer time used
;TYPE:WALL-INNER
;MESH:guia_rocker.STL
G1 F1300.4 X109.027 Y116.273 E631.41547
G1 X108.131 Y116.07 E631.46627
G1 X107.266 Y115.73 E631.51767
G1 X106.442 Y115.258 E631.57017
G1 X105.677 Y114.654 E631.62407
G1 X105.036 Y113.962 E631.67623
G1 X104.516 Y113.203 E631.7271
G1 X104.073 Y112.286 E631.78341
G1 X103.806 Y111.413 E631.83389
G1 X103.666 Y110.483 E631.8859
G1 X103.664 Y109.554 E631.93727
G1 X103.816 Y108.556 E631.99309
G1 X104.088 Y107.671 E632.04428
G1 X104.494 Y106.83 E632.09592
G1 X105.011 Y106.067 E632.14688
G1 X105.694 Y105.329 E632.20249
G1 X106.423 Y104.748 E632.25403
G1 X107.228 Y104.285 E632.30538
G1 X108.092 Y103.943 E632.35676
G1 X109.07 Y103.716 E632.41228
G1 X110.022 Y103.647 E632.46506
G1 X110.926 Y103.716 E632.51519
G1 X111.825 Y103.919 E632.56615
G1 X112.756 Y104.274 E632.62125
G1 X113.567 Y104.746 E632.67313
G1 X114.319 Y105.342 E632.72619
G1 X114.948 Y106.02 E632.77733
G1 X115.502 Y106.829 E632.83155
G1 X115.908 Y107.67 E632.88319
G1 X116.194 Y108.587 E632.9363
G1 X116.332 Y109.555 E632.99037
G1 X116.331 Y110.483 E633.04168
G1 X116.194 Y111.405 E633.09322
G1 X115.924 Y112.286 E633.14417
G1 X115.481 Y113.203 E633.20049
G1 X114.962 Y113.96 E633.25124
G1 X114.332 Y114.639 E633.30245
G1 X113.602 Y115.224 E633.35418
G1 X112.735 Y115.73 E633.40969
G1 X111.871 Y116.07 E633.46103
G1 X110.969 Y116.273 E633.51215
G1 X110.043 Y116.347 E633.56352
G0 F9000 X110.059 Y116.573
G0 X110 Y118.073
G0 X110 Y118.299
G1 F1300.4 X110.984 Y118.24 E633.61803
G1 X111.939 Y118.066 E633.67171
G1 X112.884 Y117.778 E633.72633
G1 X113.792 Y117.379 E633.78117
G1 X114.628 Y116.886 E633.83484
G1 X115.414 Y116.284 E633.88958
G1 X116.125 Y115.594 E633.94437
G1 X116.741 Y114.831 E633.99859
G1 X117.262 Y114.008 E634.05245
G1 X117.69 Y113.111 E634.10741
G1 X118.003 Y112.19 E634.1612
G1 X118.206 Y111.228 E634.21556
G1 X118.295 Y110.239 E634.27047
G1 X118.266 Y109.26 E634.32463
G1 X118.118 Y108.285 E634.37916
G1 X117.859 Y107.334 E634.43366
G1 X117.491 Y106.435 E634.48737
G1 X117.01 Y105.562 E634.54249
G1 X116.447 Y104.773 E634.59608
G1 X115.783 Y104.047 E634.65048
G1 X115.03 Y103.398 E634.70545
G1 X114.219 Y102.853 E634.75948
G1 X113.349 Y102.407 E634.81354
G1 X112.423 Y102.063 E634.86816
G1 X111.464 Y101.831 E634.92272
G1 X110.476 Y101.716 E634.97772
G1 X109.971 Y101.701 E635.00566
G1 X109.52 Y101.715 E635.03061
G1 X108.532 Y101.831 E635.08561
G1 X107.573 Y102.063 E635.14017
G1 X106.647 Y102.407 E635.19479
G1 X105.777 Y102.853 E635.24885
G1 X104.966 Y103.398 E635.30288
G1 X104.214 Y104.047 E635.35781
G1 X103.553 Y104.774 E635.41214
G1 X102.986 Y105.564 E635.46591
G1 X102.505 Y106.435 E635.52093
G1 X102.133 Y107.346 E635.57534
G1 X101.875 Y108.291 E635.62951
G1 X101.735 Y109.258 E635.68353
G1 X101.705 Y110.239 E635.7378
G1 X101.794 Y111.229 E635.79277
G1 X101.993 Y112.191 E635.84709
G1 X102.306 Y113.111 E635.90082
G1 X102.734 Y114.008 E635.95578
G1 X103.254 Y114.831 E636.00961
G1 X103.874 Y115.594 E636.06397
G1 X104.587 Y116.285 E636.11887
G1 X105.369 Y116.887 E636.17344
G1 X106.204 Y117.379 E636.22703
G1 X107.112 Y117.778 E636.28187
G1 X108.057 Y118.066 E636.3365
G1 X109.012 Y118.239 E636.39017
G1 X110 Y118.299 E636.4449
G0 F9000 X110 Y118.774
;TYPE:WALL-OUTER
G1 F1300.4 X111.041 Y118.712 E636.4968
G1 X112.05 Y118.529 E636.54783
G1 X113.049 Y118.224 E636.59981
G1 X114.009 Y117.803 E636.65198
G1 X114.894 Y117.281 E636.70311
G1 X115.724 Y116.645 E636.75515
G1 X116.477 Y115.915 E636.80734
G1 X117.128 Y115.108 E636.85894
G1 X117.678 Y114.238 E636.91016
G1 X118.131 Y113.291 E636.9624
G1 X118.462 Y112.316 E637.01364
G1 X118.677 Y111.298 E637.06542
G1 X118.77 Y110.253 E637.11763
G1 X118.739 Y109.217 E637.16921
G1 X118.583 Y108.187 E637.22106
G1 X118.31 Y107.181 E637.27293
G1 X117.92 Y106.23 E637.32408
G1 X117.413 Y105.309 E637.3764
G1 X116.816 Y104.474 E637.42749
G1 X116.114 Y103.706 E637.47927
G1 X115.319 Y103.02 E637.53152
G1 X114.461 Y102.443 E637.58298
G1 X113.541 Y101.971 E637.63444
G1 X112.562 Y101.608 E637.6864
G1 X111.548 Y101.363 E637.73831
G1 X110.511 Y101.241 E637.79028
G1 X110 Y101.226 E637.81572
G1 X109.485 Y101.241 E637.84136
G1 X108.448 Y101.362 E637.89331
G1 X107.434 Y101.608 E637.94524
G1 X106.455 Y101.971 E637.9972
G1 X105.535 Y102.443 E638.04866
G1 X104.677 Y103.02 E638.10012
G1 X103.882 Y103.706 E638.15237
G1 X103.184 Y104.474 E638.20402
G1 X102.583 Y105.309 E638.25522
G1 X102.076 Y106.23 E638.30754
G1 X101.682 Y107.193 E638.35932
G1 X101.409 Y108.194 E638.41095
G1 X101.261 Y109.216 E638.46234
G1 X101.23 Y110.253 E638.51397
G1 X101.323 Y111.299 E638.56623
G1 X101.534 Y112.316 E638.61792
G1 X101.865 Y113.291 E638.66916
G1 X102.318 Y114.238 E638.72141
G1 X102.868 Y115.108 E638.77263
G1 X103.523 Y115.915 E638.82435
G1 X104.276 Y116.645 E638.87654
G1 X105.103 Y117.281 E638.92846
G1 X105.987 Y117.803 E638.97955
G1 X106.947 Y118.224 E639.03172
G1 X107.946 Y118.528 E639.08369
G1 X108.955 Y118.712 E639.13473
G1 X110 Y118.774 E639.18683
G0 F9000 X110.199 Y118.763
G1 F1500 E633.18683
G0 F9000 X110.159 Y118.064
G0 X109.931 Y116.571
G0 X109.983 Y115.873
G1 F1500 E639.18683
G1 F1300.4 X109.102 Y115.804 E639.2308
G1 X108.27 Y115.616 E639.27325
G1 X107.457 Y115.295 E639.31675
G1 X106.679 Y114.845 E639.36148
G1 X105.995 Y114.298 E639.40506
G1 X105.405 Y113.662 E639.44824
G1 X104.917 Y112.949 E639.49123
G1 X104.53 Y112.152 E639.53533
G1 X104.269 Y111.294 E639.57996
G1 X104.139 Y110.441 E639.6229
G1 X104.141 Y109.541 E639.66769
G1 X104.274 Y108.68 E639.71104
G1 X104.527 Y107.85 E639.75422
G1 X104.91 Y107.059 E639.79796
G1 X105.397 Y106.344 E639.84101
G1 X106.011 Y105.684 E639.88587
G1 X106.694 Y105.141 E639.9293
G1 X107.445 Y104.707 E639.97246
G1 X108.271 Y104.384 E640.0166
G1 X109.135 Y104.187 E640.0607
G1 X110.007 Y104.122 E640.10422
G1 X110.871 Y104.188 E640.14734
G1 X111.739 Y104.388 E640.19167
G1 X112.555 Y104.707 E640.23527
G1 X113.302 Y105.141 E640.27826
G1 X113.991 Y105.689 E640.32207
G1 X114.587 Y106.329 E640.36559
G1 X115.086 Y107.059 E640.4096
G1 X115.469 Y107.85 E640.45334
G1 X115.731 Y108.706 E640.49789
G1 X115.855 Y109.545 E640.54009
G1 X115.857 Y110.441 E640.58468
G1 X115.724 Y111.327 E640.62927
G1 X115.474 Y112.133 E640.67126
G1 X115.079 Y112.949 E640.71638
G1 X114.592 Y113.662 E640.75935
G1 X113.985 Y114.313 E640.80365
G1 X113.298 Y114.858 E640.84729
G1 X112.543 Y115.295 E640.8907
G1 X111.726 Y115.616 E640.93438
G1 X110.885 Y115.806 E640.97729
G1 X109.983 Y115.873 E641.0223
G0 F9000 X109.784 Y115.858
G0 X109.732 Y116.556
G0 X111.601 Y116.388
;TYPE:FILL
G1 F1300.4 X112.766 Y117.553 E641.12616
G0 F9000 X111.383 Y117.913
G1 F1300.4 X111.804 Y116.341 E641.22874
G0 F9000 X112.827 Y115.871
G0 X113.671 Y115.385
G0 X114.433 Y114.777
G0 X115.095 Y114.063
G0 X115.54 Y113.411
G0 X116.307 Y111.886
G1 F1300.4 X117.901 Y111.459 E641.33277
G0 F9000 X117.571 Y112.685
G1 F1300.4 X116.415 Y111.529 E641.43582
G0 F9000 X116.498 Y110.486
G0 X116.498 Y109.514
G0 X116.353 Y108.551
G0 X116.066 Y107.62
G0 X115.724 Y106.909
G0 X114.73 Y105.422
G1 F1300.4 X115.155 Y103.837 E641.53926
G0 F9000 X116.17 Y104.841
G1 F1300.4 X114.582 Y105.267 E641.6429
G0 F9000 X113.671 Y104.615
G0 X112.827 Y104.129
G0 X111.92 Y103.773
G0 X110.97 Y103.556
G0 X110.184 Y103.497
G0 X108.481 Y103.595
G1 F1300.4 X107.313 Y102.427 E641.74703
G0 F9000 X108.543 Y102.085
G1 F1300.4 X108.116 Y103.678 E641.85099
G0 F9000 X106.329 Y104.615
G0 X105.567 Y105.223
G0 X104.905 Y105.937
G0 X104.46 Y106.589
G0 X103.665 Y108.192
G1 F1300.4 X102.08 Y108.617 E641.95443
G0 F9000 X102.448 Y107.236
G1 F1300.4 X103.605 Y108.392 E642.05753
G0 F9000 X103.502 Y109.514
G0 X103.502 Y110.486
G0 X103.647 Y111.449
G0 X103.934 Y112.38
G0 X104.276 Y113.091
G0 X105.211 Y114.519
G1 F1300.4 X104.783 Y116.117 E642.16181
G0 F9000 X103.886 Y115.214
G1 F1300.4 X105.466 Y114.791 E642.26492
G0 F9000 X105.19 Y115.047
;MESH:NONMESH
G0 F600 X105.19 Y115.047 Z14.84
G0 F9000 X108.08 Y116.227
G0 X108.619 Y116.35
G0 X110.059 Y116.573
G0 X110.043 Y116.347
;TIME_ELAPSED:666.259678
;LAYER:52
;note -- min layer time used
;TYPE:WALL-INNER
;MESH:guia_rocker.STL
G1 F1299.1 X109.027 Y116.273 E642.32124
G1 X108.131 Y116.07 E642.37204
G1 X107.266 Y115.73 E642.42344
G1 X106.442 Y115.258 E642.47595
G1 X105.677 Y114.654 E642.52984
G1 X105.036 Y113.962 E642.582
G1 X104.516 Y113.203 E642.63287
G1 X104.073 Y112.286 E642.68919
G1 X103.806 Y111.413 E642.73967
G1 X103.666 Y110.483 E642.79167
G1 X103.664 Y109.554 E642.84304
G1 X103.816 Y108.556 E642.89886
G1 X104.088 Y107.671 E642.95005
G1 X104.494 Y106.83 E643.00169
G1 X105.011 Y106.067 E643.05266
G1 X105.694 Y105.329 E643.10826
G1 X106.423 Y104.748 E643.1598
G1 X107.228 Y104.285 E643.21115
G1 X108.092 Y103.943 E643.26253
G1 X109.07 Y103.716 E643.31805
G1 X110.022 Y103.647 E643.37083
G1 X110.926 Y103.716 E643.42096
G1 X111.825 Y103.919 E643.47192
G1 X112.756 Y104.274 E643.52702
G1 X113.567 Y104.746 E643.5789
G1 X114.319 Y105.342 E643.63196
G1 X114.948 Y106.02 E643.6831
G1 X115.502 Y106.829 E643.73732
G1 X115.908 Y107.67 E643.78896
G1 X116.194 Y108.587 E643.84207
G1 X116.332 Y109.555 E643.89614
G1 X116.331 Y110.483 E643.94745
G1 X116.194 Y111.405 E643.99899
G1 X115.924 Y112.286 E644.04995
G1 X115.481 Y113.203 E644.10626
G1 X114.962 Y113.96 E644.15701
G1 X114.332 Y114.639 E644.20823
G1 X113.602 Y115.224 E644.25995
G1 X112.735 Y115.73 E644.31546
G1 X111.871 Y116.07 E644.3668
G1 X110.969 Y116.273 E644.41793
G1 X110.043 Y116.347 E644.46929
G0 F9000 X110.059 Y116.573
G0 X110 Y118.073
G0 X110 Y118.299
G1 F1299.1 X110.984 Y118.24 E644.5238
G1 X111.939 Y118.066 E644.57748
G1 X112.884 Y117.778 E644.6321
G1 X113.792 Y117.379 E644.68694
G1 X114.628 Y116.886 E644.74061
G1 X115.414 Y116.284 E644.79536
G1 X116.125 Y115.594 E644.85014
G1 X116.741 Y114.831 E644.90436
G1 X117.262 Y114.008 E644.95822
G1 X117.69 Y113.111 E645.01318
G1 X118.003 Y112.19 E645.06697
G1 X118.206 Y111.228 E645.12133
G1 X118.295 Y110.239 E645.17624
G1 X118.266 Y109.26 E645.2304
G1 X118.118 Y108.285 E645.28493
G1 X117.859 Y107.334 E645.33943
G1 X117.491 Y106.435 E645.39314
G1 X117.01 Y105.562 E645.44826
G1 X116.447 Y104.773 E645.50185
G1 X115.783 Y104.047 E645.55625
G1 X115.03 Y103.398 E645.61122
G1 X114.219 Y102.853 E645.66525
G1 X113.349 Y102.407 E645.71931
G1 X112.423 Y102.063 E645.77393
G1 X111.464 Y101.831 E645.82849
G1 X110.476 Y101.716 E645.88349
G1 X109.971 Y101.701 E645.91143
G1 X109.52 Y101.715 E645.93638
G1 X108.532 Y101.831 E645.99138
G1 X107.573 Y102.063 E646.04594
G1 X106.647 Y102.407 E646.10056
G1 X105.777 Y102.853 E646.15462
G1 X104.966 Y103.398 E646.20865
G1 X104.214 Y104.047 E646.26358
G1 X103.553 Y104.774 E646.31791
G1 X102.986 Y105.564 E646.37168
G1 X102.505 Y106.435 E646.4267
G1 X102.133 Y107.346 E646.48111
G1 X101.875 Y108.291 E646.53528
G1 X101.735 Y109.258 E646.5893
G1 X101.705 Y110.239 E646.64357
G1 X101.794 Y111.229 E646.69854
G1 X101.993 Y112.191 E646.75286
G1 X102.306 Y113.111 E646.80659
G1 X102.734 Y114.008 E646.86155
G1 X103.254 Y114.831 E646.91538
G1 X103.874 Y115.594 E646.96974
G1 X104.587 Y116.285 E647.02464
G1 X105.369 Y116.887 E647.07921
G1 X106.204 Y117.379 E647.1328
G1 X107.112 Y117.778 E647.18764
G1 X108.057 Y118.066 E647.24227
G1 X109.012 Y118.239 E647.29594
G1 X110 Y118.299 E647.35067
G0 F9000 X110 Y118.774
;TYPE:WALL-OUTER
G1 F1299.1 X111.041 Y118.712 E647.40257
G1 X112.05 Y118.529 E647.4536
G1 X113.049 Y118.224 E647.50558
G1 X114.009 Y117.803 E647.55775
G1 X114.894 Y117.281 E647.60888
G1 X115.724 Y116.645 E647.66092
G1 X116.477 Y115.915 E647.71311
G1 X117.128 Y115.108 E647.76471
G1 X117.678 Y114.238 E647.81593
G1 X118.131 Y113.291 E647.86817
G1 X118.462 Y112.316 E647.91942
G1 X118.677 Y111.298 E647.97119
G1 X118.77 Y110.253 E648.0234
G1 X118.739 Y109.217 E648.07498
G1 X118.583 Y108.187 E648.12683
G1 X118.31 Y107.181 E648.1787
G1 X117.92 Y106.23 E648.22985
G1 X117.413 Y105.309 E648.28217
G1 X116.816 Y104.474 E648.33326
G1 X116.114 Y103.706 E648.38504
G1 X115.319 Y103.02 E648.43729
G1 X114.461 Y102.443 E648.48875
G1 X113.541 Y101.971 E648.54021
G1 X112.562 Y101.608 E648.59217
G1 X111.548 Y101.363 E648.64408
G1 X110.511 Y101.241 E648.69605
G1 X110 Y101.226 E648.72149
G1 X109.485 Y101.241 E648.74713
G1 X108.448 Y101.362 E648.79909
G1 X107.434 Y101.608 E648.85101
G1 X106.455 Y101.971 E648.90297
G1 X105.535 Y102.443 E648.95443
G1 X104.677 Y103.02 E649.00589
G1 X103.882 Y103.706 E649.05814
G1 X103.184 Y104.474 E649.10979
G1 X102.583 Y105.309 E649.16099
G1 X102.076 Y106.23 E649.21331
G1 X101.682 Y107.193 E649.26509
G1 X101.409 Y108.194 E649.31672
G1 X101.261 Y109.216 E649.36811
G1 X101.23 Y110.253 E649.41974
G1 X101.323 Y111.299 E649.472
G1 X101.534 Y112.316 E649.52369
G1 X101.865 Y113.291 E649.57493
G1 X102.318 Y114.238 E649.62718
G1 X102.868 Y115.108 E649.6784
G1 X103.523 Y115.915 E649.73012
G1 X104.276 Y116.645 E649.78232
G1 X105.103 Y117.281 E649.83424
G1 X105.987 Y117.803 E649.88533
G1 X106.947 Y118.224 E649.93749
G1 X107.946 Y118.528 E649.98946
G1 X108.955 Y118.712 E650.0405
G1 X110 Y118.774 E650.0926
G0 F9000 X110.199 Y118.763
G1 F1500 E644.0926
G0 F9000 X110.159 Y118.064
G0 X109.931 Y116.571
G0 X109.983 Y115.873
G1 F1500 E650.0926
G1 F1299.1 X109.102 Y115.804 E650.13657
G1 X108.27 Y115.616 E650.17902
G1 X107.457 Y115.295 E650.22252
G1 X106.679 Y114.845 E650.26725
G1 X105.995 Y114.298 E650.31084
G1 X105.405 Y113.662 E650.35401
G1 X104.917 Y112.949 E650.39701
G1 X104.53 Y112.152 E650.4411
G1 X104.269 Y111.294 E650.48573
G1 X104.139 Y110.441 E650.52867
G1 X104.141 Y109.541 E650.57346
G1 X104.276 Y108.674 E650.61712
G1 X104.527 Y107.85 E650.65999
G1 X104.91 Y107.059 E650.70373
G1 X105.397 Y106.344 E650.74678
G1 X106.011 Y105.684 E650.79164
G1 X106.694 Y105.141 E650.83506
G1 X107.445 Y104.707 E650.87823
G1 X108.271 Y104.384 E650.92237
G1 X109.135 Y104.187 E650.96647
G1 X110.007 Y104.122 E651.00998
G1 X110.871 Y104.188 E651.0531
G1 X111.739 Y104.388 E651.09743
G1 X112.555 Y104.707 E651.14103
G1 X113.302 Y105.141 E651.18403
G1 X113.991 Y105.689 E651.22784
G1 X114.587 Y106.329 E651.27136
G1 X115.086 Y107.059 E651.31537
G1 X115.469 Y107.85 E651.3591
G1 X115.731 Y108.706 E651.40365
G1 X115.855 Y109.545 E651.44586
G1 X115.857 Y110.441 E651.49045
G1 X115.724 Y111.327 E651.53504
G1 X115.474 Y112.133 E651.57703
G1 X115.079 Y112.949 E651.62215
G1 X114.592 Y113.662 E651.66512
G1 X113.985 Y114.313 E651.70941
G1 X113.298 Y114.858 E651.75305
G1 X112.543 Y115.295 E651.79647
G1 X111.726 Y115.616 E651.84015
G1 X110.885 Y115.806 E651.88306
G1 X109.983 Y115.873 E651.92807
G0 F9000 X109.784 Y115.858
G0 X109.732 Y116.556
G0 X111.586 Y116.39
;TYPE:FILL
G1 F1299.1 X111.168 Y117.952 E652.03
G0 F9000 X111.829 Y116.336
G1 F1299.1 X112.963 Y117.47 E652.13109
G0 F9000 X115.376 Y113.679
G0 X116.24 Y112.109
G1 F1299.1 X117.855 Y111.676 E652.23649
G0 F9000 X117.642 Y112.476
G1 F1299.1 X116.462 Y111.296 E652.34168
G0 F9000 X116.498 Y109.514
G0 X116.353 Y108.551
G0 X116.066 Y107.62
G0 X115.724 Y106.909
G0 X114.737 Y105.43
G1 F1299.1 X116.309 Y105.009 E652.44427
G0 F9000 X114.571 Y105.252
G1 F1299.1 X114.988 Y103.693 E652.546
G0 F9000 X110.499 Y103.504
G0 X108.709 Y103.543
G1 F1299.1 X107.518 Y102.352 E652.65217
G0 F9000 X108.324 Y102.139
G1 F1299.1 X107.89 Y103.758 E652.75783
G0 F9000 X106.329 Y104.615
G0 X105.567 Y105.223
G0 X104.905 Y105.937
G0 X104.46 Y106.589
G0 X103.671 Y108.178
G1 F1299.1 X102.53 Y107.037 E652.85954
G0 F9000 X103.597 Y108.415
G1 F1299.1 X102.05 Y108.83 E652.96051
G0 F9000 X104.125 Y112.815
G0 X105.052 Y114.347
G1 F1299.1 X104.619 Y115.966 E653.06615
G0 F9000 X104.024 Y115.382
G1 F1299.1 X105.652 Y114.946 E653.17239
G0 F9000 X105.414 Y115.244
;MESH:NONMESH
G0 F600 X105.414 Y115.244 Z15.12
G0 F9000 X108.08 Y116.227
G0 X108.619 Y116.35
G0 X110.059 Y116.573
G0 X110.043 Y116.347
;TIME_ELAPSED:678.532769
;LAYER:53
;note -- min layer time used
;TYPE:WALL-INNER
;MESH:guia_rocker.STL
G1 F1296.6 X109.027 Y116.273 E653.22872
G1 X108.131 Y116.07 E653.27952
G1 X107.266 Y115.73 E653.33091
G1 X106.442 Y115.258 E653.38342
G1 X105.677 Y114.654 E653.43732
G1 X105.036 Y113.962 E653.48948
G1 X104.516 Y113.203 E653.54035
G1 X104.073 Y112.286 E653.59666
G1 X103.806 Y111.413 E653.64714
G1 X103.666 Y110.483 E653.69915
G1 X103.664 Y109.554 E653.75051
G1 X103.816 Y108.556 E653.80634
G1 X104.088 Y107.671 E653.85753
G1 X104.494 Y106.83 E653.90917
G1 X105.011 Y106.067 E653.96013
G1 X105.694 Y105.329 E654.01573
G1 X106.423 Y104.748 E654.06728
G1 X107.228 Y104.285 E654.11863
G1 X108.092 Y103.943 E654.17001
G1 X109.07 Y103.716 E654.22553
G1 X110.022 Y103.647 E654.27831
G1 X110.926 Y103.716 E654.32844
G1 X111.825 Y103.919 E654.3794
G1 X112.756 Y104.274 E654.4345
G1 X113.567 Y104.746 E654.48638
G1 X114.319 Y105.342 E654.53944
G1 X114.948 Y106.02 E654.59058
G1 X115.502 Y106.829 E654.6448
G1 X115.908 Y107.67 E654.69643
G1 X116.194 Y108.587 E654.74955
G1 X116.332 Y109.555 E654.80361
G1 X116.331 Y110.483 E654.85493
G1 X116.194 Y111.405 E654.90647
G1 X115.924 Y112.286 E654.95742
G1 X115.481 Y113.203 E655.01373
G1 X114.962 Y113.96 E655.06449
G1 X114.332 Y114.639 E655.1157
G1 X113.602 Y115.224 E655.16743
G1 X112.735 Y115.73 E655.22294
G1 X111.871 Y116.07 E655.27428
G1 X110.969 Y116.273 E655.3254
G1 X110.043 Y116.347 E655.37677
G0 F9000 X110.059 Y116.573
G0 X110 Y118.073
G0 X110 Y118.299
G1 F1296.6 X110.984 Y118.24 E655.43128
G1 X111.939 Y118.066 E655.48495
G1 X112.884 Y117.778 E655.53958
G1 X113.792 Y117.379 E655.59442
G1 X114.628 Y116.886 E655.64809
G1 X115.414 Y116.284 E655.70283
G1 X116.125 Y115.594 E655.75762
G1 X116.741 Y114.831 E655.81184
G1 X117.262 Y114.008 E655.8657
G1 X117.69 Y113.111 E655.92066
G1 X118.003 Y112.19 E655.97444
G1 X118.206 Y111.228 E656.02881
G1 X118.295 Y110.239 E656.08372
G1 X118.266 Y109.26 E656.13787
G1 X118.118 Y108.285 E656.1924
G1 X117.859 Y107.334 E656.2469
G1 X117.491 Y106.435 E656.30062
G1 X117.01 Y105.562 E656.35573
G1 X116.447 Y104.773 E656.40933
G1 X115.783 Y104.047 E656.46373
G1 X115.03 Y103.398 E656.5187
G1 X114.219 Y102.853 E656.57273
G1 X113.349 Y102.407 E656.62679
G1 X112.423 Y102.063 E656.68141
G1 X111.464 Y101.831 E656.73597
G1 X110.476 Y101.716 E656.79097
G1 X109.971 Y101.701 E656.8189
G1 X109.52 Y101.715 E656.84385
G1 X108.532 Y101.831 E656.89886
G1 X107.573 Y102.063 E656.95342
G1 X106.647 Y102.407 E657.00804
G1 X105.777 Y102.853 E657.0621
G1 X104.966 Y103.398 E657.11613
G1 X104.214 Y104.047 E657.17106
G1 X103.553 Y104.774 E657.22539
G1 X102.986 Y105.564 E657.27916
G1 X102.505 Y106.435 E657.33417
G1 X102.133 Y107.346 E657.38859
G1 X101.875 Y108.291 E657.44275
G1 X101.735 Y109.258 E657.49678
G1 X101.705 Y110.239 E657.55105
G1 X101.794 Y111.229 E657.60601
G1 X101.993 Y112.191 E657.66033
G1 X102.306 Y113.111 E657.71407
G1 X102.734 Y114.008 E657.76902
G1 X103.254 Y114.831 E657.82285
G1 X103.874 Y115.594 E657.87722
G1 X104.587 Y116.285 E657.93212
G1 X105.369 Y116.887 E657.98669
G1 X106.204 Y117.379 E658.04028
G1 X107.112 Y117.778 E658.09512
G1 X108.057 Y118.066 E658.14975
G1 X109.012 Y118.239 E658.20341
G1 X110 Y118.299 E658.25815
G0 F9000 X110 Y118.774
;TYPE:WALL-OUTER
G1 F1296.6 X111.041 Y118.712 E658.31004
G1 X112.05 Y118.529 E658.36108
G1 X113.049 Y118.224 E658.41306
G1 X114.009 Y117.803 E658.46522
G1 X114.894 Y117.281 E658.51636
G1 X115.724 Y116.645 E658.56839
G1 X116.477 Y115.915 E658.62059
G1 X117.128 Y115.108 E658.67219
G1 X117.678 Y114.238 E658.72341
G1 X118.131 Y113.291 E658.77565
G1 X118.462 Y112.316 E658.82689
G1 X118.677 Y111.298 E658.87867
G1 X118.77 Y110.253 E658.93088
G1 X118.739 Y109.217 E658.98246
G1 X118.583 Y108.187 E659.0343
G1 X118.31 Y107.181 E659.08618
G1 X117.92 Y106.23 E659.13733
G1 X117.413 Y105.309 E659.18965
G1 X116.816 Y104.474 E659.24073
G1 X116.114 Y103.706 E659.29251
G1 X115.319 Y103.02 E659.34477
G1 X114.461 Y102.443 E659.39623
G1 X113.541 Y101.971 E659.44768
G1 X112.562 Y101.608 E659.49965
G1 X111.548 Y101.363 E659.55156
G1 X110.511 Y101.241 E659.60352
G1 X110 Y101.226 E659.62896
G1 X109.485 Y101.241 E659.6546
G1 X108.448 Y101.362 E659.70656
G1 X107.434 Y101.608 E659.75849
G1 X106.455 Y101.971 E659.81045
G1 X105.535 Y102.443 E659.86191
G1 X104.677 Y103.02 E659.91336
G1 X103.882 Y103.706 E659.96562
G1 X103.184 Y104.474 E660.01727
G1 X102.583 Y105.309 E660.06847
G1 X102.076 Y106.23 E660.12078
G1 X101.682 Y107.193 E660.17257
G1 X101.409 Y108.194 E660.2242
G1 X101.261 Y109.216 E660.27559
G1 X101.23 Y110.253 E660.32722
G1 X101.323 Y111.299 E660.37948
G1 X101.534 Y112.316 E660.43117
G1 X101.865 Y113.291 E660.48241
G1 X102.318 Y114.238 E660.53465
G1 X102.868 Y115.108 E660.58588
G1 X103.523 Y115.915 E660.6376
G1 X104.276 Y116.645 E660.68979
G1 X105.103 Y117.281 E660.74171
G1 X105.987 Y117.803 E660.7928
G1 X106.947 Y118.224 E660.84497
G1 X107.946 Y118.528 E660.89693
G1 X108.955 Y118.712 E660.94798
G1 X110 Y118.774 E661.00007
G0 F9000 X110.199 Y118.763
G1 F1500 E655.00007
G0 F9000 X110.159 Y118.064
G0 X109.931 Y116.571
G0 X109.983 Y115.873
G1 F1500 E661.00007
G1 F1296.6 X109.102 Y115.804 E661.04405
G1 X108.27 Y115.616 E661.0865
G1 X107.457 Y115.295 E661.13
G1 X106.679 Y114.845 E661.17473
G1 X105.995 Y114.298 E661.21831
G1 X105.405 Y113.662 E661.26148
G1 X104.917 Y112.949 E661.30448
G1 X104.53 Y112.152 E661.34857
G1 X104.269 Y111.294 E661.3932
G1 X104.139 Y110.441 E661.43614
G1 X104.141 Y109.541 E661.48093
G1 X104.274 Y108.68 E661.52429
G1 X104.527 Y107.85 E661.56747
G1 X104.91 Y107.059 E661.61121
G1 X105.397 Y106.344 E661.65426
G1 X106.011 Y105.684 E661.69912
G1 X106.694 Y105.141 E661.74254
G1 X107.445 Y104.707 E661.78571
G1 X108.271 Y104.384 E661.82985
G1 X109.135 Y104.187 E661.87395
G1 X110.007 Y104.122 E661.91746
G1 X110.871 Y104.188 E661.96059
G1 X111.739 Y104.388 E662.00491
G1 X112.555 Y104.707 E662.04852
G1 X113.302 Y105.141 E662.09151
G1 X113.991 Y105.689 E662.13532
G1 X114.587 Y106.329 E662.17884
G1 X115.086 Y107.059 E662.22285
G1 X115.469 Y107.85 E662.26658
G1 X115.731 Y108.706 E662.31113
G1 X115.857 Y109.569 E662.35454
G1 X115.857 Y110.441 E662.39793
G1 X115.724 Y111.327 E662.44252
G1 X115.474 Y112.133 E662.48451
G1 X115.079 Y112.949 E662.52963
G1 X114.592 Y113.662 E662.5726
G1 X113.985 Y114.313 E662.6169
G1 X113.298 Y114.858 E662.66054
G1 X112.543 Y115.295 E662.70395
G1 X111.726 Y115.616 E662.74763
G1 X110.885 Y115.806 E662.79054
G1 X109.983 Y115.873 E662.83555
G0 F9000 X109.784 Y115.858
G0 X109.732 Y116.556
G0 X111.368 Y116.439
;TYPE:FILL
G1 F1296.6 X110.952 Y117.991 E662.93684
G0 F9000 X112.045 Y116.272
G1 F1296.6 X113.158 Y117.385 E663.03606
G0 F9000 X116.171 Y112.332
G1 F1296.6 X117.809 Y111.893 E663.14296
G0 F9000 X117.713 Y112.267
G1 F1296.6 X116.499 Y111.053 E663.25118
G0 F9000 X116.498 Y109.514
G0 X116.353 Y108.551
G0 X116.066 Y107.62
G0 X115.724 Y106.909
G0 X114.891 Y105.594
G1 F1296.6 X116.432 Y105.181 E663.35175
G0 F9000 X114.408 Y105.095
G1 F1296.6 X114.82 Y103.558 E663.45205
G0 F9000 X108.938 Y103.491
G1 F1296.6 X107.73 Y102.284 E663.5597
G0 F9000 X108.104 Y102.192
G1 F1296.6 X107.661 Y103.848 E663.66776
G0 F9000 X106.329 Y104.615
G0 X105.567 Y105.223
G0 X104.905 Y105.937
G0 X104.46 Y106.589
G0 X103.737 Y107.964
G1 F1296.6 X102.611 Y106.838 E663.76814
G0 F9000 X103.546 Y108.634
G1 F1296.6 X102.019 Y109.043 E663.86779
G0 F9000 X104.893 Y114.176
G1 F1296.6 X104.456 Y115.808 E663.97429
G0 F9000 X104.182 Y115.545
G1 F1296.6 X105.844 Y115.099 E664.08276
G0 F9000 X105.606 Y115.397
;MESH:NONMESH
G0 F600 X105.606 Y115.397 Z15.4
G0 F9000 X108.08 Y116.227
G0 X108.619 Y116.35
G0 X110.059 Y116.573
G0 X110.043 Y116.347
;TIME_ELAPSED:690.739558
;LAYER:54
;note -- min layer time used
;TYPE:WALL-INNER
;MESH:guia_rocker.STL
G1 F1296.1 X109.027 Y116.273 E664.13909
G1 X108.131 Y116.07 E664.18989
G1 X107.266 Y115.73 E664.24128
G1 X106.442 Y115.258 E664.29379
G1 X105.677 Y114.654 E664.34768
G1 X105.036 Y113.962 E664.39984
G1 X104.516 Y113.203 E664.45072
G1 X104.073 Y112.286 E664.50703
G1 X103.806 Y111.413 E664.55751
G1 X103.666 Y110.483 E664.60951
G1 X103.664 Y109.554 E664.66088
G1 X103.816 Y108.556 E664.7167
G1 X104.088 Y107.671 E664.7679
G1 X104.494 Y106.83 E664.81954
G1 X105.011 Y106.067 E664.8705
G1 X105.694 Y105.329 E664.9261
G1 X106.423 Y104.748 E664.97765
G1 X107.228 Y104.285 E665.029
G1 X108.092 Y103.943 E665.08038
G1 X109.07 Y103.716 E665.13589
G1 X110.022 Y103.647 E665.18867
G1 X110.926 Y103.716 E665.2388
G1 X111.825 Y103.919 E665.28977
G1 X112.756 Y104.274 E665.34486
G1 X113.567 Y104.746 E665.39675
G1 X114.319 Y105.342 E665.44981
G1 X114.948 Y106.02 E665.50094
G1 X115.502 Y106.829 E665.55516
G1 X115.908 Y107.67 E665.6068
G1 X116.194 Y108.587 E665.65991
G1 X116.332 Y109.555 E665.71398
G1 X116.331 Y110.483 E665.7653
G1 X116.194 Y111.405 E665.81684
G1 X115.924 Y112.286 E665.86779
G1 X115.481 Y113.203 E665.9241
G1 X114.962 Y113.96 E665.97485
G1 X114.332 Y114.639 E666.02607
G1 X113.602 Y115.224 E666.0778
G1 X112.735 Y115.73 E666.1333
G1 X111.871 Y116.07 E666.18465
G1 X110.969 Y116.273 E666.23577
G1 X110.043 Y116.347 E666.28714
G0 F9000 X110.059 Y116.573
G0 X110 Y118.073
G0 X110 Y118.299
G1 F1296.1 X110.984 Y118.24 E666.34164
G1 X111.939 Y118.066 E666.39532
G1 X112.884 Y117.778 E666.44995
G1 X113.792 Y117.379 E666.50479
G1 X114.628 Y116.886 E666.55845
G1 X115.414 Y116.284 E666.6132
G1 X116.125 Y115.594 E666.66798
G1 X116.741 Y114.831 E666.72221
G1 X117.262 Y114.008 E666.77607
G1 X117.69 Y113.111 E666.83102
G1 X118.003 Y112.19 E666.88481
G1 X118.206 Y111.228 E666.93918
G1 X118.295 Y110.239 E666.99408
G1 X118.266 Y109.26 E667.04824
G1 X118.118 Y108.285 E667.10277
G1 X117.859 Y107.334 E667.15727
G1 X117.491 Y106.435 E667.21099
G1 X117.01 Y105.562 E667.2661
G1 X116.447 Y104.773 E667.3197
G1 X115.783 Y104.047 E667.3741
G1 X115.03 Y103.398 E667.42907
G1 X114.219 Y102.853 E667.4831
G1 X113.349 Y102.407 E667.53715
G1 X112.423 Y102.063 E667.59178
G1 X111.464 Y101.831 E667.64633
G1 X110.476 Y101.716 E667.70133
G1 X109.971 Y101.701 E667.72927
G1 X109.52 Y101.715 E667.75422
G1 X108.532 Y101.831 E667.80923
G1 X107.573 Y102.063 E667.86379
G1 X106.647 Y102.407 E667.91841
G1 X105.777 Y102.853 E667.97247
G1 X104.966 Y103.398 E668.0265
G1 X104.214 Y104.047 E668.08142
G1 X103.553 Y104.774 E668.13575
G1 X102.986 Y105.564 E668.18952
G1 X102.505 Y106.435 E668.24454
G1 X102.133 Y107.346 E668.29895
G1 X101.875 Y108.291 E668.35312
G1 X101.735 Y109.258 E668.40715
G1 X101.705 Y110.239 E668.46142
G1 X101.794 Y111.229 E668.51638
G1 X101.993 Y112.191 E668.5707
G1 X102.306 Y113.111 E668.62443
G1 X102.734 Y114.008 E668.67939
G1 X103.254 Y114.831 E668.73322
G1 X103.874 Y115.594 E668.78758
G1 X104.587 Y116.285 E668.84249
G1 X105.369 Y116.887 E668.89706
G1 X106.204 Y117.379 E668.95065
G1 X107.112 Y117.778 E669.00549
G1 X108.057 Y118.066 E669.06011
G1 X109.012 Y118.239 E669.11378
G1 X110 Y118.299 E669.16851
G0 F9000 X110 Y118.774
;TYPE:WALL-OUTER
G1 F1296.1 X111.041 Y118.712 E669.22041
G1 X112.05 Y118.529 E669.27144
G1 X113.049 Y118.224 E669.32342
G1 X114.009 Y117.803 E669.37559
G1 X114.894 Y117.281 E669.42672
G1 X115.724 Y116.645 E669.47876
G1 X116.477 Y115.915 E669.53095
G1 X117.128 Y115.108 E669.58255
G1 X117.678 Y114.238 E669.63377
G1 X118.131 Y113.291 E669.68602
G1 X118.462 Y112.316 E669.73726
G1 X118.677 Y111.298 E669.78904
G1 X118.77 Y110.253 E669.84125
G1 X118.739 Y109.217 E669.89283
G1 X118.583 Y108.187 E669.94467
G1 X118.31 Y107.181 E669.99655
G1 X117.92 Y106.23 E670.0477
G1 X117.413 Y105.309 E670.10002
G1 X116.816 Y104.474 E670.1511
G1 X116.114 Y103.706 E670.20288
G1 X115.319 Y103.02 E670.25514
G1 X114.461 Y102.443 E670.30659
G1 X113.541 Y101.971 E670.35805
G1 X112.562 Y101.608 E670.41001
G1 X111.548 Y101.363 E670.46193
G1 X110.511 Y101.241 E670.51389
G1 X110 Y101.226 E670.53933
G1 X109.485 Y101.241 E670.56497
G1 X108.448 Y101.362 E670.61693
G1 X107.434 Y101.608 E670.66885
G1 X106.455 Y101.971 E670.72082
G1 X105.535 Y102.443 E670.77227
G1 X104.677 Y103.02 E670.82373
G1 X103.882 Y103.706 E670.87599
G1 X103.184 Y104.474 E670.92763
G1 X102.583 Y105.309 E670.97883
G1 X102.076 Y106.23 E671.03115
G1 X101.682 Y107.193 E671.08293
G1 X101.409 Y108.194 E671.13457
G1 X101.261 Y109.216 E671.18596
G1 X101.23 Y110.253 E671.23759
G1 X101.323 Y111.299 E671.28985
G1 X101.534 Y112.316 E671.34154
G1 X101.865 Y113.291 E671.39278
G1 X102.318 Y114.238 E671.44502
G1 X102.868 Y115.108 E671.49624
G1 X103.523 Y115.915 E671.54797
G1 X104.276 Y116.645 E671.60016
G1 X105.103 Y117.281 E671.65208
G1 X105.987 Y117.803 E671.70317
G1 X106.947 Y118.224 E671.75534
G1 X107.946 Y118.528 E671.8073
G1 X108.955 Y118.712 E671.85834
G1 X110 Y118.774 E671.91044
G0 F9000 X110.199 Y118.763
G1 F1500 E665.91044
G0 F9000 X110.159 Y118.064
G0 X109.931 Y116.571
G0 X109.983 Y115.873
G1 F1500 E671.91044
G1 F1296.1 X109.102 Y115.804 E671.95442
G1 X108.27 Y115.616 E671.99687
G1 X107.457 Y115.295 E672.04036
G1 X106.679 Y114.845 E672.08509
G1 X105.995 Y114.298 E672.12868
G1 X105.405 Y113.662 E672.17185
G1 X104.917 Y112.949 E672.21485
G1 X104.53 Y112.152 E672.25894
G1 X104.269 Y111.294 E672.30357
G1 X104.139 Y110.441 E672.34651
G1 X104.141 Y109.541 E672.3913
G1 X104.274 Y108.68 E672.43466
G1 X104.527 Y107.85 E672.47784
G1 X104.91 Y107.059 E672.52157
G1 X105.397 Y106.344 E672.56463
G1 X106.011 Y105.684 E672.60949
G1 X106.694 Y105.141 E672.65291
G1 X107.445 Y104.707 E672.69608
G1 X108.271 Y104.384 E672.74021
G1 X109.135 Y104.187 E672.78431
G1 X110.007 Y104.122 E672.82783
G1 X110.871 Y104.188 E672.87095
G1 X111.739 Y104.388 E672.91528
G1 X112.555 Y104.707 E672.95888
G1 X113.302 Y105.141 E673.00188
G1 X113.991 Y105.689 E673.04569
G1 X114.587 Y106.329 E673.08921
G1 X115.086 Y107.059 E673.13321
G1 X115.469 Y107.85 E673.17695
G1 X115.731 Y108.706 E673.2215
G1 X115.855 Y109.545 E673.26371
G1 X115.857 Y110.441 E673.3083
G1 X115.724 Y111.327 E673.35288
G1 X115.474 Y112.133 E673.39488
G1 X115.079 Y112.949 E673.44
G1 X114.592 Y113.662 E673.48297
G1 X113.985 Y114.313 E673.52726
G1 X113.298 Y114.858 E673.5709
G1 X112.543 Y115.295 E673.61431
G1 X111.726 Y115.616 E673.658
G1 X110.885 Y115.806 E673.70091
G1 X109.983 Y115.873 E673.74592
G0 F9000 X109.784 Y115.858
G0 X109.732 Y116.556
G0 X111.15 Y116.488
;TYPE:FILL
G1 F1296.1 X110.744 Y118.004 E673.84485
G0 F9000 X112.245 Y116.192
G1 F1296.1 X113.352 Y117.299 E673.94353
G0 F9000 X116.065 Y112.566
G1 F1296.1 X117.763 Y112.111 E674.05435
G1 X117.777 Y112.051
G1 X116.535 Y110.809 E674.16507
G0 F9000 X116.498 Y109.514
G0 X116.353 Y108.551
G0 X116.066 Y107.62
G0 X115.827 Y107.122
G0 X115.044 Y105.758
G1 F1296.1 X116.555 Y105.353 E674.26368
G0 F9000 X114.239 Y104.961
G1 F1296.1 X114.646 Y103.441 E674.36287
G0 F9000 X109.183 Y103.457
G1 F1296.1 X107.955 Y102.229 E674.47234
G1 X107.885 Y102.245
G1 X107.431 Y103.939 E674.58289
G0 F9000 X106.329 Y104.615
G0 X105.567 Y105.223
G0 X104.905 Y105.937
G0 X104.593 Y106.393
G0 X103.803 Y107.75
G1 F1296.1 X102.692 Y106.639 E674.68193
G0 F9000 X103.513 Y108.848
G1 F1296.1 X101.987 Y109.257 E674.78152
G0 F9000 X104.742 Y113.975
G1 F1296.1 X104.293 Y115.652 E674.89096
G1 X104.347 Y115.705
G1 X106.038 Y115.253 E675.00129
G0 F9000 X105.8 Y115.551
;MESH:NONMESH
G0 F600 X105.8 Y115.551 Z15.68
G0 F9000 X108.08 Y116.227
G0 X108.619 Y116.35
G0 X110.059 Y116.573
G0 X110.043 Y116.347
;TIME_ELAPSED:702.786838
;LAYER:55
;note -- min layer time used
;TYPE:WALL-INNER
;MESH:guia_rocker.STL
G1 F1295.5 X109.027 Y116.273 E675.05762
G1 X108.131 Y116.07 E675.10842
G1 X107.266 Y115.73 E675.15981
G1 X106.442 Y115.258 E675.21232
G1 X105.677 Y114.654 E675.26622
G1 X105.036 Y113.962 E675.31838
G1 X104.516 Y113.203 E675.36925
G1 X104.073 Y112.286 E675.42556
G1 X103.806 Y111.413 E675.47604
G1 X103.666 Y110.483 E675.52805
G1 X103.664 Y109.554 E675.57941
G1 X103.816 Y108.556 E675.63524
G1 X104.088 Y107.671 E675.68643
G1 X104.494 Y106.83 E675.73807
G1 X105.011 Y106.067 E675.78903
G1 X105.694 Y105.329 E675.84463
G1 X106.423 Y104.748 E675.89618
G1 X107.228 Y104.285 E675.94753
G1 X108.092 Y103.943 E675.99891
G1 X109.07 Y103.716 E676.05443
G1 X110.022 Y103.647 E676.10721
G1 X110.926 Y103.716 E676.15734
G1 X111.825 Y103.919 E676.2083
G1 X112.756 Y104.274 E676.2634
G1 X113.567 Y104.746 E676.31528
G1 X114.319 Y105.342 E676.36834
G1 X114.948 Y106.02 E676.41948
G1 X115.502 Y106.829 E676.4737
G1 X115.908 Y107.67 E676.52533
G1 X116.194 Y108.587 E676.57845
G1 X116.332 Y109.555 E676.63252
G1 X116.331 Y110.483 E676.68383
G1 X116.194 Y111.405 E676.73537
G1 X115.924 Y112.286 E676.78632
G1 X115.481 Y113.203 E676.84263
G1 X114.962 Y113.96 E676.89339
G1 X114.332 Y114.639 E676.9446
G1 X113.602 Y115.224 E676.99633
G1 X112.735 Y115.73 E677.05184
G1 X111.871 Y116.07 E677.10318
G1 X110.969 Y116.273 E677.1543
G1 X110.043 Y116.347 E677.20567
G0 F9000 X110.059 Y116.573
G0 X110 Y118.073
G0 X110 Y118.299
G1 F1295.5 X110.984 Y118.24 E677.26018
G1 X111.939 Y118.066 E677.31385
G1 X112.884 Y117.778 E677.36848
G1 X113.792 Y117.379 E677.42332
G1 X114.628 Y116.886 E677.47699
G1 X115.414 Y116.284 E677.53173
G1 X116.125 Y115.594 E677.58652
G1 X116.741 Y114.831 E677.64074
G1 X117.262 Y114.008 E677.6946
G1 X117.69 Y113.111 E677.74956
G1 X118.003 Y112.19 E677.80334
G1 X118.206 Y111.228 E677.85771
G1 X118.295 Y110.239 E677.91262
G1 X118.266 Y109.26 E677.96677
G1 X118.118 Y108.285 E678.0213
G1 X117.859 Y107.334 E678.07581
G1 X117.491 Y106.435 E678.12952
G1 X117.01 Y105.562 E678.18463
G1 X116.447 Y104.773 E678.23823
G1 X115.783 Y104.047 E678.29263
G1 X115.03 Y103.398 E678.3476
G1 X114.219 Y102.853 E678.40163
G1 X113.349 Y102.407 E678.45569
G1 X112.423 Y102.063 E678.51031
G1 X111.464 Y101.831 E678.56487
G1 X110.476 Y101.716 E678.61987
G1 X109.971 Y101.701 E678.6478
G1 X109.52 Y101.715 E678.67275
G1 X108.532 Y101.831 E678.72776
G1 X107.573 Y102.063 E678.78232
G1 X106.647 Y102.407 E678.83694
G1 X105.777 Y102.853 E678.891
G1 X104.966 Y103.398 E678.94503
G1 X104.214 Y104.047 E678.99996
G1 X103.553 Y104.774 E679.05429
G1 X102.986 Y105.564 E679.10806
G1 X102.505 Y106.435 E679.16308
G1 X102.133 Y107.346 E679.21749
G1 X101.875 Y108.291 E679.27165
G1 X101.735 Y109.258 E679.32568
G1 X101.705 Y110.239 E679.37995
G1 X101.794 Y111.229 E679.43491
G1 X101.993 Y112.191 E679.48923
G1 X102.306 Y113.111 E679.54297
G1 X102.734 Y114.008 E679.59792
G1 X103.254 Y114.831 E679.65176
G1 X103.874 Y115.594 E679.70612
G1 X104.587 Y116.285 E679.76102
G1 X105.369 Y116.887 E679.81559
G1 X106.204 Y117.379 E679.86918
G1 X107.112 Y117.778 E679.92402
G1 X108.057 Y118.066 E679.97865
G1 X109.012 Y118.239 E680.03231
G1 X110 Y118.299 E680.08705
G0 F9000 X110 Y118.774
;TYPE:WALL-OUTER
G1 F1295.5 X111.041 Y118.712 E680.13894
G1 X112.05 Y118.529 E680.18998
G1 X113.049 Y118.224 E680.24196
G1 X114.009 Y117.803 E680.29412
G1 X114.894 Y117.281 E680.34526
G1 X115.724 Y116.645 E680.39729
G1 X116.477 Y115.915 E680.44949
G1 X117.128 Y115.108 E680.50109
G1 X117.678 Y114.238 E680.55231
G1 X118.131 Y113.291 E680.60455
G1 X118.462 Y112.316 E680.65579
G1 X118.677 Y111.298 E680.70757
G1 X118.77 Y110.253 E680.75978
G1 X118.739 Y109.217 E680.81136
G1 X118.583 Y108.187 E680.8632
G1 X118.31 Y107.181 E680.91508
G1 X117.92 Y106.23 E680.96623
G1 X117.413 Y105.309 E681.01855
G1 X116.816 Y104.474 E681.06963
G1 X116.114 Y103.706 E681.12141
G1 X115.319 Y103.02 E681.17367
G1 X114.461 Y102.443 E681.22513
G1 X113.541 Y101.971 E681.27659
G1 X112.562 Y101.608 E681.32855
G1 X111.548 Y101.363 E681.38046
G1 X110.511 Y101.241 E681.43242
G1 X110 Y101.226 E681.45786
G1 X109.485 Y101.241 E681.4835
G1 X108.448 Y101.362 E681.53546
G1 X107.434 Y101.608 E681.58739
G1 X106.455 Y101.971 E681.63935
G1 X105.535 Y102.443 E681.69081
G1 X104.677 Y103.02 E681.74226
G1 X103.882 Y103.706 E681.79452
G1 X103.184 Y104.474 E681.84617
G1 X102.583 Y105.309 E681.89737
G1 X102.076 Y106.23 E681.94969
G1 X101.682 Y107.193 E682.00147
G1 X101.409 Y108.194 E682.0531
G1 X101.261 Y109.216 E682.10449
G1 X101.23 Y110.253 E682.15612
G1 X101.323 Y111.299 E682.20838
G1 X101.534 Y112.316 E682.26007
G1 X101.865 Y113.291 E682.31131
G1 X102.318 Y114.238 E682.36355
G1 X102.868 Y115.108 E682.41478
G1 X103.523 Y115.915 E682.4665
G1 X104.276 Y116.645 E682.51869
G1 X105.103 Y117.281 E682.57061
G1 X105.987 Y117.803 E682.6217
G1 X106.947 Y118.224 E682.67387
G1 X107.946 Y118.528 E682.72584
G1 X108.955 Y118.712 E682.77688
G1 X110 Y118.774 E682.82897
G0 F9000 X110.199 Y118.763
G1 F1500 E676.82897
G0 F9000 X110.159 Y118.064
G0 X109.931 Y116.571
G0 X109.983 Y115.873
G1 F1500 E682.82897
G1 F1295.5 X109.102 Y115.804 E682.87295
G1 X108.27 Y115.616 E682.9154
G1 X107.457 Y115.295 E682.9589
G1 X106.679 Y114.845 E683.00363
G1 X105.995 Y114.298 E683.04721
G1 X105.405 Y113.662 E683.09038
G1 X104.917 Y112.949 E683.13338
G1 X104.53 Y112.152 E683.17747
G1 X104.269 Y111.294 E683.2221
G1 X104.139 Y110.441 E683.26504
G1 X104.141 Y109.541 E683.30983
G1 X104.274 Y108.68 E683.35319
G1 X104.527 Y107.85 E683.39637
G1 X104.91 Y107.059 E683.44011
G1 X105.397 Y106.344 E683.48316
G1 X106.011 Y105.684 E683.52802
G1 X106.694 Y105.141 E683.57144
G1 X107.445 Y104.707 E683.61461
G1 X108.271 Y104.384 E683.65875
G1 X109.135 Y104.187 E683.70285
G1 X110.007 Y104.122 E683.74636
G1 X110.871 Y104.188 E683.78949
G1 X111.739 Y104.388 E683.83381
G1 X112.555 Y104.707 E683.87742
G1 X113.302 Y105.141 E683.92041
G1 X113.991 Y105.689 E683.96422
G1 X114.587 Y106.329 E684.00774
G1 X115.086 Y107.059 E684.05175
G1 X115.469 Y107.85 E684.09548
G1 X115.731 Y108.706 E684.14003
G1 X115.855 Y109.545 E684.18224
G1 X115.857 Y110.441 E684.22683
G1 X115.724 Y111.327 E684.27142
G1 X115.474 Y112.133 E684.31341
G1 X115.079 Y112.949 E684.35853
G1 X114.592 Y113.662 E684.4015
G1 X113.985 Y114.313 E684.44579
G1 X113.298 Y114.858 E684.48943
G1 X112.543 Y115.295 E684.53285
G1 X111.726 Y115.616 E684.57653
G1 X110.885 Y115.806 E684.61944
G1 X109.983 Y115.873 E684.66445
G0 F9000 X109.784 Y115.858
G0 X109.732 Y116.556
G0 X110.935 Y116.525
;TYPE:FILL
G1 F1295.5 X110.535 Y118.017 E684.76182
G0 F9000 X112.446 Y116.113
G1 F1295.5 X113.546 Y117.214 E684.85993
G0 F9000 X115.951 Y112.801
G1 F1295.5 X117.689 Y112.336 E684.97334
G0 F9000 X117.826 Y111.82
G1 F1295.5 X116.572 Y110.565 E685.08517
G0 F9000 X116.498 Y109.514
G0 X116.353 Y108.551
G0 X116.095 Y107.713
G0 X115.19 Y105.924
G1 F1295.5 X116.678 Y105.525 E685.18229
G0 F9000 X114.07 Y104.827
G1 F1295.5 X114.472 Y103.325 E685.2803
G0 F9000 X109.444 Y103.438
G1 F1295.5 X108.18 Y102.174 E685.39298
G0 F9000 X107.666 Y102.298
G1 F1295.5 X107.202 Y104.029 E685.50595
G0 F9000 X106.329 Y104.615
G0 X105.567 Y105.223
G0 X104.971 Y105.866
G0 X103.873 Y107.54
G1 F1295.5 X102.782 Y106.449 E685.60321
G0 F9000 X103.48 Y109.062
G1 F1295.5 X101.979 Y109.464 E685.70116
G0 F9000 X104.595 Y113.759
G1 F1295.5 X104.13 Y115.494 E685.81439
G0 F9000 X104.514 Y115.866
G1 F1295.5 X106.23 Y115.406 E685.92638
G0 F9000 X105.992 Y115.705
;MESH:NONMESH
G0 F600 X105.992 Y115.705 Z15.96
G0 F9000 X108.726 Y116.37
G0 X110.059 Y116.573
G0 X110.043 Y116.347
;TIME_ELAPSED:714.974131
;LAYER:56
;note -- min layer time used
;TYPE:WALL-INNER
;MESH:guia_rocker.STL
G1 F1296.6 X109.027 Y116.273 E685.9827
G1 X108.131 Y116.07 E686.0335
G1 X107.266 Y115.73 E686.0849
G1 X106.442 Y115.258 E686.13741
G1 X105.677 Y114.654 E686.1913
G1 X105.036 Y113.962 E686.24346
G1 X104.516 Y113.203 E686.29433
G1 X104.073 Y112.286 E686.35065
G1 X103.806 Y111.413 E686.40113
G1 X103.666 Y110.483 E686.45313
G1 X103.664 Y109.554 E686.5045
G1 X103.816 Y108.556 E686.56032
G1 X104.088 Y107.671 E686.61151
G1 X104.494 Y106.83 E686.66315
G1 X105.011 Y106.067 E686.71412
G1 X105.694 Y105.329 E686.76972
G1 X106.423 Y104.748 E686.82126
G1 X107.228 Y104.285 E686.87261
G1 X108.092 Y103.943 E686.924
G1 X109.07 Y103.716 E686.97951
G1 X110.022 Y103.647 E687.03229
G1 X110.926 Y103.716 E687.08242
G1 X111.825 Y103.919 E687.13338
G1 X112.756 Y104.274 E687.18848
G1 X113.567 Y104.746 E687.24037
G1 X114.319 Y105.342 E687.29342
G1 X114.948 Y106.02 E687.34456
G1 X115.502 Y106.829 E687.39878
G1 X115.908 Y107.67 E687.45042
G1 X116.194 Y108.587 E687.50353
G1 X116.332 Y109.555 E687.5576
G1 X116.331 Y110.483 E687.60891
G1 X116.194 Y111.405 E687.66045
G1 X115.924 Y112.286 E687.71141
G1 X115.481 Y113.203 E687.76772
G1 X114.962 Y113.96 E687.81847
G1 X114.332 Y114.639 E687.86969
G1 X113.602 Y115.224 E687.92141
G1 X112.735 Y115.73 E687.97692
G1 X111.871 Y116.07 E688.02826
G1 X110.969 Y116.273 E688.07939
G1 X110.043 Y116.347 E688.13075
G0 F9000 X110.059 Y116.573
G0 X110 Y118.073
G0 X110 Y118.299
G1 F1296.6 X110.984 Y118.24 E688.18526
G1 X111.939 Y118.066 E688.23894
G1 X112.884 Y117.778 E688.29356
G1 X113.792 Y117.379 E688.3484
G1 X114.628 Y116.886 E688.40207
G1 X115.414 Y116.284 E688.45682
G1 X116.125 Y115.594 E688.5116
G1 X116.741 Y114.831 E688.56582
G1 X117.262 Y114.008 E688.61968
G1 X117.69 Y113.111 E688.67464
G1 X118.003 Y112.19 E688.72843
G1 X118.206 Y111.228 E688.78279
G1 X118.295 Y110.239 E688.8377
G1 X118.266 Y109.26 E688.89186
G1 X118.118 Y108.285 E688.94639
G1 X117.859 Y107.334 E689.00089
G1 X117.491 Y106.435 E689.0546
G1 X117.01 Y105.562 E689.10972
G1 X116.447 Y104.773 E689.16331
G1 X115.783 Y104.047 E689.21772
G1 X115.03 Y103.398 E689.27268
G1 X114.219 Y102.853 E689.32671
G1 X113.349 Y102.407 E689.38077
G1 X112.423 Y102.063 E689.43539
G1 X111.464 Y101.831 E689.48995
G1 X110.476 Y101.716 E689.54495
G1 X109.971 Y101.701 E689.57289
G1 X109.52 Y101.715 E689.59784
G1 X108.532 Y101.831 E689.65285
G1 X107.573 Y102.063 E689.7074
G1 X106.647 Y102.407 E689.76202
G1 X105.777 Y102.853 E689.81608
G1 X104.966 Y103.398 E689.87011
G1 X104.214 Y104.047 E689.92504
G1 X103.553 Y104.774 E689.97937
G1 X102.986 Y105.564 E690.03314
G1 X102.505 Y106.435 E690.08816
G1 X102.133 Y107.346 E690.14257
G1 X101.875 Y108.291 E690.19674
G1 X101.735 Y109.258 E690.25076
G1 X101.705 Y110.239 E690.30503
G1 X101.794 Y111.229 E690.36
G1 X101.993 Y112.191 E690.41432
G1 X102.306 Y113.111 E690.46805
G1 X102.734 Y114.008 E690.52301
G1 X103.254 Y114.831 E690.57684
G1 X103.874 Y115.594 E690.6312
G1 X104.587 Y116.285 E690.6861
G1 X105.369 Y116.887 E690.74067
G1 X106.204 Y117.379 E690.79426
G1 X107.112 Y117.778 E690.8491
G1 X108.057 Y118.066 E690.90373
G1 X109.012 Y118.239 E690.9574
G1 X110 Y118.299 E691.01213
G0 F9000 X110 Y118.774
;TYPE:WALL-OUTER
G1 F1296.6 X111.041 Y118.712 E691.06403
G1 X112.05 Y118.529 E691.11506
G1 X113.049 Y118.224 E691.16704
G1 X114.009 Y117.803 E691.21921
G1 X114.894 Y117.281 E691.27034
G1 X115.724 Y116.645 E691.32238
G1 X116.477 Y115.915 E691.37457
G1 X117.128 Y115.108 E691.42617
G1 X117.678 Y114.238 E691.47739
G1 X118.131 Y113.291 E691.52963
G1 X118.462 Y112.316 E691.58088
G1 X118.677 Y111.298 E691.63265
G1 X118.77 Y110.253 E691.68486
G1 X118.739 Y109.217 E691.73644
G1 X118.583 Y108.187 E691.78829
G1 X118.31 Y107.181 E691.84016
G1 X117.92 Y106.23 E691.89131
G1 X117.413 Y105.309 E691.94363
G1 X116.816 Y104.474 E691.99472
G1 X116.114 Y103.706 E692.0465
G1 X115.319 Y103.02 E692.09875
G1 X114.461 Y102.443 E692.15021
G1 X113.541 Y101.971 E692.20167
G1 X112.562 Y101.608 E692.25363
G1 X111.548 Y101.363 E692.30554
G1 X110.511 Y101.241 E692.35751
G1 X110 Y101.226 E692.38295
G1 X109.485 Y101.241 E692.40859
G1 X108.448 Y101.362 E692.46055
G1 X107.434 Y101.608 E692.51247
G1 X106.455 Y101.971 E692.56443
G1 X105.535 Y102.443 E692.61589
G1 X104.677 Y103.02 E692.66735
G1 X103.882 Y103.706 E692.7196
G1 X103.184 Y104.474 E692.77125
G1 X102.583 Y105.309 E692.82245
G1 X102.076 Y106.23 E692.87477
G1 X101.682 Y107.193 E692.92655
G1 X101.409 Y108.194 E692.97818
G1 X101.261 Y109.216 E693.02957
G1 X101.23 Y110.253 E693.0812
G1 X101.323 Y111.299 E693.13346
G1 X101.534 Y112.316 E693.18515
G1 X101.865 Y113.291 E693.23639
G1 X102.318 Y114.238 E693.28864
G1 X102.868 Y115.108 E693.33986
G1 X103.523 Y115.915 E693.39158
G1 X104.276 Y116.645 E693.44378
G1 X105.103 Y117.281 E693.4957
G1 X105.987 Y117.803 E693.54679
G1 X106.947 Y118.224 E693.59895
G1 X107.946 Y118.528 E693.65092
G1 X108.955 Y118.712 E693.70196
G1 X110 Y118.774 E693.75406
G0 F9000 X110.199 Y118.763
G1 F1500 E687.75406
G0 F9000 X110.159 Y118.064
G0 X109.931 Y116.571
G0 X109.983 Y115.873
G1 F1500 E693.75406
G1 F1296.6 X109.102 Y115.804 E693.79803
G1 X108.27 Y115.616 E693.84048
G1 X107.457 Y115.295 E693.88398
G1 X106.679 Y114.845 E693.92871
G1 X105.995 Y114.298 E693.9723
G1 X105.405 Y113.662 E694.01547
G1 X104.917 Y112.949 E694.05847
G1 X104.53 Y112.152 E694.10256
G1 X104.269 Y111.294 E694.14719
G1 X104.139 Y110.441 E694.19013
G1 X104.141 Y109.541 E694.23492
G1 X104.274 Y108.68 E694.27827
G1 X104.527 Y107.85 E694.32146
G1 X104.91 Y107.059 E694.36519
G1 X105.397 Y106.344 E694.40824
G1 X106.011 Y105.684 E694.4531
G1 X106.694 Y105.141 E694.49653
G1 X107.445 Y104.707 E694.53969
G1 X108.271 Y104.384 E694.58383
G1 X109.135 Y104.187 E694.62793
G1 X110.007 Y104.122 E694.67145
G1 X110.871 Y104.188 E694.71457
G1 X111.739 Y104.388 E694.7589
G1 X112.555 Y104.707 E694.8025
G1 X113.302 Y105.141 E694.84549
G1 X113.991 Y105.689 E694.8893
G1 X114.587 Y106.329 E694.93283
G1 X115.086 Y107.059 E694.97683
G1 X115.469 Y107.85 E695.02057
G1 X115.731 Y108.706 E695.06512
G1 X115.855 Y109.545 E695.10732
G1 X115.857 Y110.441 E695.15191
G1 X115.724 Y111.327 E695.1965
G1 X115.474 Y112.133 E695.2385
G1 X115.079 Y112.949 E695.28361
G1 X114.592 Y113.662 E695.32658
G1 X113.985 Y114.313 E695.37088
G1 X113.298 Y114.858 E695.41452
G1 X112.543 Y115.295 E695.45793
G1 X111.726 Y115.616 E695.50162
G1 X110.885 Y115.806 E695.54452
G1 X109.983 Y115.873 E695.58953
G0 F9000 X109.784 Y115.858
G0 X109.732 Y116.556
G0 X110.726 Y116.542
;TYPE:FILL
G1 F1296.6 X110.327 Y118.029 E695.68659
G0 F9000 X112.646 Y116.033
G1 F1296.6 X113.735 Y117.122 E695.78367
G0 F9000 X115.837 Y113.037
G1 F1296.6 X117.612 Y112.561 E695.89951
G0 F9000 X117.875 Y111.589
G1 F1296.6 X116.581 Y110.295 E696.01486
G0 F9000 X116.353 Y108.551
G0 X116.121 Y107.797
G0 X115.307 Y106.098
G1 F1296.6 X116.8 Y105.697 E696.11231
G0 F9000 X113.901 Y104.693
G1 F1296.6 X114.298 Y103.208 E696.20921
G0 F9000 X109.705 Y103.419
G1 F1296.6 X108.405 Y102.119 E696.3251
G0 F9000 X107.439 Y102.38
G1 F1296.6 X106.965 Y104.148 E696.44048
G0 F9000 X105.567 Y105.223
G0 X105.031 Y105.802
G0 X103.964 Y107.352
G1 F1296.6 X102.882 Y106.269 E696.53699
G0 F9000 X103.447 Y109.275
G1 F1296.6 X101.972 Y109.671 E696.63326
G0 F9000 X104.447 Y113.545
G1 F1296.6 X103.972 Y115.318 E696.74896
G0 F9000 X104.68 Y116.026
G1 F1296.6 X106.454 Y115.551 E696.86473
G0 F9000 X106.265 Y115.879
;MESH:NONMESH
G0 F600 X106.265 Y115.879 Z16.24
G0 F9000 X108.504 Y116.336
G0 X110.059 Y116.573
G0 X110.043 Y116.347
;TIME_ELAPSED:727.187135
;LAYER:57
;note -- min layer time used
;TYPE:WALL-INNER
;MESH:guia_rocker.STL
G1 F1297.6 X109.027 Y116.273 E696.92106
G1 X108.131 Y116.07 E696.97186
G1 X107.266 Y115.73 E697.02325
G1 X106.442 Y115.258 E697.07576
G1 X105.677 Y114.654 E697.12965
G1 X105.036 Y113.962 E697.18181
G1 X104.516 Y113.203 E697.23268
G1 X104.073 Y112.286 E697.289
G1 X103.806 Y111.413 E697.33948
G1 X103.666 Y110.483 E697.39148
G1 X103.664 Y109.554 E697.44285
G1 X103.816 Y108.556 E697.49867
G1 X104.088 Y107.671 E697.54987
G1 X104.494 Y106.83 E697.6015
G1 X105.011 Y106.067 E697.65247
G1 X105.694 Y105.329 E697.70807
G1 X106.423 Y104.748 E697.75962
G1 X107.228 Y104.285 E697.81096
G1 X108.092 Y103.943 E697.86235
G1 X109.07 Y103.716 E697.91786
G1 X110.022 Y103.647 E697.97064
G1 X110.926 Y103.716 E698.02077
G1 X111.825 Y103.919 E698.07174
G1 X112.756 Y104.274 E698.12683
G1 X113.567 Y104.746 E698.17872
G1 X114.319 Y105.342 E698.23177
G1 X114.948 Y106.02 E698.28291
G1 X115.502 Y106.829 E698.33713
G1 X115.908 Y107.67 E698.38877
G1 X116.194 Y108.587 E698.44188
G1 X116.332 Y109.555 E698.49595
G1 X116.331 Y110.483 E698.54726
G1 X116.194 Y111.405 E698.59881
G1 X115.924 Y112.286 E698.64976
G1 X115.481 Y113.203 E698.70607
G1 X114.962 Y113.96 E698.75682
G1 X114.332 Y114.639 E698.80804
G1 X113.602 Y115.224 E698.85976
G1 X112.735 Y115.73 E698.91527
G1 X111.871 Y116.07 E698.96661
G1 X110.969 Y116.273 E699.01774
G1 X110.043 Y116.347 E699.0691
G0 F9000 X110.059 Y116.573
G0 X110 Y118.073
G0 X110 Y118.299
G1 F1297.6 X110.984 Y118.24 E699.12361
G1 X111.939 Y118.066 E699.17729
G1 X112.884 Y117.778 E699.23191
G1 X113.792 Y117.379 E699.28676
G1 X114.628 Y116.886 E699.34042
G1 X115.414 Y116.284 E699.39517
G1 X116.125 Y115.594 E699.44995
G1 X116.741 Y114.831 E699.50417
G1 X117.262 Y114.008 E699.55803
G1 X117.69 Y113.111 E699.61299
G1 X118.003 Y112.19 E699.66678
G1 X118.206 Y111.228 E699.72114
G1 X118.295 Y110.239 E699.77605
G1 X118.266 Y109.26 E699.83021
G1 X118.118 Y108.285 E699.88474
G1 X117.859 Y107.334 E699.93924
G1 X117.491 Y106.435 E699.99295
G1 X117.01 Y105.562 E700.04807
G1 X116.447 Y104.773 E700.10166
G1 X115.783 Y104.047 E700.15607
G1 X115.03 Y103.398 E700.21103
G1 X114.219 Y102.853 E700.26506
G1 X113.349 Y102.407 E700.31912
G1 X112.423 Y102.063 E700.37375
G1 X111.464 Y101.831 E700.4283
G1 X110.476 Y101.716 E700.4833
G1 X109.971 Y101.701 E700.51124
G1 X109.52 Y101.715 E700.53619
G1 X108.532 Y101.831 E700.5912
G1 X107.573 Y102.063 E700.64575
G1 X106.647 Y102.407 E700.70038
G1 X105.777 Y102.853 E700.75444
G1 X104.966 Y103.398 E700.80846
G1 X104.214 Y104.047 E700.86339
G1 X103.553 Y104.774 E700.91772
G1 X102.986 Y105.564 E700.97149
G1 X102.505 Y106.435 E701.02651
G1 X102.133 Y107.346 E701.08092
G1 X101.875 Y108.291 E701.13509
G1 X101.735 Y109.258 E701.18912
G1 X101.705 Y110.239 E701.24339
G1 X101.794 Y111.229 E701.29835
G1 X101.993 Y112.191 E701.35267
G1 X102.306 Y113.111 E701.4064
G1 X102.734 Y114.008 E701.46136
G1 X103.254 Y114.831 E701.51519
G1 X103.874 Y115.594 E701.56955
G1 X104.587 Y116.285 E701.62445
G1 X105.369 Y116.887 E701.67902
G1 X106.204 Y117.379 E701.73261
G1 X107.112 Y117.778 E701.78746
G1 X108.057 Y118.066 E701.84208
G1 X109.012 Y118.239 E701.89575
G1 X110 Y118.299 E701.95048
G0 F9000 X110 Y118.774
;TYPE:WALL-OUTER
G1 F1297.6 X111.041 Y118.712 E702.00238
G1 X112.05 Y118.529 E702.05341
G1 X113.049 Y118.224 E702.10539
G1 X114.009 Y117.803 E702.15756
G1 X114.894 Y117.281 E702.20869
G1 X115.724 Y116.645 E702.26073
G1 X116.477 Y115.915 E702.31292
G1 X117.128 Y115.108 E702.36452
G1 X117.678 Y114.238 E702.41574
G1 X118.131 Y113.291 E702.46799
G1 X118.462 Y112.316 E702.51923
G1 X118.677 Y111.298 E702.57101
G1 X118.77 Y110.253 E702.62322
G1 X118.739 Y109.217 E702.6748
G1 X118.583 Y108.187 E702.72664
G1 X118.31 Y107.181 E702.77851
G1 X117.92 Y106.23 E702.82967
G1 X117.413 Y105.309 E702.88199
G1 X116.816 Y104.474 E702.93307
G1 X116.114 Y103.706 E702.98485
G1 X115.319 Y103.02 E703.03711
G1 X114.461 Y102.443 E703.08856
G1 X113.541 Y101.971 E703.14002
G1 X112.562 Y101.608 E703.19198
G1 X111.548 Y101.363 E703.2439
G1 X110.511 Y101.241 E703.29586
G1 X110 Y101.226 E703.3213
G1 X109.485 Y101.241 E703.34694
G1 X108.448 Y101.362 E703.3989
G1 X107.434 Y101.608 E703.45082
G1 X106.455 Y101.971 E703.50278
G1 X105.535 Y102.443 E703.55424
G1 X104.677 Y103.02 E703.6057
G1 X103.882 Y103.706 E703.65796
G1 X103.184 Y104.474 E703.7096
G1 X102.583 Y105.309 E703.7608
G1 X102.076 Y106.23 E703.81312
G1 X101.682 Y107.193 E703.8649
G1 X101.409 Y108.194 E703.91653
G1 X101.261 Y109.216 E703.96793
G1 X101.23 Y110.253 E704.01956
G1 X101.323 Y111.299 E704.07182
G1 X101.534 Y112.316 E704.1235
G1 X101.865 Y113.291 E704.17475
G1 X102.318 Y114.238 E704.22699
G1 X102.868 Y115.108 E704.27821
G1 X103.523 Y115.915 E704.32993
G1 X104.276 Y116.645 E704.38213
G1 X105.103 Y117.281 E704.43405
G1 X105.987 Y117.803 E704.48514
G1 X106.947 Y118.224 E704.5373
G1 X107.946 Y118.528 E704.58927
G1 X108.955 Y118.712 E704.64031
G1 X110 Y118.774 E704.69241
G0 F9000 X110.199 Y118.763
G1 F1500 E698.69241
G0 F9000 X110.159 Y118.064
G0 X109.931 Y116.571
G0 X109.983 Y115.873
G1 F1500 E704.69241
G1 F1297.6 X109.102 Y115.804 E704.73639
G1 X108.27 Y115.616 E704.77883
G1 X107.457 Y115.295 E704.82233
G1 X106.679 Y114.845 E704.86706
G1 X105.995 Y114.298 E704.91065
G1 X105.405 Y113.662 E704.95382
G1 X104.917 Y112.949 E704.99682
G1 X104.53 Y112.152 E705.04091
G1 X104.269 Y111.294 E705.08554
G1 X104.139 Y110.441 E705.12848
G1 X104.141 Y109.541 E705.17327
G1 X104.274 Y108.68 E705.21662
G1 X104.527 Y107.85 E705.25981
G1 X104.91 Y107.059 E705.30354
G1 X105.397 Y106.344 E705.34659
G1 X106.011 Y105.684 E705.39146
G1 X106.694 Y105.141 E705.43488
G1 X107.445 Y104.707 E705.47804
G1 X108.271 Y104.384 E705.52218
G1 X109.135 Y104.187 E705.56628
G1 X110.007 Y104.122 E705.6098
G1 X110.871 Y104.188 E705.65292
G1 X111.739 Y104.388 E705.69725
G1 X112.555 Y104.707 E705.74085
G1 X113.302 Y105.141 E705.78384
G1 X113.991 Y105.689 E705.82766
G1 X114.587 Y106.329 E705.87118
G1 X115.086 Y107.059 E705.91518
G1 X115.469 Y107.85 E705.95892
G1 X115.731 Y108.706 E706.00347
G1 X115.855 Y109.545 E706.04568
G1 X115.857 Y110.441 E706.09027
G1 X115.724 Y111.327 E706.13485
G1 X115.474 Y112.133 E706.17685
G1 X115.079 Y112.949 E706.22196
G1 X114.592 Y113.662 E706.26493
G1 X113.985 Y114.313 E706.30923
G1 X113.298 Y114.858 E706.35287
G1 X112.543 Y115.295 E706.39628
G1 X111.726 Y115.616 E706.43997
G1 X110.885 Y115.806 E706.48287
G1 X109.983 Y115.873 E706.52789
G0 F9000 X109.784 Y115.858
G0 X109.732 Y116.556
G0 X110.516 Y116.559
;TYPE:FILL
G1 F1297.6 X110.119 Y118.042 E706.62466
G0 F9000 X112.846 Y115.953
G1 F1297.6 X113.911 Y117.018 E706.7196
G0 F9000 X115.723 Y113.272
G1 F1297.6 X117.535 Y112.787 E706.83784
G0 F9000 X117.923 Y111.357
G1 F1297.6 X116.581 Y110.015 E706.95748
G0 F9000 X116.353 Y108.551
G0 X116.121 Y107.797
G0 X115.424 Y106.271
G1 F1297.6 X116.898 Y105.876 E707.05367
G0 F9000 X113.732 Y104.559
G1 F1297.6 X114.125 Y103.091 E707.14947
G0 F9000 X109.966 Y103.4
G1 F1297.6 X108.636 Y102.07 E707.26803
G0 F9000 X107.212 Y102.464
G1 F1297.6 X106.723 Y104.288 E707.38707
G0 F9000 X105.567 Y105.223
G0 X105.031 Y105.802
G0 X104.056 Y107.163
G1 F1297.6 X102.982 Y106.089 E707.48282
G0 F9000 X103.416 Y109.489
G1 F1297.6 X101.967 Y109.877 E707.57737
G0 F9000 X104.3 Y113.329
G1 F1297.6 X103.818 Y115.128 E707.69478
G0 F9000 X104.864 Y116.182
G1 F1297.6 X106.698 Y115.691 E707.81446
G0 F9000 X106.509 Y116.019
;MESH:NONMESH
G0 F600 X106.509 Y116.019 Z16.52
G0 F9000 X110.059 Y116.573
G0 X110.043 Y116.347
;TIME_ELAPSED:739.415177
;LAYER:58
;note -- min layer time used
;TYPE:WALL-INNER
;MESH:guia_rocker.STL
G1 F1298.8 X109.027 Y116.273 E707.87078
G1 X108.131 Y116.07 E707.92158
G1 X107.266 Y115.73 E707.97298
G1 X106.442 Y115.258 E708.02549
G1 X105.677 Y114.654 E708.07938
G1 X105.036 Y113.962 E708.13154
G1 X104.516 Y113.203 E708.18241
G1 X104.073 Y112.286 E708.23873
G1 X103.806 Y111.413 E708.2892
G1 X103.666 Y110.483 E708.34121
G1 X103.664 Y109.554 E708.39258
G1 X103.816 Y108.556 E708.4484
G1 X104.088 Y107.671 E708.49959
G1 X104.494 Y106.83 E708.55123
G1 X105.011 Y106.067 E708.6022
G1 X105.694 Y105.329 E708.6578
G1 X106.423 Y104.748 E708.70934
G1 X107.228 Y104.285 E708.76069
G1 X108.092 Y103.943 E708.81207
G1 X109.07 Y103.716 E708.86759
G1 X110.022 Y103.647 E708.92037
G1 X110.926 Y103.716 E708.9705
G1 X111.825 Y103.919 E709.02146
G1 X112.756 Y104.274 E709.07656
G1 X113.567 Y104.746 E709.12844
G1 X114.319 Y105.342 E709.1815
G1 X114.948 Y106.02 E709.23264
G1 X115.502 Y106.829 E709.28686
G1 X115.908 Y107.67 E709.3385
G1 X116.194 Y108.587 E709.39161
G1 X116.332 Y109.555 E709.44568
G1 X116.331 Y110.483 E709.49699
G1 X116.194 Y111.405 E709.54853
G1 X115.924 Y112.286 E709.59948
G1 X115.481 Y113.203 E709.6558
G1 X114.962 Y113.96 E709.70655
G1 X114.332 Y114.639 E709.75777
G1 X113.602 Y115.224 E709.80949
G1 X112.735 Y115.73 E709.865
G1 X111.871 Y116.07 E709.91634
G1 X110.969 Y116.273 E709.96747
G1 X110.043 Y116.347 E710.01883
G0 F9000 X110.059 Y116.573
G0 X110 Y118.073
G0 X110 Y118.299
G1 F1298.8 X110.984 Y118.24 E710.07334
G1 X111.939 Y118.066 E710.12702
G1 X112.884 Y117.778 E710.18164
G1 X113.792 Y117.379 E710.23648
G1 X114.628 Y116.886 E710.29015
G1 X115.414 Y116.284 E710.34489
G1 X116.125 Y115.594 E710.39968
G1 X116.741 Y114.831 E710.4539
G1 X117.262 Y114.008 E710.50776
G1 X117.69 Y113.111 E710.56272
G1 X118.003 Y112.19 E710.61651
G1 X118.206 Y111.228 E710.67087
G1 X118.295 Y110.239 E710.72578
G1 X118.266 Y109.26 E710.77994
G1 X118.118 Y108.285 E710.83447
G1 X117.859 Y107.334 E710.88897
G1 X117.491 Y106.435 E710.94268
G1 X117.01 Y105.562 E710.9978
G1 X116.447 Y104.773 E711.05139
G1 X115.783 Y104.047 E711.10579
G1 X115.03 Y103.398 E711.16076
G1 X114.219 Y102.853 E711.21479
G1 X113.349 Y102.407 E711.26885
G1 X112.423 Y102.063 E711.32347
G1 X111.464 Y101.831 E711.37803
G1 X110.476 Y101.716 E711.43303
G1 X109.971 Y101.701 E711.46097
G1 X109.52 Y101.715 E711.48592
G1 X108.532 Y101.831 E711.54092
G1 X107.573 Y102.063 E711.59548
G1 X106.647 Y102.407 E711.6501
G1 X105.777 Y102.853 E711.70416
G1 X104.966 Y103.398 E711.75819
G1 X104.214 Y104.047 E711.81312
G1 X103.553 Y104.774 E711.86745
G1 X102.986 Y105.564 E711.92122
G1 X102.505 Y106.435 E711.97624
G1 X102.133 Y107.346 E712.03065
G1 X101.875 Y108.291 E712.08482
G1 X101.735 Y109.258 E712.13884
G1 X101.705 Y110.239 E712.19311
G1 X101.794 Y111.229 E712.24808
G1 X101.993 Y112.191 E712.3024
G1 X102.306 Y113.111 E712.35613
G1 X102.734 Y114.008 E712.41109
G1 X103.254 Y114.831 E712.46492
G1 X103.874 Y115.594 E712.51928
G1 X104.587 Y116.285 E712.57418
G1 X105.369 Y116.887 E712.62875
G1 X106.204 Y117.379 E712.68234
G1 X107.112 Y117.778 E712.73718
G1 X108.057 Y118.066 E712.79181
G1 X109.012 Y118.239 E712.84548
G1 X110 Y118.299 E712.90021
G0 F9000 X110 Y118.774
;TYPE:WALL-OUTER
G1 F1298.8 X111.041 Y118.712 E712.95211
G1 X112.05 Y118.529 E713.00314
G1 X113.049 Y118.224 E713.05512
G1 X114.009 Y117.803 E713.10729
G1 X114.894 Y117.281 E713.15842
G1 X115.724 Y116.645 E713.21046
G1 X116.477 Y115.915 E713.26265
G1 X117.128 Y115.108 E713.31425
G1 X117.678 Y114.238 E713.36547
G1 X118.131 Y113.291 E713.41771
G1 X118.462 Y112.316 E713.46895
G1 X118.677 Y111.298 E713.52073
G1 X118.77 Y110.253 E713.57294
G1 X118.739 Y109.217 E713.62452
G1 X118.583 Y108.187 E713.67637
G1 X118.31 Y107.181 E713.72824
G1 X117.92 Y106.23 E713.77939
G1 X117.413 Y105.309 E713.83171
G1 X116.816 Y104.474 E713.8828
G1 X116.114 Y103.706 E713.93458
G1 X115.319 Y103.02 E713.98683
G1 X114.461 Y102.443 E714.03829
G1 X113.541 Y101.971 E714.08975
G1 X112.562 Y101.608 E714.14171
G1 X111.548 Y101.363 E714.19362
G1 X110.511 Y101.241 E714.24559
G1 X110 Y101.226 E714.27103
G1 X109.485 Y101.241 E714.29667
G1 X108.448 Y101.362 E714.34862
G1 X107.434 Y101.608 E714.40055
G1 X106.455 Y101.971 E714.45251
G1 X105.535 Y102.443 E714.50397
G1 X104.677 Y103.02 E714.55543
G1 X103.882 Y103.706 E714.60768
G1 X103.184 Y104.474 E714.65933
G1 X102.583 Y105.309 E714.71053
G1 X102.076 Y106.23 E714.76285
G1 X101.682 Y107.193 E714.81463
G1 X101.409 Y108.194 E714.86626
G1 X101.261 Y109.216 E714.91765
G1 X101.23 Y110.253 E714.96928
G1 X101.323 Y111.299 E715.02154
G1 X101.534 Y112.316 E715.07323
G1 X101.865 Y113.291 E715.12447
G1 X102.318 Y114.238 E715.17672
G1 X102.868 Y115.108 E715.22794
G1 X103.523 Y115.915 E715.27966
G1 X104.276 Y116.645 E715.33186
G1 X105.103 Y117.281 E715.38377
G1 X105.987 Y117.803 E715.43486
G1 X106.947 Y118.224 E715.48703
G1 X107.946 Y118.528 E715.539
G1 X108.955 Y118.712 E715.59004
G1 X110 Y118.774 E715.64214
G0 F9000 X110.199 Y118.763
G1 F1500 E709.64214
G0 F9000 X110.159 Y118.064
G0 X109.931 Y116.571
G0 X109.983 Y115.873
G1 F1500 E715.64214
G1 F1298.8 X109.102 Y115.804 E715.68611
G1 X108.27 Y115.616 E715.72856
G1 X107.457 Y115.295 E715.77206
G1 X106.679 Y114.845 E715.81679
G1 X105.995 Y114.298 E715.86037
G1 X105.405 Y113.662 E715.90355
G1 X104.917 Y112.949 E715.94655
G1 X104.53 Y112.152 E715.99064
G1 X104.269 Y111.294 E716.03527
G1 X104.139 Y110.441 E716.07821
G1 X104.141 Y109.541 E716.123
G1 X104.274 Y108.68 E716.16635
G1 X104.527 Y107.85 E716.20953
G1 X104.91 Y107.059 E716.25327
G1 X105.397 Y106.344 E716.29632
G1 X106.011 Y105.684 E716.34118
G1 X106.694 Y105.141 E716.38461
G1 X107.445 Y104.707 E716.42777
G1 X108.271 Y104.384 E716.47191
G1 X109.135 Y104.187 E716.51601
G1 X110.007 Y104.122 E716.55953
G1 X110.871 Y104.188 E716.60265
G1 X111.739 Y104.388 E716.64698
G1 X112.534 Y104.698 E716.68944
G1 X113.302 Y105.141 E716.73356
G1 X113.991 Y105.689 E716.77738
G1 X114.587 Y106.329 E716.8209
G1 X115.086 Y107.059 E716.8649
G1 X115.469 Y107.85 E716.90864
G1 X115.731 Y108.706 E716.95319
G1 X115.855 Y109.545 E716.9954
G1 X115.857 Y110.441 E717.03999
G1 X115.724 Y111.327 E717.08457
G1 X115.474 Y112.133 E717.12657
G1 X115.079 Y112.949 E717.17168
G1 X114.592 Y113.662 E717.21465
G1 X113.985 Y114.313 E717.25895
G1 X113.298 Y114.858 E717.30259
G1 X112.543 Y115.295 E717.346
G1 X111.726 Y115.616 E717.38969
G1 X110.885 Y115.806 E717.43259
G1 X109.983 Y115.873 E717.47761
G0 F9000 X109.784 Y115.858
G0 X110.306 Y116.577
;TYPE:FILL
G1 F1298.8 X109.913 Y118.044 E717.57334
G0 F9000 X106.942 Y115.83
G1 F1298.8 X105.061 Y116.334 E717.6961
G0 F9000 X103.664 Y114.939
G1 F1298.8 X104.168 Y113.059 E717.81879
G0 F9000 X103.699 Y111.61
G0 X103.415 Y109.694
G1 F1298.8 X101.961 Y110.084 E717.91368
G0 F9000 X104.147 Y106.974
G1 F1298.8 X103.081 Y105.908 E718.00871
G0 F9000 X106.48 Y104.427
G1 F1298.8 X106.984 Y102.549 E718.13128
G0 F9000 X108.887 Y102.04
G1 F1298.8 X110.26 Y103.414 E718.25373
G0 F9000 X111.754 Y103.737
G0 X113.556 Y104.45
G1 F1298.8 X113.946 Y102.994 E718.34874
G0 F9000 X115.541 Y106.445
G1 F1298.8 X116.997 Y106.055 E718.44376
G0 F9000 X116.581 Y109.735
G1 F1298.8 X117.965 Y111.119 E718.56714
G0 F9000 X117.459 Y113.012
G1 F1298.8 X115.567 Y113.519 E718.69061
G0 F9000 X114.546 Y114.651
G0 X113.024 Y115.851
G1 F1298.8 X114.087 Y116.914 E718.78537
G0 F9000 X113.899 Y116.593
;MESH:NONMESH
G0 F600 X113.899 Y116.593 Z16.8
G0 F9000 X110.059 Y116.573
G0 X110.043 Y116.347
;TIME_ELAPSED:751.629540
;LAYER:59
;note -- min layer time used
;TYPE:WALL-INNER
;MESH:guia_rocker.STL
G1 F1300.5 X109.027 Y116.273 E718.8417
G1 X108.131 Y116.07 E718.8925
G1 X107.266 Y115.73 E718.9439
G1 X106.442 Y115.258 E718.9964
G1 X105.677 Y114.654 E719.0503
G1 X105.036 Y113.962 E719.10246
G1 X104.516 Y113.203 E719.15333
G1 X104.073 Y112.286 E719.20964
G1 X103.806 Y111.413 E719.26012
G1 X103.666 Y110.483 E719.31213
G1 X103.664 Y109.554 E719.3635
G1 X103.816 Y108.556 E719.41932
G1 X104.088 Y107.671 E719.47051
G1 X104.494 Y106.83 E719.52215
G1 X105.011 Y106.067 E719.57311
G1 X105.694 Y105.329 E719.62872
G1 X106.423 Y104.748 E719.68026
G1 X107.228 Y104.285 E719.73161
G1 X108.092 Y103.943 E719.78299
G1 X109.07 Y103.716 E719.83851
G1 X110.022 Y103.647 E719.89129
G1 X110.926 Y103.716 E719.94142
G1 X111.825 Y103.919 E719.99238
G1 X112.756 Y104.274 E720.04748
G1 X113.567 Y104.746 E720.09936
G1 X114.319 Y105.342 E720.15242
G1 X114.948 Y106.02 E720.20356
G1 X115.502 Y106.829 E720.25778
G1 X115.908 Y107.67 E720.30942
G1 X116.194 Y108.587 E720.36253
G1 X116.332 Y109.555 E720.4166
G1 X116.331 Y110.483 E720.46791
G1 X116.194 Y111.405 E720.51945
G1 X115.924 Y112.286 E720.5704
G1 X115.481 Y113.203 E720.62672
G1 X114.962 Y113.96 E720.67747
G1 X114.332 Y114.639 E720.72868
G1 X113.602 Y115.224 E720.78041
G1 X112.735 Y115.73 E720.83592
G1 X111.871 Y116.07 E720.88726
G1 X110.969 Y116.273 E720.93838
G1 X110.043 Y116.347 E720.98975
G0 F9000 X110.059 Y116.573
G0 X110 Y118.073
G0 X110 Y118.299
G1 F1300.5 X110.984 Y118.24 E721.04426
G1 X111.939 Y118.066 E721.09794
G1 X112.884 Y117.778 E721.15256
G1 X113.792 Y117.379 E721.2074
G1 X114.628 Y116.886 E721.26107
G1 X115.414 Y116.284 E721.31581
G1 X116.125 Y115.594 E721.3706
G1 X116.741 Y114.831 E721.42482
G1 X117.262 Y114.008 E721.47868
G1 X117.69 Y113.111 E721.53364
G1 X118.003 Y112.19 E721.58743
G1 X118.206 Y111.228 E721.64179
G1 X118.295 Y110.239 E721.6967
G1 X118.266 Y109.26 E721.75086
G1 X118.118 Y108.285 E721.80539
G1 X117.859 Y107.334 E721.85989
G1 X117.491 Y106.435 E721.9136
G1 X117.01 Y105.562 E721.96872
G1 X116.447 Y104.773 E722.02231
G1 X115.783 Y104.047 E722.07671
G1 X115.03 Y103.398 E722.13168
G1 X114.219 Y102.853 E722.18571
G1 X113.349 Y102.407 E722.23977
G1 X112.423 Y102.063 E722.29439
G1 X111.464 Y101.831 E722.34895
G1 X110.476 Y101.716 E722.40395
G1 X109.971 Y101.701 E722.43189
G1 X109.52 Y101.715 E722.45684
G1 X108.532 Y101.831 E722.51184
G1 X107.573 Y102.063 E722.5664
G1 X106.647 Y102.407 E722.62102
G1 X105.777 Y102.853 E722.67508
G1 X104.966 Y103.398 E722.72911
G1 X104.214 Y104.047 E722.78404
G1 X103.553 Y104.774 E722.83837
G1 X102.986 Y105.564 E722.89214
G1 X102.505 Y106.435 E722.94716
G1 X102.133 Y107.346 E723.00157
G1 X101.875 Y108.291 E723.05574
G1 X101.735 Y109.258 E723.10976
G1 X101.705 Y110.239 E723.16403
G1 X101.794 Y111.229 E723.219
G1 X101.993 Y112.191 E723.27332
G1 X102.306 Y113.111 E723.32705
G1 X102.734 Y114.008 E723.38201
G1 X103.254 Y114.831 E723.43584
G1 X103.874 Y115.594 E723.4902
G1 X104.587 Y116.285 E723.5451
G1 X105.369 Y116.887 E723.59967
G1 X106.204 Y117.379 E723.65326
G1 X107.112 Y117.778 E723.7081
G1 X108.057 Y118.066 E723.76273
G1 X109.012 Y118.239 E723.8164
G1 X110 Y118.299 E723.87113
G0 F9000 X110 Y118.774
;TYPE:WALL-OUTER
G1 F1300.5 X111.041 Y118.712 E723.92303
G1 X112.05 Y118.529 E723.97406
G1 X113.049 Y118.224 E724.02604
G1 X114.009 Y117.803 E724.07821
G1 X114.894 Y117.281 E724.12934
G1 X115.724 Y116.645 E724.18138
G1 X116.477 Y115.915 E724.23357
G1 X117.128 Y115.108 E724.28517
G1 X117.678 Y114.238 E724.33639
G1 X118.131 Y113.291 E724.38863
G1 X118.462 Y112.316 E724.43987
G1 X118.677 Y111.298 E724.49165
G1 X118.77 Y110.253 E724.54386
G1 X118.739 Y109.217 E724.59544
G1 X118.583 Y108.187 E724.64729
G1 X118.31 Y107.181 E724.69916
G1 X117.92 Y106.23 E724.75031
G1 X117.413 Y105.309 E724.80263
G1 X116.816 Y104.474 E724.85372
G1 X116.114 Y103.706 E724.9055
G1 X115.319 Y103.02 E724.95775
G1 X114.461 Y102.443 E725.00921
G1 X113.541 Y101.971 E725.06067
G1 X112.562 Y101.608 E725.11263
G1 X111.548 Y101.363 E725.16454
G1 X110.511 Y101.241 E725.21651
G1 X110 Y101.226 E725.24195
G1 X109.485 Y101.241 E725.26759
G1 X108.448 Y101.362 E725.31954
G1 X107.434 Y101.608 E725.37147
G1 X106.455 Y101.971 E725.42343
G1 X105.535 Y102.443 E725.47489
G1 X104.677 Y103.02 E725.52635
G1 X103.882 Y103.706 E725.5786
G1 X103.184 Y104.474 E725.63025
G1 X102.583 Y105.309 E725.68145
G1 X102.076 Y106.23 E725.73377
G1 X101.682 Y107.193 E725.78555
G1 X101.409 Y108.194 E725.83718
G1 X101.261 Y109.216 E725.88857
G1 X101.23 Y110.253 E725.9402
G1 X101.323 Y111.299 E725.99246
G1 X101.534 Y112.316 E726.04415
G1 X101.865 Y113.291 E726.09539
G1 X102.318 Y114.238 E726.14764
G1 X102.868 Y115.108 E726.19886
G1 X103.523 Y115.915 E726.25058
G1 X104.276 Y116.645 E726.30277
G1 X105.103 Y117.281 E726.35469
G1 X105.987 Y117.803 E726.40578
G1 X106.947 Y118.224 E726.45795
G1 X107.946 Y118.528 E726.50992
G1 X108.955 Y118.712 E726.56096
G1 X110 Y118.774 E726.61306
G0 F9000 X110.199 Y118.763
G1 F1500 E720.61306
G0 F9000 X110.159 Y118.064
G0 X109.931 Y116.571
G0 X109.983 Y115.873
G1 F1500 E726.61306
G1 F1300.5 X109.102 Y115.804 E726.65703
G1 X108.27 Y115.616 E726.69948
G1 X107.457 Y115.295 E726.74298
G1 X106.679 Y114.845 E726.78771
G1 X105.995 Y114.298 E726.83129
G1 X105.405 Y113.662 E726.87447
G1 X104.917 Y112.949 E726.91746
G1 X104.53 Y112.152 E726.96156
G1 X104.269 Y111.294 E727.00619
G1 X104.139 Y110.441 E727.04913
G1 X104.141 Y109.541 E727.09392
G1 X104.274 Y108.68 E727.13727
G1 X104.527 Y107.85 E727.18045
G1 X104.91 Y107.059 E727.22419
G1 X105.397 Y106.344 E727.26724
G1 X106.011 Y105.684 E727.3121
G1 X106.694 Y105.141 E727.35553
G1 X107.445 Y104.707 E727.39869
G1 X108.271 Y104.384 E727.44283
G1 X109.135 Y104.187 E727.48693
G1 X110.007 Y104.122 E727.53045
G1 X110.871 Y104.188 E727.57357
G1 X111.739 Y104.388 E727.6179
G1 X112.555 Y104.707 E727.6615
G1 X113.302 Y105.141 E727.70449
G1 X113.991 Y105.689 E727.7483
G1 X114.587 Y106.329 E727.79182
G1 X115.086 Y107.059 E727.83583
G1 X115.469 Y107.85 E727.87957
G1 X115.731 Y108.706 E727.92412
G1 X115.855 Y109.545 E727.96632
G1 X115.857 Y110.441 E728.01091
G1 X115.724 Y111.327 E728.0555
G1 X115.474 Y112.133 E728.09749
G1 X115.079 Y112.949 E728.14261
G1 X114.592 Y113.662 E728.18558
G1 X113.985 Y114.313 E728.22988
G1 X113.298 Y114.858 E728.27352
G1 X112.543 Y115.295 E728.31693
G1 X111.726 Y115.616 E728.36061
G1 X110.885 Y115.806 E728.40352
G1 X109.983 Y115.873 E728.44853
G0 F9000 X109.784 Y115.858
G0 X110.097 Y116.594
;TYPE:FILL
G1 F1300.5 X109.712 Y118.031 E728.54231
G0 F9000 X107.192 Y115.968
G1 F1300.5 X105.259 Y116.486 E728.66846
G0 F9000 X103.51 Y114.748
G1 F1300.5 X104.035 Y112.789 E728.79631
G0 F9000 X103.721 Y111.704
G0 X103.415 Y109.899
G1 F1300.5 X101.962 Y110.288 E728.89112
G0 F9000 X104.238 Y106.785
G1 F1300.5 X103.18 Y105.727 E728.98544
G0 F9000 X106.235 Y104.579
G1 F1300.5 X106.756 Y102.633 E729.11243
G0 F9000 X109.138 Y102.011
G1 F1300.5 X110.564 Y103.438 E729.2396
G0 F9000 X111.662 Y103.71
G0 X113.378 Y104.347
G1 F1300.5 X113.765 Y102.902 E729.33389
G0 F9000 X115.658 Y106.618
G1 F1300.5 X117.095 Y106.233 E729.42767
G0 F9000 X116.573 Y109.447
G1 F1300.5 X117.988 Y110.862 E729.55381
G0 F9000 X117.347 Y113.247
G1 F1300.5 X115.394 Y113.77 E729.68126
G0 F9000 X114.616 Y114.585
G0 X113.202 Y115.749
G1 F1300.5 X114.264 Y116.811 E729.77594
G0 F9000 X114.075 Y116.489
;MESH:NONMESH
G0 F600 X114.075 Y116.489 Z17.08
G0 F9000 X110.059 Y116.573
G0 X110.043 Y116.347
;TIME_ELAPSED:763.836719
;LAYER:60
;note -- min layer time used
;TYPE:WALL-INNER
;MESH:guia_rocker.STL
G1 F1302.8 X109.027 Y116.273 E729.83226
G1 X108.131 Y116.07 E729.88306
G1 X107.266 Y115.73 E729.93446
G1 X106.442 Y115.258 E729.98697
G1 X105.677 Y114.654 E730.04086
G1 X105.036 Y113.962 E730.09302
G1 X104.516 Y113.203 E730.14389
G1 X104.073 Y112.286 E730.20021
G1 X103.806 Y111.413 E730.25069
G1 X103.666 Y110.483 E730.30269
G1 X103.664 Y109.554 E730.35406
G1 X103.816 Y108.556 E730.40988
G1 X104.088 Y107.671 E730.46107
G1 X104.494 Y106.83 E730.51271
G1 X105.011 Y106.067 E730.56368
G1 X105.694 Y105.329 E730.61928
G1 X106.423 Y104.748 E730.67082
G1 X107.228 Y104.285 E730.72217
G1 X108.092 Y103.943 E730.77356
G1 X109.07 Y103.716 E730.82907
G1 X110.022 Y103.647 E730.88185
G1 X110.926 Y103.716 E730.93198
G1 X111.825 Y103.919 E730.98294
G1 X112.756 Y104.274 E731.03804
G1 X113.567 Y104.746 E731.08993
G1 X114.319 Y105.342 E731.14298
G1 X114.948 Y106.02 E731.19412
G1 X115.502 Y106.829 E731.24834
G1 X115.908 Y107.67 E731.29998
G1 X116.194 Y108.587 E731.35309
G1 X116.332 Y109.555 E731.40716
G1 X116.331 Y110.483 E731.45847
G1 X116.194 Y111.405 E731.51001
G1 X115.924 Y112.286 E731.56097
G1 X115.481 Y113.203 E731.61728
G1 X114.962 Y113.96 E731.66803
G1 X114.332 Y114.639 E731.71925
G1 X113.602 Y115.224 E731.77097
G1 X112.735 Y115.73 E731.82648
G1 X111.871 Y116.07 E731.87782
G1 X110.969 Y116.273 E731.92895
G1 X110.043 Y116.347 E731.98031
G0 F9000 X110.059 Y116.573
G0 X110 Y118.073
G0 X110 Y118.299
G1 F1302.8 X110.984 Y118.24 E732.03482
G1 X111.939 Y118.066 E732.0885
G1 X112.884 Y117.778 E732.14312
G1 X113.792 Y117.379 E732.19796
G1 X114.628 Y116.886 E732.25163
G1 X115.414 Y116.284 E732.30638
G1 X116.125 Y115.594 E732.36116
G1 X116.741 Y114.831 E732.41538
G1 X117.262 Y114.008 E732.46924
G1 X117.69 Y113.111 E732.5242
G1 X118.003 Y112.19 E732.57799
G1 X118.206 Y111.228 E732.63235
G1 X118.295 Y110.239 E732.68726
G1 X118.266 Y109.26 E732.74142
G1 X118.118 Y108.285 E732.79595
G1 X117.859 Y107.334 E732.85045
G1 X117.491 Y106.435 E732.90416
G1 X117.01 Y105.562 E732.95928
G1 X116.447 Y104.773 E733.01287
G1 X115.783 Y104.047 E733.06728
G1 X115.03 Y103.398 E733.12224
G1 X114.219 Y102.853 E733.17627
G1 X113.349 Y102.407 E733.23033
G1 X112.423 Y102.063 E733.28495
G1 X111.464 Y101.831 E733.33951
G1 X110.476 Y101.716 E733.39451
G1 X109.971 Y101.701 E733.42245
G1 X109.52 Y101.715 E733.4474
G1 X108.532 Y101.831 E733.50241
G1 X107.573 Y102.063 E733.55696
G1 X106.647 Y102.407 E733.61159
G1 X105.777 Y102.853 E733.66564
G1 X104.966 Y103.398 E733.71967
G1 X104.214 Y104.047 E733.7746
G1 X103.553 Y104.774 E733.82893
G1 X102.986 Y105.564 E733.8827
G1 X102.505 Y106.435 E733.93772
G1 X102.133 Y107.346 E733.99213
G1 X101.875 Y108.291 E734.0463
G1 X101.735 Y109.258 E734.10032
G1 X101.705 Y110.239 E734.15459
G1 X101.794 Y111.229 E734.20956
G1 X101.993 Y112.191 E734.26388
G1 X102.306 Y113.111 E734.31761
G1 X102.734 Y114.008 E734.37257
G1 X103.254 Y114.831 E734.4264
G1 X103.874 Y115.594 E734.48076
G1 X104.587 Y116.285 E734.53566
G1 X105.369 Y116.887 E734.59023
G1 X106.204 Y117.379 E734.64382
G1 X107.112 Y117.778 E734.69866
G1 X108.057 Y118.066 E734.75329
G1 X109.012 Y118.239 E734.80696
G1 X110 Y118.299 E734.86169
G0 F9000 X110 Y118.774
;TYPE:WALL-OUTER
G1 F1302.8 X111.041 Y118.712 E734.91359
G1 X112.05 Y118.529 E734.96462
G1 X113.049 Y118.224 E735.0166
G1 X114.009 Y117.803 E735.06877
G1 X114.894 Y117.281 E735.1199
G1 X115.724 Y116.645 E735.17194
G1 X116.477 Y115.915 E735.22413
G1 X117.128 Y115.108 E735.27573
G1 X117.678 Y114.238 E735.32695
G1 X118.131 Y113.291 E735.37919
G1 X118.462 Y112.316 E735.43044
G1 X118.677 Y111.298 E735.48221
G1 X118.77 Y110.253 E735.53442
G1 X118.739 Y109.217 E735.58601
G1 X118.583 Y108.187 E735.63785
G1 X118.31 Y107.181 E735.68972
G1 X117.92 Y106.23 E735.74087
G1 X117.413 Y105.309 E735.79319
G1 X116.816 Y104.474 E735.84428
G1 X116.114 Y103.706 E735.89606
G1 X115.319 Y103.02 E735.94831
G1 X114.461 Y102.443 E735.99977
G1 X113.541 Y101.971 E736.05123
G1 X112.562 Y101.608 E736.10319
G1 X111.548 Y101.363 E736.1551
G1 X110.511 Y101.241 E736.20707
G1 X110 Y101.226 E736.23251
G1 X109.485 Y101.241 E736.25815
G1 X108.448 Y101.362 E736.31011
G1 X107.434 Y101.608 E736.36203
G1 X106.455 Y101.971 E736.41399
G1 X105.535 Y102.443 E736.46545
G1 X104.677 Y103.02 E736.51691
G1 X103.882 Y103.706 E736.56916
G1 X103.184 Y104.474 E736.62081
G1 X102.583 Y105.309 E736.67201
G1 X102.076 Y106.23 E736.72433
G1 X101.682 Y107.193 E736.77611
G1 X101.409 Y108.194 E736.82774
G1 X101.261 Y109.216 E736.87913
G1 X101.23 Y110.253 E736.93076
G1 X101.323 Y111.299 E736.98302
G1 X101.534 Y112.316 E737.03471
G1 X101.865 Y113.291 E737.08596
G1 X102.318 Y114.238 E737.1382
G1 X102.868 Y115.108 E737.18942
G1 X103.523 Y115.915 E737.24114
G1 X104.276 Y116.645 E737.29334
G1 X105.103 Y117.281 E737.34526
G1 X105.987 Y117.803 E737.39635
G1 X106.947 Y118.224 E737.44851
G1 X107.946 Y118.528 E737.50048
G1 X108.955 Y118.712 E737.55152
G1 X110 Y118.774 E737.60362
G0 F9000 X110.199 Y118.763
G1 F1500 E731.60362
G0 F9000 X110.159 Y118.064
G0 X109.931 Y116.571
G0 X109.983 Y115.873
G1 F1500 E737.60362
G1 F1302.8 X109.102 Y115.804 E737.64759
G1 X108.27 Y115.616 E737.69004
G1 X107.457 Y115.295 E737.73354
G1 X106.679 Y114.845 E737.77827
G1 X105.995 Y114.298 E737.82186
G1 X105.405 Y113.662 E737.86503
G1 X104.917 Y112.949 E737.90803
G1 X104.53 Y112.152 E737.95212
G1 X104.269 Y111.294 E737.99675
G1 X104.139 Y110.441 E738.03969
G1 X104.141 Y109.541 E738.08448
G1 X104.274 Y108.68 E738.12783
G1 X104.527 Y107.85 E738.17102
G1 X104.91 Y107.059 E738.21475
G1 X105.397 Y106.344 E738.2578
G1 X106.011 Y105.684 E738.30266
G1 X106.694 Y105.141 E738.34609
G1 X107.445 Y104.707 E738.38925
G1 X108.271 Y104.384 E738.43339
G1 X109.101 Y104.192 E738.47579
G1 X110.007 Y104.122 E738.52101
G1 X110.871 Y104.188 E738.56413
G1 X111.739 Y104.388 E738.60846
G1 X112.555 Y104.707 E738.65206
G1 X113.302 Y105.141 E738.69505
G1 X113.991 Y105.689 E738.73887
G1 X114.587 Y106.329 E738.78239
G1 X115.086 Y107.059 E738.82639
G1 X115.469 Y107.85 E738.87013
G1 X115.731 Y108.706 E738.91468
G1 X115.855 Y109.545 E738.95689
G1 X115.857 Y110.441 E739.00148
G1 X115.724 Y111.327 E739.04606
G1 X115.474 Y112.133 E739.08806
G1 X115.079 Y112.949 E739.13317
G1 X114.592 Y113.662 E739.17614
G1 X113.985 Y114.313 E739.22044
G1 X113.298 Y114.858 E739.26408
G1 X112.543 Y115.295 E739.30749
G1 X111.726 Y115.616 E739.35118
G1 X110.885 Y115.806 E739.39408
G1 X109.983 Y115.873 E739.4391
G0 F9000 X109.784 Y115.858
G0 X109.892 Y116.593
;TYPE:FILL
G1 F1302.8 X109.51 Y118.02 E739.53222
G0 F9000 X107.502 Y116.09
G1 F1302.8 X105.457 Y116.638 E739.66567
G0 F9000 X103.363 Y114.533
G1 F1302.8 X103.902 Y112.519 E739.7971
G0 F9000 X103.416 Y110.104
G1 F1302.8 X101.979 Y110.489 E739.89087
G0 F9000 X104.343 Y106.61
G1 F1302.8 X103.295 Y105.562 E739.9843
G0 F9000 X105.974 Y104.787
G1 F1302.8 X106.519 Y102.752 E740.1171
G0 F9000 X109.388 Y101.982
G1 F1302.8 X110.867 Y103.461 E740.24895
G0 F9000 X113.201 Y104.244
G1 F1302.8 X113.585 Y102.809 E740.34259
G0 F9000 X115.761 Y106.796
G1 F1302.8 X117.193 Y106.412 E740.43604
G0 F9000 X116.523 Y109.117
G1 F1302.8 X118.011 Y110.605 E740.56869
G0 F9000 X117.235 Y113.482
G1 F1302.8 X115.222 Y114.022 E740.70007
G0 F9000 X114.998 Y114.236
G0 X113.38 Y115.647
G1 F1302.8 X114.44 Y116.707 E740.79457
G0 F9000 X114.251 Y116.385
;MESH:NONMESH
G0 F600 X114.251 Y116.385 Z17.36
G0 F9000 X110.059 Y116.573
G0 X110.043 Y116.347
;TIME_ELAPSED:776.029213
;LAYER:61
;note -- min layer time used
;TYPE:WALL-INNER
;MESH:guia_rocker.STL
G1 F1305.9 X109.027 Y116.273 E740.8509
G1 X108.131 Y116.07 E740.9017
G1 X107.266 Y115.73 E740.95309
G1 X106.442 Y115.258 E741.0056
G1 X105.677 Y114.654 E741.05949
G1 X105.036 Y113.962 E741.11165
G1 X104.516 Y113.203 E741.16253
G1 X104.073 Y112.286 E741.21884
G1 X103.806 Y111.413 E741.26932
G1 X103.666 Y110.483 E741.32132
G1 X103.664 Y109.554 E741.37269
G1 X103.816 Y108.556 E741.42851
G1 X104.088 Y107.671 E741.47971
G1 X104.494 Y106.83 E741.53135
G1 X105.011 Y106.067 E741.58231
G1 X105.694 Y105.329 E741.63791
G1 X106.423 Y104.748 E741.68946
G1 X107.228 Y104.285 E741.74081
G1 X108.092 Y103.943 E741.79219
G1 X109.07 Y103.716 E741.8477
G1 X110.022 Y103.647 E741.90048
G1 X110.926 Y103.716 E741.95061
G1 X111.825 Y103.919 E742.00158
G1 X112.756 Y104.274 E742.05667
G1 X113.567 Y104.746 E742.10856
G1 X114.319 Y105.342 E742.16162
G1 X114.948 Y106.02 E742.21275
G1 X115.502 Y106.829 E742.26697
G1 X115.908 Y107.67 E742.31861
G1 X116.194 Y108.587 E742.37172
G1 X116.332 Y109.555 E742.42579
G1 X116.331 Y110.483 E742.47711
G1 X116.194 Y111.405 E742.52865
G1 X115.924 Y112.286 E742.5796
G1 X115.481 Y113.203 E742.63591
G1 X114.962 Y113.96 E742.68666
G1 X114.332 Y114.639 E742.73788
G1 X113.602 Y115.224 E742.78961
G1 X112.735 Y115.73 E742.84511
G1 X111.871 Y116.07 E742.89646
G1 X110.969 Y116.273 E742.94758
G1 X110.043 Y116.347 E742.99895
G0 F9000 X110.059 Y116.573
G0 X110 Y118.073
G0 X110 Y118.299
G1 F1305.9 X110.984 Y118.24 E743.05345
G1 X111.939 Y118.066 E743.10713
G1 X112.884 Y117.778 E743.16176
G1 X113.792 Y117.379 E743.2166
G1 X114.628 Y116.886 E743.27026
G1 X115.414 Y116.284 E743.32501
G1 X116.125 Y115.594 E743.37979
G1 X116.741 Y114.831 E743.43402
G1 X117.262 Y114.008 E743.48788
G1 X117.69 Y113.111 E743.54283
G1 X118.003 Y112.19 E743.59662
G1 X118.206 Y111.228 E743.65099
G1 X118.295 Y110.239 E743.70589
G1 X118.266 Y109.26 E743.76005
G1 X118.118 Y108.285 E743.81458
G1 X117.859 Y107.334 E743.86908
G1 X117.491 Y106.435 E743.9228
G1 X117.01 Y105.562 E743.97791
G1 X116.447 Y104.773 E744.03151
G1 X115.783 Y104.047 E744.08591
G1 X115.03 Y103.398 E744.14088
G1 X114.219 Y102.853 E744.19491
G1 X113.349 Y102.407 E744.24896
G1 X112.423 Y102.063 E744.30359
G1 X111.464 Y101.831 E744.35814
G1 X110.476 Y101.716 E744.41314
G1 X109.971 Y101.701 E744.44108
G1 X109.52 Y101.715 E744.46603
G1 X108.532 Y101.831 E744.52104
G1 X107.573 Y102.063 E744.5756
G1 X106.647 Y102.407 E744.63022
G1 X105.777 Y102.853 E744.68428
G1 X104.966 Y103.398 E744.73831
G1 X104.214 Y104.047 E744.79323
G1 X103.553 Y104.774 E744.84756
G1 X102.986 Y105.564 E744.90133
G1 X102.505 Y106.435 E744.95635
G1 X102.133 Y107.346 E745.01076
G1 X101.875 Y108.291 E745.06493
G1 X101.735 Y109.258 E745.11896
G1 X101.705 Y110.239 E745.17323
G1 X101.794 Y111.229 E745.22819
G1 X101.993 Y112.191 E745.28251
G1 X102.306 Y113.111 E745.33624
G1 X102.734 Y114.008 E745.3912
G1 X103.254 Y114.831 E745.44503
G1 X103.874 Y115.594 E745.49939
G1 X104.587 Y116.285 E745.5543
G1 X105.369 Y116.887 E745.60887
G1 X106.204 Y117.379 E745.66246
G1 X107.112 Y117.778 E745.7173
G1 X108.057 Y118.066 E745.77192
G1 X109.012 Y118.239 E745.82559
G1 X110 Y118.299 E745.88032
G0 F9000 X110 Y118.774
;TYPE:WALL-OUTER
G1 F1305.9 X111.041 Y118.712 E745.93222
G1 X112.05 Y118.529 E745.98325
G1 X113.049 Y118.224 E746.03523
G1 X114.009 Y117.803 E746.0874
G1 X114.894 Y117.281 E746.13853
G1 X115.724 Y116.645 E746.19057
G1 X116.477 Y115.915 E746.24276
G1 X117.128 Y115.108 E746.29436
G1 X117.678 Y114.238 E746.34558
G1 X118.131 Y113.291 E746.39783
G1 X118.462 Y112.316 E746.44907
G1 X118.677 Y111.298 E746.50085
G1 X118.77 Y110.253 E746.55306
G1 X118.739 Y109.217 E746.60464
G1 X118.583 Y108.187 E746.65648
G1 X118.31 Y107.181 E746.70836
G1 X117.92 Y106.23 E746.75951
G1 X117.413 Y105.309 E746.81183
G1 X116.816 Y104.474 E746.86291
G1 X116.114 Y103.706 E746.91469
G1 X115.319 Y103.02 E746.96695
G1 X114.461 Y102.443 E747.0184
G1 X113.541 Y101.971 E747.06986
G1 X112.562 Y101.608 E747.12182
G1 X111.548 Y101.363 E747.17374
G1 X110.511 Y101.241 E747.2257
G1 X110 Y101.226 E747.25114
G1 X109.485 Y101.241 E747.27678
G1 X108.448 Y101.362 E747.32874
G1 X107.434 Y101.608 E747.38066
G1 X106.455 Y101.971 E747.43263
G1 X105.535 Y102.443 E747.48408
G1 X104.677 Y103.02 E747.53554
G1 X103.882 Y103.706 E747.5878
G1 X103.184 Y104.474 E747.63944
G1 X102.583 Y105.309 E747.69064
G1 X102.076 Y106.23 E747.74296
G1 X101.682 Y107.193 E747.79474
G1 X101.409 Y108.194 E747.84638
G1 X101.261 Y109.216 E747.89777
G1 X101.23 Y110.253 E747.9494
G1 X101.323 Y111.299 E748.00166
G1 X101.534 Y112.316 E748.05335
G1 X101.865 Y113.291 E748.10459
G1 X102.318 Y114.238 E748.15683
G1 X102.868 Y115.108 E748.20805
G1 X103.523 Y115.915 E748.25978
G1 X104.276 Y116.645 E748.31197
G1 X105.103 Y117.281 E748.36389
G1 X105.987 Y117.803 E748.41498
G1 X106.947 Y118.224 E748.46714
G1 X107.946 Y118.528 E748.51911
G1 X108.955 Y118.712 E748.57015
G1 X110 Y118.774 E748.62225
G0 F9000 X110.199 Y118.763
G1 F1500 E742.62225
G0 F9000 X110.159 Y118.064
G0 X109.931 Y116.571
G0 X109.983 Y115.873
G1 F1500 E748.62225
G1 F1305.9 X109.102 Y115.804 E748.66623
G1 X108.27 Y115.616 E748.70868
G1 X107.457 Y115.295 E748.75217
G1 X106.679 Y114.845 E748.7969
G1 X105.995 Y114.298 E748.84049
G1 X105.405 Y113.662 E748.88366
G1 X104.917 Y112.949 E748.92666
G1 X104.53 Y112.152 E748.97075
G1 X104.269 Y111.294 E749.01538
G1 X104.139 Y110.441 E749.05832
G1 X104.141 Y109.541 E749.10311
G1 X104.274 Y108.68 E749.14647
G1 X104.527 Y107.85 E749.18965
G1 X104.91 Y107.059 E749.23338
G1 X105.397 Y106.344 E749.27644
G1 X106.011 Y105.684 E749.3213
G1 X106.694 Y105.141 E749.36472
G1 X107.445 Y104.707 E749.40789
G1 X108.271 Y104.384 E749.45202
G1 X109.135 Y104.187 E749.49612
G1 X110.007 Y104.122 E749.53964
G1 X110.871 Y104.188 E749.58276
G1 X111.739 Y104.388 E749.62709
G1 X112.555 Y104.707 E749.67069
G1 X113.302 Y105.141 E749.71369
G1 X113.991 Y105.689 E749.7575
G1 X114.587 Y106.329 E749.80102
G1 X115.086 Y107.059 E749.84502
G1 X115.469 Y107.85 E749.88876
G1 X115.731 Y108.706 E749.93331
G1 X115.855 Y109.545 E749.97552
G1 X115.857 Y110.441 E750.02011
G1 X115.724 Y111.327 E750.06469
G1 X115.474 Y112.133 E750.10669
G1 X115.079 Y112.949 E750.15181
G1 X114.592 Y113.662 E750.19478
G1 X113.985 Y114.313 E750.23907
G1 X113.298 Y114.858 E750.28271
G1 X112.543 Y115.295 E750.32612
G1 X111.726 Y115.616 E750.36981
G1 X110.885 Y115.806 E750.41272
G1 X109.983 Y115.873 E750.45773
G0 F9000 X109.784 Y115.858
G0 X109.691 Y116.576
;TYPE:FILL
G1 F1305.9 X109.308 Y118.007 E750.55111
G0 F9000 X107.813 Y116.212
G1 F1305.9 X105.685 Y116.782 E750.68998
G0 F9000 X103.219 Y114.305
G1 F1305.9 X103.784 Y112.195 E750.82767
G0 F9000 X103.417 Y110.308
G1 F1305.9 X101.997 Y110.689 E750.92035
G0 F9000 X104.457 Y106.444
G1 F1305.9 X103.412 Y105.399 E751.01351
G0 F9000 X105.713 Y104.995
G1 F1305.9 X106.282 Y102.874 E751.15193
G0 F9000 X109.648 Y101.961
G1 F1305.9 X111.212 Y103.526 E751.2914
G0 F9000 X113.024 Y104.139
G1 F1305.9 X113.405 Y102.716 E751.38426
G0 F9000 X115.849 Y106.977
G1 F1305.9 X117.286 Y106.592 E751.47804
G0 F9000 X116.475 Y108.788
G1 F1305.9 X118.035 Y110.348 E751.61711
G0 F9000 X117.123 Y113.717
G1 F1305.9 X115.001 Y114.286 E751.7556
G0 F9000 X113.559 Y115.545
G1 F1305.9 X114.603 Y116.59 E751.84871
G0 F9000 X114.378 Y116.293
;MESH:NONMESH
G0 F600 X114.378 Y116.293 Z17.64
G0 F9000 X110.059 Y116.573
G0 X110.043 Y116.347
;TIME_ELAPSED:788.196987
;LAYER:62
;note -- min layer time used
;TYPE:WALL-INNER
;MESH:guia_rocker.STL
G1 F1309.5 X109.027 Y116.273 E751.90504
G1 X108.131 Y116.07 E751.95584
G1 X107.266 Y115.73 E752.00723
G1 X106.442 Y115.258 E752.05974
G1 X105.677 Y114.654 E752.11364
G1 X105.036 Y113.962 E752.1658
G1 X104.516 Y113.203 E752.21667
G1 X104.073 Y112.286 E752.27298
G1 X103.806 Y111.413 E752.32346
G1 X103.666 Y110.483 E752.37547
G1 X103.664 Y109.554 E752.42683
G1 X103.816 Y108.556 E752.48266
G1 X104.088 Y107.671 E752.53385
G1 X104.494 Y106.83 E752.58549
G1 X105.011 Y106.067 E752.63645
G1 X105.694 Y105.329 E752.69205
G1 X106.423 Y104.748 E752.7436
G1 X107.228 Y104.285 E752.79495
G1 X108.092 Y103.943 E752.84633
G1 X109.07 Y103.716 E752.90185
G1 X110.022 Y103.647 E752.95463
G1 X110.926 Y103.716 E753.00476
G1 X111.825 Y103.919 E753.05572
G1 X112.756 Y104.274 E753.11082
G1 X113.567 Y104.746 E753.1627
G1 X114.319 Y105.342 E753.21576
G1 X114.948 Y106.02 E753.2669
G1 X115.502 Y106.829 E753.32112
G1 X115.908 Y107.67 E753.37275
G1 X116.194 Y108.587 E753.42587
G1 X116.332 Y109.555 E753.47993
G1 X116.331 Y110.483 E753.53125
G1 X116.194 Y111.405 E753.58279
G1 X115.924 Y112.286 E753.63374
G1 X115.481 Y113.203 E753.69005
G1 X114.962 Y113.96 E753.74081
G1 X114.332 Y114.639 E753.79202
G1 X113.602 Y115.224 E753.84375
G1 X112.735 Y115.73 E753.89926
G1 X111.871 Y116.07 E753.9506
G1 X110.969 Y116.273 E754.00172
G1 X110.043 Y116.347 E754.05309
G0 F9000 X110.059 Y116.573
G0 X110 Y118.073
G0 X110 Y118.299
G1 F1309.5 X110.984 Y118.24 E754.1076
G1 X111.939 Y118.066 E754.16127
G1 X112.884 Y117.778 E754.2159
G1 X113.792 Y117.379 E754.27074
G1 X114.628 Y116.886 E754.32441
G1 X115.414 Y116.284 E754.37915
G1 X116.125 Y115.594 E754.43394
G1 X116.741 Y114.831 E754.48816
G1 X117.262 Y114.008 E754.54202
G1 X117.69 Y113.111 E754.59698
G1 X118.003 Y112.19 E754.65076
G1 X118.206 Y111.228 E754.70513
G1 X118.295 Y110.239 E754.76004
G1 X118.266 Y109.26 E754.81419
G1 X118.118 Y108.285 E754.86872
G1 X117.859 Y107.334 E754.92322
G1 X117.491 Y106.435 E754.97694
G1 X117.01 Y105.562 E755.03205
G1 X116.447 Y104.773 E755.08565
G1 X115.783 Y104.047 E755.14005
G1 X115.03 Y103.398 E755.19502
G1 X114.219 Y102.853 E755.24905
G1 X113.349 Y102.407 E755.30311
G1 X112.423 Y102.063 E755.35773
G1 X111.464 Y101.831 E755.41229
G1 X110.476 Y101.716 E755.46729
G1 X109.971 Y101.701 E755.49522
G1 X109.52 Y101.715 E755.52017
G1 X108.532 Y101.831 E755.57518
G1 X107.573 Y102.063 E755.62974
G1 X106.647 Y102.407 E755.68436
G1 X105.777 Y102.853 E755.73842
G1 X104.966 Y103.398 E755.79245
G1 X104.214 Y104.047 E755.84738
G1 X103.553 Y104.774 E755.90171
G1 X102.986 Y105.564 E755.95548
G1 X102.505 Y106.435 E756.01049
G1 X102.133 Y107.346 E756.06491
G1 X101.875 Y108.291 E756.11907
G1 X101.735 Y109.258 E756.1731
G1 X101.705 Y110.239 E756.22737
G1 X101.794 Y111.229 E756.28233
G1 X101.993 Y112.191 E756.33665
G1 X102.306 Y113.111 E756.39039
G1 X102.734 Y114.008 E756.44534
G1 X103.254 Y114.831 E756.49917
G1 X103.874 Y115.594 E756.55354
G1 X104.587 Y116.285 E756.60844
G1 X105.369 Y116.887 E756.66301
G1 X106.204 Y117.379 E756.7166
G1 X107.112 Y117.778 E756.77144
G1 X108.057 Y118.066 E756.82607
G1 X109.012 Y118.239 E756.87973
G1 X110 Y118.299 E756.93447
G0 F9000 X110 Y118.774
;TYPE:WALL-OUTER
G1 F1309.5 X111.041 Y118.712 E756.98636
G1 X112.05 Y118.529 E757.0374
G1 X113.049 Y118.224 E757.08938
G1 X114.009 Y117.803 E757.14154
G1 X114.894 Y117.281 E757.19268
G1 X115.724 Y116.645 E757.24471
G1 X116.477 Y115.915 E757.29691
G1 X117.128 Y115.108 E757.34851
G1 X117.678 Y114.238 E757.39973
G1 X118.131 Y113.291 E757.45197
G1 X118.462 Y112.316 E757.50321
G1 X118.677 Y111.298 E757.55499
G1 X118.77 Y110.253 E757.6072
G1 X118.739 Y109.217 E757.65878
G1 X118.583 Y108.187 E757.71062
G1 X118.31 Y107.181 E757.7625
G1 X117.92 Y106.23 E757.81365
G1 X117.413 Y105.309 E757.86597
G1 X116.816 Y104.474 E757.91705
G1 X116.114 Y103.706 E757.96883
G1 X115.319 Y103.02 E758.02109
G1 X114.461 Y102.443 E758.07255
G1 X113.541 Y101.971 E758.124
G1 X112.562 Y101.608 E758.17597
G1 X111.548 Y101.363 E758.22788
G1 X110.511 Y101.241 E758.27984
G1 X110 Y101.226 E758.30528
G1 X109.485 Y101.241 E758.33092
G1 X108.448 Y101.362 E758.38288
G1 X107.434 Y101.608 E758.43481
G1 X106.455 Y101.971 E758.48677
G1 X105.535 Y102.443 E758.53823
G1 X104.677 Y103.02 E758.58968
G1 X103.882 Y103.706 E758.64194
G1 X103.184 Y104.474 E758.69359
G1 X102.583 Y105.309 E758.74479
G1 X102.076 Y106.23 E758.79711
G1 X101.682 Y107.193 E758.84889
G1 X101.409 Y108.194 E758.90052
G1 X101.261 Y109.216 E758.95191
G1 X101.23 Y110.253 E759.00354
G1 X101.323 Y111.299 E759.0558
G1 X101.534 Y112.316 E759.10749
G1 X101.865 Y113.291 E759.15873
G1 X102.318 Y114.238 E759.21097
G1 X102.868 Y115.108 E759.2622
G1 X103.523 Y115.915 E759.31392
G1 X104.276 Y116.645 E759.36611
G1 X105.103 Y117.281 E759.41803
G1 X105.987 Y117.803 E759.46912
G1 X106.947 Y118.224 E759.52129
G1 X107.946 Y118.528 E759.57326
G1 X108.955 Y118.712 E759.6243
G1 X110 Y118.774 E759.67639
G0 F9000 X110.199 Y118.763
G1 F1500 E753.67639
G0 F9000 X110.159 Y118.064
G0 X109.931 Y116.571
G0 X109.983 Y115.873
G1 F1500 E759.67639
G1 F1309.5 X109.102 Y115.804 E759.72037
G1 X108.27 Y115.616 E759.76282
G1 X107.457 Y115.295 E759.80632
G1 X106.679 Y114.845 E759.85105
G1 X105.995 Y114.298 E759.89463
G1 X105.405 Y113.662 E759.9378
G1 X104.917 Y112.949 E759.9808
G1 X104.53 Y112.152 E760.02489
G1 X104.269 Y111.294 E760.06952
G1 X104.139 Y110.441 E760.11246
G1 X104.141 Y109.541 E760.15725
G1 X104.274 Y108.68 E760.20061
G1 X104.527 Y107.85 E760.24379
G1 X104.91 Y107.059 E760.28753
G1 X105.397 Y106.344 E760.33058
G1 X106.011 Y105.684 E760.37544
G1 X106.694 Y105.141 E760.41886
G1 X107.445 Y104.707 E760.46203
G1 X108.271 Y104.384 E760.50617
G1 X109.135 Y104.187 E760.55027
G1 X110.007 Y104.122 E760.59378
G1 X110.871 Y104.188 E760.63691
G1 X111.739 Y104.388 E760.68123
G1 X112.555 Y104.707 E760.72484
G1 X113.302 Y105.141 E760.76783
G1 X113.991 Y105.689 E760.81164
G1 X114.587 Y106.329 E760.85516
G1 X115.086 Y107.059 E760.89917
G1 X115.469 Y107.85 E760.9429
G1 X115.731 Y108.706 E760.98745
G1 X115.855 Y109.545 E761.02966
G1 X115.857 Y110.441 E761.07425
G1 X115.724 Y111.327 E761.11884
G1 X115.474 Y112.133 E761.16083
G1 X115.079 Y112.949 E761.20595
G1 X114.592 Y113.662 E761.24892
G1 X113.985 Y114.313 E761.29321
G1 X113.298 Y114.858 E761.33685
G1 X112.543 Y115.295 E761.38027
G1 X111.726 Y115.616 E761.42395
G1 X110.885 Y115.806 E761.46686
G1 X109.983 Y115.873 E761.51187
G0 F9000 X109.784 Y115.858
G0 X109.491 Y116.56
;TYPE:FILL
G1 F1309.5 X109.106 Y117.995 E761.60553
G0 F9000 X108.146 Y116.328
G1 F1309.5 X105.922 Y116.923 E761.75065
G0 F9000 X103.075 Y114.078
G1 F1309.5 X103.676 Y111.835 E761.89703
G0 F9000 X103.418 Y110.513
G1 F1309.5 X102.014 Y110.889 E761.98865
G0 F9000 X104.57 Y106.277
G1 F1309.5 X103.529 Y105.236 E762.08145
G0 F9000 X105.445 Y105.233
G1 F1309.5 X106.044 Y102.996 E762.22743
G0 F9000 X109.919 Y101.953
G1 F1309.5 X111.573 Y103.607 E762.37488
G0 F9000 X112.846 Y104.04
G1 F1309.5 X113.224 Y102.628 E762.46702
G0 F9000 X115.937 Y107.159
G1 F1309.5 X117.362 Y106.777 E762.56002
G0 F9000 X116.41 Y108.444
G1 F1309.5 X118.04 Y110.074 E762.70533
G0 F9000 X116.998 Y113.956
G1 F1309.5 X114.748 Y114.559 E762.85217
G0 F9000 X113.734 Y115.441
G1 F1309.5 X114.762 Y116.469 E762.94381
G0 F9000 X114.537 Y116.172
;MESH:NONMESH
G0 F600 X114.537 Y116.172 Z17.92
G0 F9000 X110.059 Y116.573
G0 X110.043 Y116.347
;TIME_ELAPSED:800.332839
;LAYER:63
;note -- min layer time used
;TYPE:WALL-INNER
;MESH:guia_rocker.STL
G1 F1370.8 X109.027 Y116.273 E763.00014
G1 X108.131 Y116.07 E763.05094
G1 X107.266 Y115.73 E763.10233
G1 X106.442 Y115.258 E763.15484
G1 X105.677 Y114.654 E763.20873
G1 X105.036 Y113.962 E763.26089
G1 X104.516 Y113.203 E763.31177
G1 X104.073 Y112.286 E763.36808
G1 X103.806 Y111.413 E763.41856
G1 X103.666 Y110.483 E763.47056
G1 X103.664 Y109.554 E763.52193
G1 X103.816 Y108.556 E763.57775
G1 X104.088 Y107.671 E763.62895
G1 X104.494 Y106.83 E763.68059
G1 X105.011 Y106.067 E763.73155
G1 X105.694 Y105.329 E763.78715
G1 X106.423 Y104.748 E763.8387
G1 X107.228 Y104.285 E763.89005
G1 X108.092 Y103.943 E763.94143
G1 X109.07 Y103.716 E763.99694
G1 X110.022 Y103.647 E764.04972
G1 X110.926 Y103.716 E764.09985
G1 X111.825 Y103.919 E764.15082
G1 X112.756 Y104.274 E764.20591
G1 X113.567 Y104.746 E764.2578
G1 X114.319 Y105.342 E764.31086
G1 X114.948 Y106.02 E764.36199
G1 X115.502 Y106.829 E764.41621
G1 X115.908 Y107.67 E764.46785
G1 X116.194 Y108.587 E764.52096
G1 X116.332 Y109.555 E764.57503
G1 X116.331 Y110.483 E764.62635
G1 X116.194 Y111.405 E764.67789
G1 X115.924 Y112.286 E764.72884
G1 X115.481 Y113.203 E764.78515
G1 X114.962 Y113.96 E764.8359
G1 X114.332 Y114.639 E764.88712
G1 X113.602 Y115.224 E764.93885
G1 X112.735 Y115.73 E764.99435
G1 X111.871 Y116.07 E765.0457
G1 X110.969 Y116.273 E765.09682
G1 X110.043 Y116.347 E765.14819
G0 F9000 X110.059 Y116.573
G0 X110 Y118.073
G0 X110 Y118.299
G1 F1370.8 X110.984 Y118.24 E765.20269
G1 X111.939 Y118.066 E765.25637
G1 X112.884 Y117.778 E765.311
G1 X113.792 Y117.379 E765.36584
G1 X114.628 Y116.886 E765.4195
G1 X115.414 Y116.284 E765.47425
G1 X116.125 Y115.594 E765.52903
G1 X116.741 Y114.831 E765.58326
G1 X117.262 Y114.008 E765.63712
G1 X117.69 Y113.111 E765.69207
G1 X118.003 Y112.19 E765.74586
G1 X118.206 Y111.228 E765.80023
G1 X118.295 Y110.239 E765.85513
G1 X118.266 Y109.26 E765.90929
G1 X118.118 Y108.285 E765.96382
G1 X117.859 Y107.334 E766.01832
G1 X117.491 Y106.435 E766.07204
G1 X117.01 Y105.562 E766.12715
G1 X116.447 Y104.773 E766.18075
G1 X115.783 Y104.047 E766.23515
G1 X115.03 Y103.398 E766.29012
G1 X114.219 Y102.853 E766.34415
G1 X113.349 Y102.407 E766.3982
G1 X112.423 Y102.063 E766.45283
G1 X111.464 Y101.831 E766.50738
G1 X110.476 Y101.716 E766.56238
G1 X109.971 Y101.701 E766.59032
G1 X109.52 Y101.715 E766.61527
G1 X108.532 Y101.831 E766.67028
G1 X107.573 Y102.063 E766.72484
G1 X106.647 Y102.407 E766.77946
G1 X105.777 Y102.853 E766.83352
G1 X104.966 Y103.398 E766.88755
G1 X104.214 Y104.047 E766.94247
G1 X103.553 Y104.774 E766.9968
G1 X102.986 Y105.564 E767.05057
G1 X102.505 Y106.435 E767.10559
G1 X102.133 Y107.346 E767.16
G1 X101.875 Y108.291 E767.21417
G1 X101.735 Y109.258 E767.2682
G1 X101.705 Y110.239 E767.32247
G1 X101.794 Y111.229 E767.37743
G1 X101.993 Y112.191 E767.43175
G1 X102.306 Y113.111 E767.48548
G1 X102.734 Y114.008 E767.54044
G1 X103.254 Y114.831 E767.59427
G1 X103.874 Y115.594 E767.64863
G1 X104.587 Y116.285 E767.70354
G1 X105.369 Y116.887 E767.75811
G1 X106.204 Y117.379 E767.8117
G1 X107.112 Y117.778 E767.86654
G1 X108.057 Y118.066 E767.92116
G1 X109.012 Y118.239 E767.97483
G1 X110 Y118.299 E768.02956
G0 F9000 X110 Y118.774
;TYPE:WALL-OUTER
G1 F1370.8 X111.041 Y118.712 E768.08146
G1 X112.05 Y118.529 E768.13249
G1 X113.049 Y118.224 E768.18447
G1 X114.009 Y117.803 E768.23664
G1 X114.894 Y117.281 E768.28777
G1 X115.724 Y116.645 E768.33981
G1 X116.477 Y115.915 E768.392
G1 X117.128 Y115.108 E768.4436
G1 X117.678 Y114.238 E768.49482
G1 X118.131 Y113.291 E768.54707
G1 X118.462 Y112.316 E768.59831
G1 X118.677 Y111.298 E768.65009
G1 X118.77 Y110.253 E768.7023
G1 X118.739 Y109.217 E768.75388
G1 X118.583 Y108.187 E768.80572
G1 X118.31 Y107.181 E768.8576
G1 X117.92 Y106.23 E768.90875
G1 X117.413 Y105.309 E768.96107
G1 X116.816 Y104.474 E769.01215
G1 X116.114 Y103.706 E769.06393
G1 X115.319 Y103.02 E769.11619
G1 X114.461 Y102.443 E769.16764
G1 X113.541 Y101.971 E769.2191
G1 X112.562 Y101.608 E769.27106
G1 X111.548 Y101.363 E769.32298
G1 X110.511 Y101.241 E769.37494
G1 X110 Y101.226 E769.40038
G1 X109.485 Y101.241 E769.42602
G1 X108.448 Y101.362 E769.47798
G1 X107.434 Y101.608 E769.5299
G1 X106.455 Y101.971 E769.58187
G1 X105.535 Y102.443 E769.63332
G1 X104.677 Y103.02 E769.68478
G1 X103.882 Y103.706 E769.73704
G1 X103.184 Y104.474 E769.78868
G1 X102.583 Y105.309 E769.83988
G1 X102.076 Y106.23 E769.8922
G1 X101.682 Y107.193 E769.94398
G1 X101.409 Y108.194 E769.99562
G1 X101.261 Y109.216 E770.04701
G1 X101.23 Y110.253 E770.09864
G1 X101.323 Y111.299 E770.1509
G1 X101.534 Y112.316 E770.20259
G1 X101.865 Y113.291 E770.25383
G1 X102.318 Y114.238 E770.30607
G1 X102.868 Y115.108 E770.35729
G1 X103.523 Y115.915 E770.40902
G1 X104.276 Y116.645 E770.46121
G1 X105.103 Y117.281 E770.51313
G1 X105.987 Y117.803 E770.56422
G1 X106.947 Y118.224 E770.61638
G1 X107.946 Y118.528 E770.66835
G1 X108.955 Y118.712 E770.71939
G1 X110 Y118.774 E770.77149
G0 F9000 X110.199 Y118.763
G1 F1500 E764.77149
G0 F9000 X110.159 Y118.064
G0 X109.931 Y116.571
G0 X109.983 Y115.873
G1 F1500 E770.77149
G1 F1370.8 X109.102 Y115.804 E770.81547
G1 X108.27 Y115.616 E770.85792
G1 X107.457 Y115.295 E770.90141
G1 X106.679 Y114.845 E770.94614
G1 X105.995 Y114.298 E770.98973
G1 X105.405 Y113.662 E771.0329
G1 X104.917 Y112.949 E771.0759
G1 X104.53 Y112.152 E771.11999
G1 X104.269 Y111.294 E771.16462
G1 X104.139 Y110.441 E771.20756
G1 X104.141 Y109.541 E771.25235
G1 X104.274 Y108.68 E771.29571
G1 X104.527 Y107.85 E771.33889
G1 X104.91 Y107.059 E771.38262
G1 X105.397 Y106.344 E771.42568
G1 X106.011 Y105.684 E771.47054
G1 X106.694 Y105.141 E771.51396
G1 X107.445 Y104.707 E771.55713
G1 X108.271 Y104.384 E771.60126
G1 X109.135 Y104.187 E771.64536
G1 X110.007 Y104.122 E771.68888
G1 X110.871 Y104.188 E771.732
G1 X111.739 Y104.388 E771.77633
G1 X112.555 Y104.707 E771.81993
G1 X113.302 Y105.141 E771.86293
G1 X113.991 Y105.689 E771.90674
G1 X114.587 Y106.329 E771.95026
G1 X115.086 Y107.059 E771.99426
G1 X115.469 Y107.85 E772.038
G1 X115.731 Y108.706 E772.08255
G1 X115.855 Y109.545 E772.12476
G1 X115.857 Y110.441 E772.16935
G1 X115.724 Y111.327 E772.21393
G1 X115.474 Y112.133 E772.25593
G1 X115.079 Y112.949 E772.30105
G1 X114.592 Y113.662 E772.34401
G1 X113.985 Y114.313 E772.38831
G1 X113.298 Y114.858 E772.43195
G1 X112.543 Y115.295 E772.47536
G1 X111.726 Y115.616 E772.51905
G1 X110.885 Y115.806 E772.56196
G1 X109.983 Y115.873 E772.60697
G0 F9000 X109.784 Y115.858
G0 X109.29 Y116.544
;TYPE:FILL
G1 F1370.8 X108.909 Y117.967 E772.69983
G0 F9000 X108.558 Y116.422
G1 F1370.8 X106.161 Y117.064 E772.85625
G0 F9000 X105.677 Y116.777
G1 F1370.8 X103.24 Y114.341 E773.07346
G0 F9000 X102.932 Y113.844
G1 F1370.8 X103.567 Y111.475 E773.22806
G0 F9000 X103.448 Y110.71
G1 F1370.8 X102.033 Y111.089 E773.3204
G0 F9000 X104.684 Y106.111
G1 F1370.8 X103.646 Y105.073 E773.41294
G0 F9000 X105.158 Y105.539
G1 F1370.8 X105.801 Y103.137 E773.56968
G0 F9000 X106.303 Y102.864
G1 F1370.8 X109.677 Y101.96 E773.78987
G0 F9000 X110.204 Y101.958
G1 F1370.8 X111.934 Y103.688 E773.94409
G0 F9000 X112.66 Y103.967
G1 F1370.8 X113.037 Y102.559 E774.03597
G0 F9000 X116.025 Y107.34
G1 F1370.8 X117.437 Y106.962 E774.12811
G0 F9000 X116.284 Y108.038
G1 F1370.8 X118.032 Y109.785 E774.2839
G0 F9000 X118.035 Y110.336
G1 F1370.8 X117.136 Y113.691 E774.50285
G0 F9000 X116.842 Y114.202
G1 F1370.8 X114.487 Y114.833 E774.65653
G0 F9000 X113.889 Y115.316
G1 F1370.8 X114.92 Y116.347 E774.74844
G0 F9000 X114.695 Y116.051
;MESH:NONMESH
G0 F600 X114.695 Y116.051 Z18.2
G0 F9000 X110.059 Y116.573
G0 X110.043 Y116.347
;TIME_ELAPSED:812.351177
;LAYER:64
;note -- min layer time used
;TYPE:WALL-INNER
;MESH:guia_rocker.STL
G1 F1405.8 X109.027 Y116.273 E774.80477
G1 X108.131 Y116.07 E774.85557
G1 X107.266 Y115.73 E774.90696
G1 X106.442 Y115.258 E774.95947
G1 X105.677 Y114.654 E775.01337
G1 X105.036 Y113.962 E775.06553
G1 X104.516 Y113.203 E775.1164
G1 X104.073 Y112.286 E775.17271
G1 X103.806 Y111.413 E775.22319
G1 X103.666 Y110.483 E775.2752
G1 X103.664 Y109.554 E775.32656
G1 X103.816 Y108.556 E775.38239
G1 X104.088 Y107.671 E775.43358
G1 X104.494 Y106.83 E775.48522
G1 X105.011 Y106.067 E775.53618
G1 X105.694 Y105.329 E775.59178
G1 X106.423 Y104.748 E775.64333
G1 X107.228 Y104.285 E775.69468
G1 X108.092 Y103.943 E775.74606
G1 X109.07 Y103.716 E775.80158
G1 X110.022 Y103.647 E775.85436
G1 X110.926 Y103.716 E775.90449
G1 X111.825 Y103.919 E775.95545
G1 X112.756 Y104.274 E776.01055
G1 X113.567 Y104.746 E776.06243
G1 X114.319 Y105.342 E776.11549
G1 X114.948 Y106.02 E776.16663
G1 X115.502 Y106.829 E776.22085
G1 X115.908 Y107.67 E776.27248
G1 X116.194 Y108.587 E776.3256
G1 X116.332 Y109.555 E776.37967
G1 X116.331 Y110.483 E776.43098
G1 X116.194 Y111.405 E776.48252
G1 X115.924 Y112.286 E776.53347
G1 X115.481 Y113.203 E776.58978
G1 X114.962 Y113.96 E776.64054
G1 X114.332 Y114.639 E776.69175
G1 X113.602 Y115.224 E776.74348
G1 X112.735 Y115.73 E776.79899
G1 X111.871 Y116.07 E776.85033
G1 X110.969 Y116.273 E776.90145
G1 X110.043 Y116.347 E776.95282
G0 F9000 X110.059 Y116.573
G0 X110 Y118.073
G0 X110 Y118.299
G1 F1405.8 X110.984 Y118.24 E777.00733
G1 X111.939 Y118.066 E777.061
G1 X112.884 Y117.778 E777.11563
G1 X113.792 Y117.379 E777.17047
G1 X114.628 Y116.886 E777.22414
G1 X115.414 Y116.284 E777.27888
G1 X116.125 Y115.594 E777.33367
G1 X116.741 Y114.831 E777.38789
G1 X117.262 Y114.008 E777.44175
G1 X117.69 Y113.111 E777.49671
G1 X118.003 Y112.19 E777.55049
G1 X118.206 Y111.228 E777.60486
G1 X118.295 Y110.239 E777.65977
G1 X118.266 Y109.26 E777.71392
G1 X118.118 Y108.285 E777.76845
G1 X117.859 Y107.334 E777.82296
G1 X117.491 Y106.435 E777.87667
G1 X117.01 Y105.562 E777.93178
G1 X116.447 Y104.773 E777.98538
G1 X115.783 Y104.047 E778.03978
G1 X115.03 Y103.398 E778.09475
G1 X114.219 Y102.853 E778.14878
G1 X113.349 Y102.407 E778.20284
G1 X112.423 Y102.063 E778.25746
G1 X111.464 Y101.831 E778.31202
G1 X110.476 Y101.716 E778.36702
G1 X109.971 Y101.701 E778.39496
G1 X109.52 Y101.715 E778.41991
G1 X108.532 Y101.831 E778.47491
G1 X107.573 Y102.063 E778.52947
G1 X106.647 Y102.407 E778.58409
G1 X105.777 Y102.853 E778.63815
G1 X104.966 Y103.398 E778.69218
G1 X104.214 Y104.047 E778.74711
G1 X103.553 Y104.774 E778.80144
G1 X102.986 Y105.564 E778.85521
G1 X102.505 Y106.435 E778.91023
G1 X102.133 Y107.346 E778.96464
G1 X101.875 Y108.291 E779.0188
G1 X101.735 Y109.258 E779.07283
G1 X101.705 Y110.239 E779.1271
G1 X101.794 Y111.229 E779.18206
G1 X101.993 Y112.191 E779.23638
G1 X102.306 Y113.111 E779.29012
G1 X102.734 Y114.008 E779.34507
G1 X103.254 Y114.831 E779.39891
G1 X103.874 Y115.594 E779.45327
G1 X104.587 Y116.285 E779.50817
G1 X105.369 Y116.887 E779.56274
G1 X106.204 Y117.379 E779.61633
G1 X107.112 Y117.778 E779.67117
G1 X108.057 Y118.066 E779.7258
G1 X109.012 Y118.239 E779.77946
G1 X110 Y118.299 E779.8342
G0 F9000 X110 Y118.774
;TYPE:WALL-OUTER
G1 F1405.8 X111.041 Y118.712 E779.88609
G1 X112.05 Y118.529 E779.93713
G1 X113.049 Y118.224 E779.98911
G1 X114.009 Y117.803 E780.04127
G1 X114.894 Y117.281 E780.09241
G1 X115.724 Y116.645 E780.14445
G1 X116.477 Y115.915 E780.19664
G1 X117.128 Y115.108 E780.24824
G1 X117.678 Y114.238 E780.29946
G1 X118.131 Y113.291 E780.3517
G1 X118.462 Y112.316 E780.40294
G1 X118.677 Y111.298 E780.45472
G1 X118.77 Y110.253 E780.50693
G1 X118.739 Y109.217 E780.55851
G1 X118.583 Y108.187 E780.61035
G1 X118.31 Y107.181 E780.66223
G1 X117.92 Y106.23 E780.71338
G1 X117.413 Y105.309 E780.7657
G1 X116.816 Y104.474 E780.81678
G1 X116.114 Y103.706 E780.86856
G1 X115.319 Y103.02 E780.92082
G1 X114.461 Y102.443 E780.97228
G1 X113.541 Y101.971 E781.02374
G1 X112.562 Y101.608 E781.0757
G1 X111.548 Y101.363 E781.12761
G1 X110.511 Y101.241 E781.17957
G1 X110 Y101.226 E781.20502
G1 X109.485 Y101.241 E781.23066
G1 X108.448 Y101.362 E781.28261
G1 X107.434 Y101.608 E781.33454
G1 X106.455 Y101.971 E781.3865
G1 X105.535 Y102.443 E781.43796
G1 X104.677 Y103.02 E781.48941
G1 X103.882 Y103.706 E781.54167
G1 X103.184 Y104.474 E781.59332
G1 X102.583 Y105.309 E781.64452
G1 X102.076 Y106.23 E781.69684
G1 X101.682 Y107.193 E781.74862
G1 X101.409 Y108.194 E781.80025
G1 X101.261 Y109.216 E781.85164
G1 X101.23 Y110.253 E781.90327
G1 X101.323 Y111.299 E781.95553
G1 X101.534 Y112.316 E782.00722
G1 X101.865 Y113.291 E782.05846
G1 X102.318 Y114.238 E782.1107
G1 X102.868 Y115.108 E782.16193
G1 X103.523 Y115.915 E782.21365
G1 X104.276 Y116.645 E782.26584
G1 X105.103 Y117.281 E782.31776
G1 X105.987 Y117.803 E782.36885
G1 X106.947 Y118.224 E782.42102
G1 X107.946 Y118.528 E782.47299
G1 X108.955 Y118.712 E782.52403
G1 X110 Y118.774 E782.57612
G0 F9000 X110.199 Y118.763
G1 F1500 E776.57612
G0 F9000 X110.159 Y118.064
G0 X109.931 Y116.571
G0 X109.983 Y115.873
G1 F1500 E782.57612
G1 F1405.8 X109.102 Y115.804 E782.6201
G1 X108.27 Y115.616 E782.66255
G1 X107.457 Y115.295 E782.70605
G1 X106.679 Y114.845 E782.75078
G1 X105.995 Y114.298 E782.79436
G1 X105.405 Y113.662 E782.83753
G1 X104.917 Y112.949 E782.88053
G1 X104.53 Y112.152 E782.92462
G1 X104.269 Y111.294 E782.96925
G1 X104.139 Y110.441 E783.01219
G1 X104.141 Y109.541 E783.05698
G1 X104.274 Y108.68 E783.10034
G1 X104.527 Y107.85 E783.14352
G1 X104.91 Y107.059 E783.18726
G1 X105.397 Y106.344 E783.23031
G1 X106.011 Y105.684 E783.27517
G1 X106.694 Y105.141 E783.31859
G1 X107.445 Y104.707 E783.36176
G1 X108.271 Y104.384 E783.4059
G1 X109.135 Y104.187 E783.45
G1 X110.007 Y104.122 E783.49351
G1 X110.871 Y104.188 E783.53664
G1 X111.739 Y104.388 E783.58096
G1 X112.555 Y104.707 E783.62457
G1 X113.302 Y105.141 E783.66756
G1 X113.991 Y105.689 E783.71137
G1 X114.587 Y106.329 E783.75489
G1 X115.086 Y107.059 E783.7989
G1 X115.469 Y107.85 E783.84263
G1 X115.731 Y108.706 E783.88718
G1 X115.855 Y109.545 E783.92939
G1 X115.857 Y110.441 E783.97398
G1 X115.724 Y111.327 E784.01857
G1 X115.474 Y112.133 E784.06056
G1 X115.079 Y112.949 E784.10568
G1 X114.592 Y113.662 E784.14865
G1 X113.985 Y114.313 E784.19294
G1 X113.298 Y114.858 E784.23658
G1 X112.543 Y115.295 E784.28
G1 X111.726 Y115.616 E784.32368
G1 X110.885 Y115.806 E784.36659
G1 X109.983 Y115.873 E784.4116
G0 F9000 X109.784 Y115.858
G0 X109.089 Y116.528
;TYPE:FILL
G1 F1405.8 X108.713 Y117.932 E784.50322
G0 F9000 X108.971 Y116.516
G1 F1405.8 X106.417 Y117.201 E784.66991
G1 X106.351 Y117.171
G1 X102.848 Y113.668 E784.98219
G1 X102.801 Y113.569
G1 X103.491 Y110.994 E785.15023
G1 X103.478 Y110.907
G1 X102.061 Y111.287 E785.24271
G0 F9000 X104.798 Y105.945
G1 F1405.8 X103.764 Y104.911 E785.33489
G0 F9000 X104.871 Y105.845
G1 F1405.8 X105.551 Y103.305 E785.50064
G1 X105.639 Y103.247
G1 X110.426 Y101.964 E785.81305
G1 X110.495 Y101.969
G1 X112.389 Y103.863 E785.98189
G1 X112.474 Y103.896
G1 X112.851 Y102.49 E786.07365
G0 F9000 X116.113 Y107.521
G1 F1405.8 X117.514 Y107.146 E786.16507
G0 F9000 X116.159 Y107.632
G1 F1405.8 X118.022 Y109.496 E786.3312
G1 X118.026 Y109.606
G1 X116.759 Y114.334 E786.63975
G1 X116.686 Y114.449
G1 X114.106 Y115.141 E786.80813
G1 X114.044 Y115.191
G1 X115.079 Y116.226 E786.9004
G0 F9000 X114.854 Y115.93
;MESH:NONMESH
G0 F600 X114.854 Y115.93 Z18.48
G0 F9000 X110.059 Y116.573
G0 X110.043 Y116.347
;TIME_ELAPSED:823.894029
;LAYER:65
;note -- min layer time used
;TYPE:WALL-INNER
;MESH:guia_rocker.STL
G1 F1469.6 X109.027 Y116.273 E786.95673
G1 X108.131 Y116.07 E787.00753
G1 X107.266 Y115.73 E787.05892
G1 X106.442 Y115.258 E787.11143
G1 X105.677 Y114.654 E787.16532
G1 X105.036 Y113.962 E787.21748
G1 X104.516 Y113.203 E787.26835
G1 X104.073 Y112.286 E787.32467
G1 X103.806 Y111.413 E787.37515
G1 X103.666 Y110.483 E787.42715
G1 X103.664 Y109.554 E787.47852
G1 X103.816 Y108.556 E787.53434
G1 X104.088 Y107.671 E787.58553
G1 X104.494 Y106.83 E787.63717
G1 X105.011 Y106.067 E787.68814
G1 X105.694 Y105.329 E787.74374
G1 X106.423 Y104.748 E787.79528
G1 X107.228 Y104.285 E787.84663
G1 X108.092 Y103.943 E787.89802
G1 X109.07 Y103.716 E787.95353
G1 X110.022 Y103.647 E788.00631
G1 X110.926 Y103.716 E788.05644
G1 X111.825 Y103.919 E788.1074
G1 X112.756 Y104.274 E788.1625
G1 X113.567 Y104.746 E788.21439
G1 X114.319 Y105.342 E788.26744
G1 X114.948 Y106.02 E788.31858
G1 X115.502 Y106.829 E788.3728
G1 X115.908 Y107.67 E788.42444
G1 X116.194 Y108.587 E788.47755
G1 X116.332 Y109.555 E788.53162
G1 X116.331 Y110.483 E788.58293
G1 X116.194 Y111.405 E788.63447
G1 X115.924 Y112.286 E788.68543
G1 X115.481 Y113.203 E788.74174
G1 X114.962 Y113.96 E788.79249
G1 X114.332 Y114.639 E788.84371
G1 X113.602 Y115.224 E788.89543
G1 X112.735 Y115.73 E788.95094
G1 X111.871 Y116.07 E789.00228
G1 X110.969 Y116.273 E789.05341
G1 X110.043 Y116.347 E789.10477
G0 F9000 X110.059 Y116.573
G0 X110 Y118.073
G0 X110 Y118.299
G1 F1469.6 X110.984 Y118.24 E789.15928
G1 X111.939 Y118.066 E789.21296
G1 X112.884 Y117.778 E789.26758
G1 X113.792 Y117.379 E789.32243
G1 X114.628 Y116.886 E789.37609
G1 X115.414 Y116.284 E789.43084
G1 X116.125 Y115.594 E789.48562
G1 X116.741 Y114.831 E789.53984
G1 X117.262 Y114.008 E789.5937
G1 X117.69 Y113.111 E789.64866
G1 X118.003 Y112.19 E789.70245
G1 X118.206 Y111.228 E789.75681
G1 X118.295 Y110.239 E789.81172
G1 X118.266 Y109.26 E789.86588
G1 X118.118 Y108.285 E789.92041
G1 X117.859 Y107.334 E789.97491
G1 X117.491 Y106.435 E790.02862
G1 X117.01 Y105.562 E790.08374
G1 X116.447 Y104.773 E790.13733
G1 X115.783 Y104.047 E790.19174
G1 X115.03 Y103.398 E790.2467
G1 X114.219 Y102.853 E790.30073
G1 X113.349 Y102.407 E790.35479
G1 X112.423 Y102.063 E790.40942
G1 X111.464 Y101.831 E790.46397
G1 X110.476 Y101.716 E790.51897
G1 X109.971 Y101.701 E790.54691
G1 X109.52 Y101.715 E790.57186
G1 X108.532 Y101.831 E790.62687
G1 X107.573 Y102.063 E790.68142
G1 X106.647 Y102.407 E790.73605
G1 X105.777 Y102.853 E790.79011
G1 X104.966 Y103.398 E790.84413
G1 X104.214 Y104.047 E790.89906
G1 X103.553 Y104.774 E790.95339
G1 X102.986 Y105.564 E791.00716
G1 X102.505 Y106.435 E791.06218
G1 X102.133 Y107.346 E791.11659
G1 X101.875 Y108.291 E791.17076
G1 X101.735 Y109.258 E791.22479
G1 X101.705 Y110.239 E791.27905
G1 X101.794 Y111.229 E791.33402
G1 X101.993 Y112.191 E791.38834
G1 X102.306 Y113.111 E791.44207
G1 X102.734 Y114.008 E791.49703
G1 X103.254 Y114.831 E791.55086
G1 X103.874 Y115.594 E791.60522
G1 X104.587 Y116.285 E791.66012
G1 X105.369 Y116.887 E791.71469
G1 X106.204 Y117.379 E791.76828
G1 X107.112 Y117.778 E791.82313
G1 X108.057 Y118.066 E791.87775
G1 X109.012 Y118.239 E791.93142
G1 X110 Y118.299 E791.98615
G0 F9000 X110 Y118.774
;TYPE:WALL-OUTER
G1 F1469.6 X111.041 Y118.712 E792.03805
G1 X112.05 Y118.529 E792.08908
G1 X113.049 Y118.224 E792.14106
G1 X114.009 Y117.803 E792.19323
G1 X114.894 Y117.281 E792.24436
G1 X115.724 Y116.645 E792.2964
G1 X116.477 Y115.915 E792.34859
G1 X117.128 Y115.108 E792.40019
G1 X117.678 Y114.238 E792.45141
G1 X118.131 Y113.291 E792.50366
G1 X118.462 Y112.316 E792.5549
G1 X118.677 Y111.298 E792.60668
G1 X118.77 Y110.253 E792.65889
G1 X118.739 Y109.217 E792.71047
G1 X118.583 Y108.187 E792.76231
G1 X118.31 Y107.181 E792.81418
G1 X117.92 Y106.23 E792.86534
G1 X117.413 Y105.309 E792.91766
G1 X116.816 Y104.474 E792.96874
G1 X116.114 Y103.706 E793.02052
G1 X115.319 Y103.02 E793.07278
G1 X114.461 Y102.443 E793.12423
G1 X113.541 Y101.971 E793.17569
G1 X112.562 Y101.608 E793.22765
G1 X111.548 Y101.363 E793.27957
G1 X110.511 Y101.241 E793.33153
G1 X110 Y101.226 E793.35697
G1 X109.485 Y101.241 E793.38261
G1 X108.448 Y101.362 E793.43457
G1 X107.434 Y101.608 E793.48649
G1 X106.455 Y101.971 E793.53845
G1 X105.535 Y102.443 E793.58991
G1 X104.677 Y103.02 E793.64137
G1 X103.882 Y103.706 E793.69362
G1 X103.184 Y104.474 E793.74527
G1 X102.583 Y105.309 E793.79647
G1 X102.076 Y106.23 E793.84879
G1 X101.682 Y107.193 E793.90057
G1 X101.409 Y108.194 E793.9522
G1 X101.261 Y109.216 E794.0036
G1 X101.23 Y110.253 E794.05523
G1 X101.323 Y111.299 E794.10749
G1 X101.534 Y112.316 E794.15917
G1 X101.865 Y113.291 E794.21042
G1 X102.318 Y114.238 E794.26266
G1 X102.868 Y115.108 E794.31388
G1 X103.523 Y115.915 E794.3656
G1 X104.276 Y116.645 E794.4178
G1 X105.103 Y117.281 E794.46972
G1 X105.987 Y117.803 E794.52081
G1 X106.947 Y118.224 E794.57297
G1 X107.946 Y118.528 E794.62494
G1 X108.955 Y118.712 E794.67598
G1 X110 Y118.774 E794.72808
G0 F9000 X110.199 Y118.763
G1 F1500 E788.72808
G0 F9000 X110.159 Y118.064
G0 X109.931 Y116.571
G0 X109.983 Y115.873
G1 F1500 E794.72808
G1 F1469.6 X109.102 Y115.804 E794.77206
G1 X108.27 Y115.616 E794.8145
G1 X107.457 Y115.295 E794.858
G1 X106.679 Y114.845 E794.90273
G1 X105.995 Y114.298 E794.94632
G1 X105.405 Y113.662 E794.98949
G1 X104.917 Y112.949 E795.03249
G1 X104.53 Y112.152 E795.07658
G1 X104.269 Y111.294 E795.12121
G1 X104.139 Y110.441 E795.16415
G1 X104.141 Y109.541 E795.20894
G1 X104.274 Y108.68 E795.25229
G1 X104.527 Y107.85 E795.29548
G1 X104.91 Y107.059 E795.33921
G1 X105.397 Y106.344 E795.38226
G1 X106.011 Y105.684 E795.42712
G1 X106.694 Y105.141 E795.47055
G1 X107.445 Y104.707 E795.51371
G1 X108.271 Y104.384 E795.55785
G1 X109.135 Y104.187 E795.60195
G1 X110.007 Y104.122 E795.64547
G1 X110.871 Y104.188 E795.68859
G1 X111.739 Y104.388 E795.73292
G1 X112.555 Y104.707 E795.77652
G1 X113.302 Y105.141 E795.81951
G1 X113.991 Y105.689 E795.86332
G1 X114.587 Y106.329 E795.90685
G1 X115.086 Y107.059 E795.95085
G1 X115.469 Y107.85 E795.99459
G1 X115.731 Y108.706 E796.03914
G1 X115.855 Y109.545 E796.08134
G1 X115.857 Y110.441 E796.12593
G1 X115.724 Y111.327 E796.17052
G1 X115.474 Y112.133 E796.21252
G1 X115.079 Y112.949 E796.25763
G1 X114.592 Y113.662 E796.3006
G1 X113.985 Y114.313 E796.3449
G1 X113.298 Y114.858 E796.38854
G1 X112.543 Y115.295 E796.43195
G1 X111.726 Y115.616 E796.47564
G1 X110.885 Y115.806 E796.51854
G1 X109.983 Y115.873 E796.56356
G0 F9000 X109.784 Y115.858
G0 X109.552 Y116.566
;TYPE:FILL
G1 F1469.6 X106.707 Y117.328 E796.74922
G1 X106.85 Y117.39
G1 X102.593 Y113.133 E797.12871
G1 X102.67 Y113.294
G1 X103.417 Y110.505 E797.31072
G0 F9000 X103.507 Y111.104
G1 F1469.6 X102.101 Y111.481 E797.40248
G0 F9000 X104.537 Y106.327
G1 F1469.6 X105.301 Y103.473 E797.58872
G1 X105.133 Y103.587
G1 X110.966 Y102.024 E797.96938
G1 X110.813 Y102.007
G1 X112.849 Y104.042 E798.15084
G0 F9000 X112.289 Y103.823
G1 F1469.6 X112.665 Y102.421 E798.24234
G0 F9000 X115.912 Y107.106
G1 F1469.6 X118.003 Y109.197 E798.42874
G1 X117.977 Y109.023
G1 X116.421 Y114.829 E798.80765
G1 X116.527 Y114.697
G1 X113.724 Y115.448 E798.99057
G0 F9000 X114.199 Y115.066
G1 F1469.6 X115.238 Y116.105 E799.08319
G0 F9000 X110.524 Y116.476
G0 X108.893 Y116.498
G1 F1469.6 X108.518 Y117.896 E799.17443
G0 F9000 X104.905 Y114.063
G0 X104.356 Y113.258
G0 X103.934 Y112.38
G0 X103.647 Y111.449
G0 X103.502 Y110.486
G0 X103.502 Y109.514
G0 X103.647 Y108.551
G0 X103.934 Y107.62
G0 X104.054 Y107.371
G0 X104.923 Y105.79
G1 F1469.6 X103.898 Y104.765 E799.26581
G0 F9000 X109.03 Y103.556
G0 X110 Y103.483
G0 X110.97 Y103.556
G0 X111.92 Y103.773
G0 X112.827 Y104.129
G0 X113.671 Y104.615
G0 X114.433 Y105.223
G0 X115.095 Y105.937
G0 X115.407 Y106.393
G0 X116.182 Y107.708
G1 F1469.6 X117.59 Y107.331 E799.35769
G0 F9000 X117.239 Y107.471
;MESH:NONMESH
G0 F600 X117.239 Y107.471 Z18.76
G0 F9000 X116.353 Y111.449
G0 X116.066 Y112.38
G0 X115.644 Y113.258
G0 X115.095 Y114.063
G0 X114.433 Y114.777
G0 X113.671 Y115.385
G0 X112.827 Y115.871
G0 X111.92 Y116.227
G0 X111.65 Y116.289
G0 X110.059 Y116.573
G0 X110.043 Y116.347
;TIME_ELAPSED:836.199417
;LAYER:66
;note -- min layer time used
;TYPE:WALL-INNER
;MESH:guia_rocker.STL
G1 F1509.5 X109.027 Y116.273 E799.41402
G1 X108.131 Y116.07 E799.46482
G1 X107.266 Y115.73 E799.51621
G1 X106.442 Y115.258 E799.56872
G1 X105.677 Y114.654 E799.62262
G1 X105.036 Y113.962 E799.67477
G1 X104.516 Y113.203 E799.72565
G1 X104.073 Y112.286 E799.78196
G1 X103.806 Y111.413 E799.83244
G1 X103.666 Y110.483 E799.88444
G1 X103.664 Y109.554 E799.93581
G1 X103.816 Y108.556 E799.99163
G1 X104.088 Y107.671 E800.04283
G1 X104.494 Y106.83 E800.09447
G1 X105.011 Y106.067 E800.14543
G1 X105.694 Y105.329 E800.20103
G1 X106.423 Y104.748 E800.25258
G1 X107.228 Y104.285 E800.30393
G1 X108.092 Y103.943 E800.35531
G1 X109.07 Y103.716 E800.41083
G1 X110.022 Y103.647 E800.4636
G1 X110.926 Y103.716 E800.51374
G1 X111.825 Y103.919 E800.5647
G1 X112.756 Y104.274 E800.61979
G1 X113.567 Y104.746 E800.67168
G1 X114.319 Y105.342 E800.72474
G1 X114.948 Y106.02 E800.77588
G1 X115.502 Y106.829 E800.83009
G1 X115.908 Y107.67 E800.88173
G1 X116.194 Y108.587 E800.93485
G1 X116.332 Y109.555 E800.98891
G1 X116.331 Y110.483 E801.04023
G1 X116.194 Y111.405 E801.09177
G1 X115.924 Y112.286 E801.14272
G1 X115.481 Y113.203 E801.19903
G1 X114.962 Y113.96 E801.24978
G1 X114.332 Y114.639 E801.301
G1 X113.602 Y115.224 E801.35273
G1 X112.735 Y115.73 E801.40824
G1 X111.871 Y116.07 E801.45958
G1 X110.969 Y116.273 E801.5107
G1 X110.043 Y116.347 E801.56207
G0 F9000 X110.059 Y116.573
G0 X110 Y118.073
G0 X110 Y118.299
G1 F1509.5 X110.984 Y118.24 E801.61658
G1 X111.939 Y118.066 E801.67025
G1 X112.884 Y117.778 E801.72488
G1 X113.792 Y117.379 E801.77972
G1 X114.628 Y116.886 E801.83339
G1 X115.414 Y116.284 E801.88813
G1 X116.125 Y115.594 E801.94291
G1 X116.741 Y114.831 E801.99714
G1 X117.262 Y114.008 E802.051
G1 X117.69 Y113.111 E802.10595
G1 X118.003 Y112.19 E802.15974
G1 X118.206 Y111.228 E802.21411
G1 X118.295 Y110.239 E802.26901
G1 X118.266 Y109.26 E802.32317
G1 X118.118 Y108.285 E802.3777
G1 X117.859 Y107.334 E802.4322
G1 X117.491 Y106.435 E802.48592
G1 X117.01 Y105.562 E802.54103
G1 X116.447 Y104.773 E802.59463
G1 X115.783 Y104.047 E802.64903
G1 X115.03 Y103.398 E802.704
G1 X114.219 Y102.853 E802.75803
G1 X113.349 Y102.407 E802.81209
G1 X112.423 Y102.063 E802.86671
G1 X111.464 Y101.831 E802.92127
G1 X110.476 Y101.716 E802.97627
G1 X109.971 Y101.701 E803.0042
G1 X109.52 Y101.715 E803.02915
G1 X108.532 Y101.831 E803.08416
G1 X107.573 Y102.063 E803.13872
G1 X106.647 Y102.407 E803.19334
G1 X105.777 Y102.853 E803.2474
G1 X104.966 Y103.398 E803.30143
G1 X104.214 Y104.047 E803.35635
G1 X103.553 Y104.774 E803.41069
G1 X102.986 Y105.564 E803.46446
G1 X102.505 Y106.435 E803.51947
G1 X102.133 Y107.346 E803.57389
G1 X101.875 Y108.291 E803.62805
G1 X101.735 Y109.258 E803.68208
G1 X101.705 Y110.239 E803.73635
G1 X101.794 Y111.229 E803.79131
G1 X101.993 Y112.191 E803.84563
G1 X102.306 Y113.111 E803.89937
G1 X102.734 Y114.008 E803.95432
G1 X103.254 Y114.831 E804.00815
G1 X103.874 Y115.594 E804.06252
G1 X104.587 Y116.285 E804.11742
G1 X105.369 Y116.887 E804.17199
G1 X106.204 Y117.379 E804.22558
G1 X107.112 Y117.778 E804.28042
G1 X108.057 Y118.066 E804.33505
G1 X109.012 Y118.239 E804.38871
G1 X110 Y118.299 E804.44344
G0 F9000 X110 Y118.774
;TYPE:WALL-OUTER
G1 F1509.5 X111.041 Y118.712 E804.49534
G1 X112.05 Y118.529 E804.54637
G1 X113.049 Y118.224 E804.59836
G1 X114.009 Y117.803 E804.65052
G1 X114.894 Y117.281 E804.70166
G1 X115.724 Y116.645 E804.75369
G1 X116.477 Y115.915 E804.80589
G1 X117.128 Y115.108 E804.85748
G1 X117.678 Y114.238 E804.90871
G1 X118.131 Y113.291 E804.96095
G1 X118.462 Y112.316 E805.01219
G1 X118.677 Y111.298 E805.06397
G1 X118.77 Y110.253 E805.11618
G1 X118.739 Y109.217 E805.16776
G1 X118.583 Y108.187 E805.2196
G1 X118.31 Y107.181 E805.27148
G1 X117.92 Y106.23 E805.32263
G1 X117.413 Y105.309 E805.37495
G1 X116.816 Y104.474 E805.42603
G1 X116.114 Y103.706 E805.47781
G1 X115.319 Y103.02 E805.53007
G1 X114.461 Y102.443 E805.58153
G1 X113.541 Y101.971 E805.63298
G1 X112.562 Y101.608 E805.68494
G1 X111.548 Y101.363 E805.73686
G1 X110.511 Y101.241 E805.78882
G1 X110 Y101.226 E805.81426
G1 X109.485 Y101.241 E805.8399
G1 X108.448 Y101.362 E805.89186
G1 X107.434 Y101.608 E805.94379
G1 X106.455 Y101.971 E805.99575
G1 X105.535 Y102.443 E806.04721
G1 X104.677 Y103.02 E806.09866
G1 X103.882 Y103.706 E806.15092
G1 X103.184 Y104.474 E806.20257
G1 X102.583 Y105.309 E806.25376
G1 X102.076 Y106.23 E806.30608
G1 X101.682 Y107.193 E806.35786
G1 X101.409 Y108.194 E806.4095
G1 X101.261 Y109.216 E806.46089
G1 X101.23 Y110.253 E806.51252
G1 X101.323 Y111.299 E806.56478
G1 X101.534 Y112.316 E806.61647
G1 X101.865 Y113.291 E806.66771
G1 X102.318 Y114.238 E806.71995
G1 X102.868 Y115.108 E806.77117
G1 X103.523 Y115.915 E806.8229
G1 X104.276 Y116.645 E806.87509
G1 X105.103 Y117.281 E806.92701
G1 X105.987 Y117.803 E806.9781
G1 X106.947 Y118.224 E807.03027
G1 X107.946 Y118.528 E807.08223
G1 X108.955 Y118.712 E807.13327
G1 X110 Y118.774 E807.18537
G0 F9000 X110.199 Y118.763
G1 F1500 E801.18537
G0 F9000 X110.159 Y118.064
G0 X109.931 Y116.571
G0 X109.983 Y115.873
G1 F1500 E807.18537
G1 F1509.5 X109.102 Y115.804 E807.22935
G1 X108.27 Y115.616 E807.2718
G1 X107.457 Y115.295 E807.3153
G1 X106.679 Y114.845 E807.36002
G1 X105.995 Y114.298 E807.40361
G1 X105.405 Y113.662 E807.44678
G1 X104.917 Y112.949 E807.48978
G1 X104.53 Y112.152 E807.53387
G1 X104.269 Y111.294 E807.5785
G1 X104.139 Y110.441 E807.62144
G1 X104.141 Y109.541 E807.66623
G1 X104.274 Y108.68 E807.70959
G1 X104.52 Y107.87 E807.75172
G1 X104.91 Y107.059 E807.7965
G1 X105.397 Y106.344 E807.83955
G1 X106.011 Y105.684 E807.88441
G1 X106.694 Y105.141 E807.92784
G1 X107.445 Y104.707 E807.971
G1 X108.271 Y104.384 E808.01514
G1 X109.135 Y104.187 E808.05924
G1 X110.007 Y104.122 E808.10276
G1 X110.871 Y104.188 E808.14588
G1 X111.739 Y104.388 E808.19021
G1 X112.555 Y104.707 E808.23381
G1 X113.302 Y105.141 E808.2768
G1 X113.991 Y105.689 E808.32061
G1 X114.587 Y106.329 E808.36413
G1 X115.086 Y107.059 E808.40814
G1 X115.469 Y107.85 E808.45188
G1 X115.731 Y108.706 E808.49643
G1 X115.855 Y109.545 E808.53863
G1 X115.857 Y110.441 E808.58322
G1 X115.724 Y111.327 E808.62781
G1 X115.474 Y112.133 E808.66981
G1 X115.079 Y112.949 E808.71492
G1 X114.592 Y113.662 E808.75789
G1 X113.985 Y114.313 E808.80219
G1 X113.298 Y114.858 E808.84583
G1 X112.543 Y115.295 E808.88924
G1 X111.726 Y115.616 E808.93292
G1 X110.885 Y115.806 E808.97583
G1 X109.983 Y115.873 E809.02084
G0 F9000 X109.784 Y115.858
G0 X110.261 Y116.581
;TYPE:FILL
G1 F1509.5 X106.997 Y117.455 E809.23384
G0 F9000 X107.321 Y117.581
G1 F1509.5 X102.426 Y112.686 E809.67022
G0 F9000 X102.539 Y113.018
G1 F1509.5 X103.415 Y109.749 E809.88355
G0 F9000 X103.537 Y111.301
G1 F1509.5 X102.141 Y111.675 E809.97465
G0 F9000 X104.172 Y106.921
G1 F1509.5 X105.047 Y103.658 E810.18761
G0 F9000 X104.783 Y103.886
G1 F1509.5 X111.479 Y102.092 E810.62459
G0 F9000 X111.13 Y102.044
G1 F1509.5 X113.512 Y104.426 E810.83693
G0 F9000 X112.103 Y103.751
G1 F1509.5 X112.478 Y102.352 E810.92823
G0 F9000 X115.563 Y106.477
G1 F1509.5 X117.954 Y108.868 E811.14138
G0 F9000 X117.903 Y108.535
G1 F1509.5 X116.114 Y115.209 E811.57694
G0 F9000 X116.317 Y114.958
G1 F1509.5 X113.058 Y115.831 E811.78962
G0 F9000 X114.354 Y114.941
G1 F1509.5 X115.381 Y115.968 E811.88117
G0 F9000 X110 Y116.517
G0 X108.699 Y116.454
G1 F1509.5 X108.323 Y117.86 E811.97292
G0 F9000 X104.905 Y114.063
G0 X104.356 Y113.258
G0 X103.934 Y112.38
G0 X103.647 Y111.449
G0 X103.502 Y110.486
G0 X103.502 Y109.514
G0 X103.647 Y108.551
G0 X103.934 Y107.62
G0 X104.276 Y106.909
G0 X105.058 Y105.645
G1 F1509.5 X104.031 Y104.618 E812.06447
G0 F9000 X109.03 Y103.556
G0 X110 Y103.483
G0 X110.97 Y103.556
G0 X111.92 Y103.773
G0 X112.827 Y104.129
G0 X113.671 Y104.615
G0 X114.433 Y105.223
G0 X115.095 Y105.937
G0 X115.407 Y106.393
G0 X116.241 Y107.897
G1 F1509.5 X117.652 Y107.519 E812.15655
G0 F9000 X117.288 Y107.618
;MESH:NONMESH
G0 F600 X117.288 Y107.618 Z19.04
G0 F9000 X116.353 Y111.449
G0 X116.066 Y112.38
G0 X115.644 Y113.258
G0 X115.095 Y114.063
G0 X114.433 Y114.777
G0 X113.671 Y115.385
G0 X112.827 Y115.871
G0 X111.92 Y116.227
G0 X111.65 Y116.289
G0 X110.059 Y116.573
G0 X110.043 Y116.347
;TIME_ELAPSED:848.733672
;LAYER:67
;note -- min layer time used
;TYPE:WALL-INNER
;MESH:guia_rocker.STL
G1 F1552.3 X109.027 Y116.273 E812.21288
G1 X108.131 Y116.07 E812.26368
G1 X107.266 Y115.73 E812.31507
G1 X106.442 Y115.258 E812.36758
G1 X105.677 Y114.654 E812.42148
G1 X105.036 Y113.962 E812.47363
G1 X104.516 Y113.203 E812.52451
G1 X104.073 Y112.286 E812.58082
G1 X103.806 Y111.413 E812.6313
G1 X103.666 Y110.483 E812.6833
G1 X103.664 Y109.554 E812.73467
G1 X103.816 Y108.556 E812.79049
G1 X104.088 Y107.671 E812.84169
G1 X104.494 Y106.83 E812.89333
G1 X105.011 Y106.067 E812.94429
G1 X105.694 Y105.329 E812.99989
G1 X106.423 Y104.748 E813.05144
G1 X107.228 Y104.285 E813.10279
G1 X108.092 Y103.943 E813.15417
G1 X109.07 Y103.716 E813.20969
G1 X110.022 Y103.647 E813.26246
G1 X110.926 Y103.716 E813.3126
G1 X111.825 Y103.919 E813.36356
G1 X112.756 Y104.274 E813.41865
G1 X113.567 Y104.746 E813.47054
G1 X114.319 Y105.342 E813.5236
G1 X114.948 Y106.02 E813.57474
G1 X115.502 Y106.829 E813.62895
G1 X115.908 Y107.67 E813.68059
G1 X116.194 Y108.587 E813.73371
G1 X116.332 Y109.555 E813.78777
G1 X116.331 Y110.483 E813.83909
G1 X116.194 Y111.405 E813.89063
G1 X115.924 Y112.286 E813.94158
G1 X115.481 Y113.203 E813.99789
G1 X114.962 Y113.96 E814.04864
G1 X114.332 Y114.639 E814.09986
G1 X113.602 Y115.224 E814.15159
G1 X112.735 Y115.73 E814.2071
G1 X111.871 Y116.07 E814.25844
G1 X110.969 Y116.273 E814.30956
G1 X110.043 Y116.347 E814.36093
G0 F9000 X110.059 Y116.573
G0 X110 Y118.073
G0 X110 Y118.299
G1 F1552.3 X110.984 Y118.24 E814.41543
G1 X111.939 Y118.066 E814.46911
G1 X112.884 Y117.778 E814.52374
G1 X113.792 Y117.379 E814.57858
G1 X114.628 Y116.886 E814.63224
G1 X115.414 Y116.284 E814.68699
G1 X116.125 Y115.594 E814.74177
G1 X116.741 Y114.831 E814.796
G1 X117.262 Y114.008 E814.84986
G1 X117.69 Y113.111 E814.90481
G1 X118.003 Y112.19 E814.9586
G1 X118.206 Y111.228 E815.01297
G1 X118.295 Y110.239 E815.06787
G1 X118.266 Y109.26 E815.12203
G1 X118.118 Y108.285 E815.17656
G1 X117.859 Y107.334 E815.23106
G1 X117.491 Y106.435 E815.28478
G1 X117.01 Y105.562 E815.33989
G1 X116.447 Y104.773 E815.39349
G1 X115.783 Y104.047 E815.44789
G1 X115.03 Y103.398 E815.50286
G1 X114.219 Y102.853 E815.55689
G1 X113.349 Y102.407 E815.61095
G1 X112.423 Y102.063 E815.66557
G1 X111.464 Y101.831 E815.72013
G1 X110.476 Y101.716 E815.77513
G1 X109.971 Y101.701 E815.80306
G1 X109.52 Y101.715 E815.82801
G1 X108.532 Y101.831 E815.88302
G1 X107.573 Y102.063 E815.93758
G1 X106.647 Y102.407 E815.9922
G1 X105.777 Y102.853 E816.04626
G1 X104.966 Y103.398 E816.10029
G1 X104.214 Y104.047 E816.15521
G1 X103.553 Y104.774 E816.20955
G1 X102.986 Y105.564 E816.26332
G1 X102.505 Y106.435 E816.31833
G1 X102.133 Y107.346 E816.37274
G1 X101.875 Y108.291 E816.42691
G1 X101.735 Y109.258 E816.48094
G1 X101.705 Y110.239 E816.53521
G1 X101.794 Y111.229 E816.59017
G1 X101.993 Y112.191 E816.64449
G1 X102.306 Y113.111 E816.69823
G1 X102.734 Y114.008 E816.75318
G1 X103.254 Y114.831 E816.80701
G1 X103.874 Y115.594 E816.86138
G1 X104.587 Y116.285 E816.91628
G1 X105.369 Y116.887 E816.97085
G1 X106.204 Y117.379 E817.02444
G1 X107.112 Y117.778 E817.07928
G1 X108.057 Y118.066 E817.13391
G1 X109.012 Y118.239 E817.18757
G1 X110 Y118.299 E817.2423
G0 F9000 X110 Y118.774
;TYPE:WALL-OUTER
G1 F1552.3 X111.041 Y118.712 E817.2942
G1 X112.05 Y118.529 E817.34523
G1 X113.049 Y118.224 E817.39722
G1 X114.009 Y117.803 E817.44938
G1 X114.894 Y117.281 E817.50051
G1 X115.724 Y116.645 E817.55255
G1 X116.477 Y115.915 E817.60474
G1 X117.128 Y115.108 E817.65634
G1 X117.678 Y114.238 E817.70757
G1 X118.131 Y113.291 E817.75981
G1 X118.462 Y112.316 E817.81105
G1 X118.677 Y111.298 E817.86283
G1 X118.77 Y110.253 E817.91504
G1 X118.739 Y109.217 E817.96662
G1 X118.583 Y108.187 E818.01846
G1 X118.31 Y107.181 E818.07034
G1 X117.92 Y106.23 E818.12149
G1 X117.413 Y105.309 E818.17381
G1 X116.816 Y104.474 E818.22489
G1 X116.114 Y103.706 E818.27667
G1 X115.319 Y103.02 E818.32893
G1 X114.461 Y102.443 E818.38038
G1 X113.541 Y101.971 E818.43184
G1 X112.562 Y101.608 E818.4838
G1 X111.548 Y101.363 E818.53572
G1 X110.511 Y101.241 E818.58768
G1 X110 Y101.226 E818.61312
G1 X109.485 Y101.241 E818.63876
G1 X108.448 Y101.362 E818.69072
G1 X107.434 Y101.608 E818.74265
G1 X106.455 Y101.971 E818.79461
G1 X105.535 Y102.443 E818.84607
G1 X104.677 Y103.02 E818.89752
G1 X103.882 Y103.706 E818.94978
G1 X103.184 Y104.474 E819.00142
G1 X102.583 Y105.309 E819.05262
G1 X102.076 Y106.23 E819.10494
G1 X101.682 Y107.193 E819.15672
G1 X101.409 Y108.194 E819.20836
G1 X101.261 Y109.216 E819.25975
G1 X101.23 Y110.253 E819.31138
G1 X101.323 Y111.299 E819.36364
G1 X101.534 Y112.316 E819.41533
G1 X101.865 Y113.291 E819.46657
G1 X102.318 Y114.238 E819.51881
G1 X102.868 Y115.108 E819.57003
G1 X103.523 Y115.915 E819.62176
G1 X104.276 Y116.645 E819.67395
G1 X105.103 Y117.281 E819.72587
G1 X105.987 Y117.803 E819.77696
G1 X106.947 Y118.224 E819.82913
G1 X107.946 Y118.528 E819.88109
G1 X108.955 Y118.712 E819.93213
G1 X110 Y118.774 E819.98423
G0 F9000 X110.199 Y118.763
G1 F1500 E813.98423
G0 F9000 X110.159 Y118.064
G0 X109.931 Y116.571
G0 X109.983 Y115.873
G1 F1500 E819.98423
G1 F1552.3 X109.102 Y115.804 E820.02821
G1 X108.27 Y115.616 E820.07066
G1 X107.457 Y115.295 E820.11416
G1 X106.679 Y114.845 E820.15888
G1 X105.995 Y114.298 E820.20247
G1 X105.405 Y113.662 E820.24564
G1 X104.917 Y112.949 E820.28864
G1 X104.53 Y112.152 E820.33273
G1 X104.269 Y111.294 E820.37736
G1 X104.139 Y110.441 E820.4203
G1 X104.141 Y109.541 E820.46509
G1 X104.274 Y108.68 E820.50845
G1 X104.527 Y107.85 E820.55163
G1 X104.91 Y107.059 E820.59537
G1 X105.397 Y106.344 E820.63842
G1 X106.011 Y105.684 E820.68328
G1 X106.694 Y105.141 E820.7267
G1 X107.445 Y104.707 E820.76987
G1 X108.271 Y104.384 E820.814
G1 X109.135 Y104.187 E820.85811
G1 X110.007 Y104.122 E820.90162
G1 X110.871 Y104.188 E820.94474
G1 X111.739 Y104.388 E820.98907
G1 X112.555 Y104.707 E821.03267
G1 X113.302 Y105.141 E821.07567
G1 X113.991 Y105.689 E821.11948
G1 X114.587 Y106.329 E821.163
G1 X115.086 Y107.059 E821.20701
G1 X115.469 Y107.85 E821.25074
G1 X115.731 Y108.706 E821.29529
G1 X115.855 Y109.545 E821.3375
G1 X115.857 Y110.441 E821.38209
G1 X115.724 Y111.327 E821.42667
G1 X115.474 Y112.133 E821.46867
G1 X115.079 Y112.949 E821.51379
G1 X114.592 Y113.662 E821.55676
G1 X113.985 Y114.313 E821.60105
G1 X113.313 Y114.847 E821.64377
G1 X112.543 Y115.295 E821.6881
G1 X111.726 Y115.616 E821.73178
G1 X110.885 Y115.806 E821.77469
G1 X109.983 Y115.873 E821.8197
G0 F9000 X109.784 Y115.858
G0 X109.732 Y116.556
G0 X108.506 Y116.41
;TYPE:FILL
G1 F1552.3 X108.127 Y117.824 E821.91198
G0 F9000 X107.723 Y117.704
G1 F1552.3 X102.282 Y112.262 E822.39708
G0 F9000 X102.182 Y111.869
G1 F1552.3 X103.575 Y111.496 E822.48798
G0 F9000 X102.424 Y112.68
G1 F1552.3 X104.78 Y103.888 E823.06175
G0 F9000 X104.438 Y104.183
G1 F1552.3 X111.881 Y102.189 E823.54747
G0 F9000 X112.29 Y102.288
G1 F1552.3 X111.916 Y103.684 E823.63857
G0 F9000 X111.453 Y102.086
G1 F1552.3 X117.904 Y108.538 E824.2137
G0 F9000 X117.811 Y108.111
G1 F1552.3 X115.82 Y115.542 E824.69865
G0 F9000 X115.523 Y115.83
G1 F1552.3 X114.509 Y114.816 E824.78904
G0 F9000 X116.106 Y115.22
G1 F1552.3 X107.307 Y117.577 E825.36325
G0 F9000 X104.356 Y113.258
G0 X103.934 Y112.38
G0 X103.647 Y111.449
G0 X103.502 Y110.486
G0 X103.502 Y109.514
G0 X103.647 Y108.551
G0 X103.934 Y107.62
G0 X104.276 Y106.909
G0 X105.194 Y105.501
G1 F1552.3 X104.165 Y104.471 E825.45503
G0 F9000 X109.03 Y103.556
G0 X110 Y103.483
G0 X110.97 Y103.556
G0 X111.92 Y103.773
G0 X112.827 Y104.129
G0 X113.671 Y104.615
G0 X114.433 Y105.223
G0 X115.095 Y105.937
G0 X115.54 Y106.589
G0 X116.299 Y108.087
G1 F1552.3 X117.704 Y107.71 E825.54673
G0 F9000 X117.341 Y107.809
;MESH:NONMESH
G0 F600 X117.341 Y107.809 Z19.32
G0 F9000 X116.066 Y112.38
G0 X115.644 Y113.258
G0 X115.095 Y114.063
G0 X114.433 Y114.777
G0 X113.671 Y115.385
G0 X112.827 Y115.871
G0 X111.92 Y116.227
G0 X111.65 Y116.289
G0 X110.059 Y116.573
G0 X110.043 Y116.347
;TIME_ELAPSED:860.856105
;LAYER:68
;note -- min layer time used
;TYPE:WALL-INNER
;MESH:guia_rocker.STL
G1 F1529.1 X109.027 Y116.273 E825.60306
G1 X108.131 Y116.07 E825.65386
G1 X107.266 Y115.73 E825.70525
G1 X106.442 Y115.258 E825.75776
G1 X105.677 Y114.654 E825.81166
G1 X105.036 Y113.962 E825.86381
G1 X104.516 Y113.203 E825.91469
G1 X104.073 Y112.286 E825.971
G1 X103.806 Y111.413 E826.02148
G1 X103.666 Y110.483 E826.07348
G1 X103.664 Y109.554 E826.12485
G1 X103.816 Y108.556 E826.18067
G1 X104.088 Y107.671 E826.23187
G1 X104.494 Y106.83 E826.28351
G1 X105.011 Y106.067 E826.33447
G1 X105.694 Y105.329 E826.39007
G1 X106.423 Y104.748 E826.44162
G1 X107.228 Y104.285 E826.49297
G1 X108.092 Y103.943 E826.54435
G1 X109.07 Y103.716 E826.59986
G1 X110.022 Y103.647 E826.65264
G1 X110.926 Y103.716 E826.70278
G1 X111.825 Y103.919 E826.75374
G1 X112.756 Y104.274 E826.80883
G1 X113.567 Y104.746 E826.86072
G1 X114.319 Y105.342 E826.91378
G1 X114.948 Y106.02 E826.96492
G1 X115.502 Y106.829 E827.01913
G1 X115.908 Y107.67 E827.07077
G1 X116.194 Y108.587 E827.12389
G1 X116.332 Y109.555 E827.17795
G1 X116.331 Y110.483 E827.22927
G1 X116.194 Y111.405 E827.28081
G1 X115.924 Y112.286 E827.33176
G1 X115.481 Y113.203 E827.38807
G1 X114.962 Y113.96 E827.43882
G1 X114.332 Y114.639 E827.49004
G1 X113.602 Y115.224 E827.54177
G1 X112.735 Y115.73 E827.59728
G1 X111.871 Y116.07 E827.64862
G1 X110.969 Y116.273 E827.69974
G1 X110.043 Y116.347 E827.75111
G0 F9000 X110.059 Y116.573
G0 X110 Y118.073
G0 X110 Y118.299
G1 F1529.1 X110.984 Y118.24 E827.80561
G1 X111.939 Y118.066 E827.85929
G1 X112.884 Y117.778 E827.91392
G1 X113.792 Y117.379 E827.96876
G1 X114.628 Y116.886 E828.02242
G1 X115.414 Y116.284 E828.07717
G1 X116.125 Y115.594 E828.13195
G1 X116.741 Y114.831 E828.18618
G1 X117.262 Y114.008 E828.24004
G1 X117.69 Y113.111 E828.29499
G1 X118.003 Y112.19 E828.34878
G1 X118.206 Y111.228 E828.40315
G1 X118.295 Y110.239 E828.45805
G1 X118.266 Y109.26 E828.51221
G1 X118.118 Y108.285 E828.56674
G1 X117.859 Y107.334 E828.62124
G1 X117.491 Y106.435 E828.67496
G1 X117.01 Y105.562 E828.73007
G1 X116.447 Y104.773 E828.78367
G1 X115.783 Y104.047 E828.83807
G1 X115.03 Y103.398 E828.89304
G1 X114.219 Y102.853 E828.94707
G1 X113.349 Y102.407 E829.00113
G1 X112.423 Y102.063 E829.05575
G1 X111.464 Y101.831 E829.11031
G1 X110.476 Y101.716 E829.16531
G1 X109.971 Y101.701 E829.19324
G1 X109.52 Y101.715 E829.21819
G1 X108.532 Y101.831 E829.2732
G1 X107.573 Y102.063 E829.32776
G1 X106.647 Y102.407 E829.38238
G1 X105.777 Y102.853 E829.43644
G1 X104.966 Y103.398 E829.49047
G1 X104.214 Y104.047 E829.54539
G1 X103.553 Y104.774 E829.59973
G1 X102.986 Y105.564 E829.65349
G1 X102.505 Y106.435 E829.70851
G1 X102.133 Y107.346 E829.76292
G1 X101.875 Y108.291 E829.81709
G1 X101.735 Y109.258 E829.87112
G1 X101.705 Y110.239 E829.92539
G1 X101.794 Y111.229 E829.98035
G1 X101.993 Y112.191 E830.03467
G1 X102.306 Y113.111 E830.08841
G1 X102.734 Y114.008 E830.14336
G1 X103.254 Y114.831 E830.19719
G1 X103.874 Y115.594 E830.25156
G1 X104.587 Y116.285 E830.30646
G1 X105.369 Y116.887 E830.36103
G1 X106.204 Y117.379 E830.41462
G1 X107.112 Y117.778 E830.46946
G1 X108.057 Y118.066 E830.52409
G1 X109.012 Y118.239 E830.57775
G1 X110 Y118.299 E830.63248
G0 F9000 X110 Y118.774
;TYPE:WALL-OUTER
G1 F1529.1 X111.041 Y118.712 E830.68438
G1 X112.05 Y118.529 E830.73541
G1 X113.049 Y118.224 E830.78739
G1 X114.009 Y117.803 E830.83956
G1 X114.894 Y117.281 E830.89069
G1 X115.724 Y116.645 E830.94273
G1 X116.477 Y115.915 E830.99492
G1 X117.128 Y115.108 E831.04652
G1 X117.678 Y114.238 E831.09775
G1 X118.131 Y113.291 E831.14999
G1 X118.462 Y112.316 E831.20123
G1 X118.677 Y111.298 E831.25301
G1 X118.77 Y110.253 E831.30522
G1 X118.739 Y109.217 E831.3568
G1 X118.583 Y108.187 E831.40864
G1 X118.31 Y107.181 E831.46052
G1 X117.92 Y106.23 E831.51167
G1 X117.413 Y105.309 E831.56399
G1 X116.816 Y104.474 E831.61507
G1 X116.114 Y103.706 E831.66685
G1 X115.319 Y103.02 E831.71911
G1 X114.461 Y102.443 E831.77056
G1 X113.541 Y101.971 E831.82202
G1 X112.562 Y101.608 E831.87398
G1 X111.548 Y101.363 E831.9259
G1 X110.511 Y101.241 E831.97786
G1 X110 Y101.226 E832.0033
G1 X109.485 Y101.241 E832.02894
G1 X108.448 Y101.362 E832.0809
G1 X107.434 Y101.608 E832.13283
G1 X106.455 Y101.971 E832.18479
G1 X105.535 Y102.443 E832.23625
G1 X104.677 Y103.02 E832.2877
G1 X103.882 Y103.706 E832.33996
G1 X103.184 Y104.474 E832.3916
G1 X102.583 Y105.309 E832.4428
G1 X102.076 Y106.23 E832.49512
G1 X101.682 Y107.193 E832.5469
G1 X101.409 Y108.194 E832.59854
G1 X101.261 Y109.216 E832.64993
G1 X101.23 Y110.253 E832.70156
G1 X101.323 Y111.299 E832.75382
G1 X101.534 Y112.316 E832.80551
G1 X101.865 Y113.291 E832.85675
G1 X102.318 Y114.238 E832.90899
G1 X102.868 Y115.108 E832.96021
G1 X103.523 Y115.915 E833.01194
G1 X104.276 Y116.645 E833.06413
G1 X105.103 Y117.281 E833.11605
G1 X105.987 Y117.803 E833.16714
G1 X106.947 Y118.224 E833.21931
G1 X107.946 Y118.528 E833.27127
G1 X108.955 Y118.712 E833.32231
G1 X110 Y118.774 E833.37441
G0 F9000 X110.199 Y118.763
G1 F1500 E827.37441
G0 F9000 X110.159 Y118.064
G0 X109.931 Y116.571
G0 X109.983 Y115.873
G1 F1500 E833.37441
G1 F1529.1 X109.102 Y115.804 E833.41839
G1 X108.27 Y115.616 E833.46084
G1 X107.457 Y115.295 E833.50434
G1 X106.679 Y114.845 E833.54906
G1 X105.995 Y114.298 E833.59265
G1 X105.405 Y113.662 E833.63582
G1 X104.917 Y112.949 E833.67882
G1 X104.53 Y112.152 E833.72291
G1 X104.269 Y111.294 E833.76754
G1 X104.139 Y110.441 E833.81048
G1 X104.141 Y109.541 E833.85527
G1 X104.274 Y108.68 E833.89863
G1 X104.527 Y107.85 E833.94181
G1 X104.91 Y107.059 E833.98555
G1 X105.397 Y106.344 E834.0286
G1 X106.011 Y105.684 E834.07346
G1 X106.694 Y105.141 E834.11688
G1 X107.445 Y104.707 E834.16005
G1 X108.271 Y104.384 E834.20418
G1 X109.135 Y104.187 E834.24828
G1 X110.007 Y104.122 E834.2918
G1 X110.871 Y104.188 E834.33492
G1 X111.739 Y104.388 E834.37925
G1 X112.555 Y104.707 E834.42285
G1 X113.302 Y105.141 E834.46585
G1 X113.991 Y105.689 E834.50966
G1 X114.587 Y106.329 E834.55318
G1 X115.086 Y107.059 E834.59718
G1 X115.469 Y107.85 E834.64092
G1 X115.731 Y108.706 E834.68547
G1 X115.855 Y109.545 E834.72768
G1 X115.857 Y110.441 E834.77227
G1 X115.724 Y111.327 E834.81685
G1 X115.474 Y112.133 E834.85885
G1 X115.079 Y112.949 E834.90397
G1 X114.592 Y113.662 E834.94694
G1 X113.985 Y114.313 E834.99123
G1 X113.298 Y114.858 E835.03487
G1 X112.543 Y115.295 E835.07828
G1 X111.726 Y115.616 E835.12197
G1 X110.885 Y115.806 E835.16488
G1 X109.983 Y115.873 E835.20989
G0 F9000 X109.784 Y115.858
G0 X109.732 Y116.556
G0 X108.313 Y116.366
;TYPE:FILL
G1 F1529.1 X107.937 Y117.768 E835.30139
G1 X108.123 Y117.823
G1 X102.185 Y111.885 E835.83074
G1 X102.222 Y112.063
G1 X103.632 Y111.686 E835.92275
G0 F9000 X102.31 Y112.342
G1 F1529.1 X104.514 Y104.117 E836.45951
G0 F9000 X104.298 Y104.324
G1 F1529.1 X105.329 Y105.356 E836.55147
G0 F9000 X104.178 Y104.458
G1 F1529.1 X112.283 Y102.286 E837.0804
G1 X112.098 Y102.242
G1 X111.723 Y103.64 E837.17164
G0 F9000 X111.823 Y102.176
G1 F1529.1 X117.833 Y108.187 E837.70746
G0 F9000 X117.756 Y107.901
G1 F1529.1 X116.358 Y108.276 E837.7987
G0 F9000 X117.708 Y107.73
G1 F1529.1 X115.543 Y115.811 E838.32606
G1 X115.665 Y115.692
G1 X114.643 Y114.67 E838.41717
G0 F9000 X115.879 Y115.485
G1 F1529.1 X107.666 Y117.686 E838.95315
G0 F9000 X107.774 Y117.33
;MESH:NONMESH
G0 F600 X107.774 Y117.33 Z19.6
G0 F9000 X110.059 Y116.573
G0 X110.043 Y116.347
;TIME_ELAPSED:872.389451
;LAYER:69
;note -- min layer time used
;TYPE:WALL-INNER
;MESH:guia_rocker.STL
G1 F1543.1 X109.027 Y116.273 E839.00948
G1 X108.131 Y116.07 E839.06028
G1 X107.266 Y115.73 E839.11167
G1 X106.442 Y115.258 E839.16418
G1 X105.677 Y114.654 E839.21808
G1 X105.036 Y113.962 E839.27024
G1 X104.516 Y113.203 E839.32111
G1 X104.073 Y112.286 E839.37742
G1 X103.806 Y111.413 E839.4279
G1 X103.666 Y110.483 E839.47991
G1 X103.664 Y109.554 E839.53127
G1 X103.816 Y108.556 E839.5871
G1 X104.088 Y107.671 E839.63829
G1 X104.494 Y106.83 E839.68993
G1 X105.011 Y106.067 E839.74089
G1 X105.694 Y105.329 E839.79649
G1 X106.423 Y104.748 E839.84804
G1 X107.228 Y104.285 E839.89939
G1 X108.092 Y103.943 E839.95077
G1 X109.07 Y103.716 E840.00629
G1 X110.022 Y103.647 E840.05907
G1 X110.926 Y103.716 E840.1092
G1 X111.825 Y103.919 E840.16016
G1 X112.756 Y104.274 E840.21526
G1 X113.567 Y104.746 E840.26714
G1 X114.319 Y105.342 E840.3202
G1 X114.948 Y106.02 E840.37134
G1 X115.502 Y106.829 E840.42556
G1 X115.908 Y107.67 E840.47719
G1 X116.194 Y108.587 E840.53031
G1 X116.332 Y109.555 E840.58437
G1 X116.331 Y110.483 E840.63569
G1 X116.194 Y111.405 E840.68723
G1 X115.924 Y112.286 E840.73818
G1 X115.481 Y113.203 E840.79449
G1 X114.962 Y113.96 E840.84525
G1 X114.332 Y114.639 E840.89646
G1 X113.602 Y115.224 E840.94819
G1 X112.735 Y115.73 E841.0037
G1 X111.871 Y116.07 E841.05504
G1 X110.969 Y116.273 E841.10616
G1 X110.043 Y116.347 E841.15753
G0 F9000 X110.059 Y116.573
G0 X110 Y118.073
G0 X110 Y118.299
G1 F1543.1 X110.984 Y118.24 E841.21204
G1 X111.939 Y118.066 E841.26571
G1 X112.884 Y117.778 E841.32034
G1 X113.792 Y117.379 E841.37518
G1 X114.628 Y116.886 E841.42885
G1 X115.414 Y116.284 E841.48359
G1 X116.125 Y115.594 E841.53838
G1 X116.741 Y114.831 E841.5926
G1 X117.262 Y114.008 E841.64646
G1 X117.69 Y113.111 E841.70142
G1 X118.003 Y112.19 E841.7552
G1 X118.206 Y111.228 E841.80957
G1 X118.295 Y110.239 E841.86448
G1 X118.266 Y109.26 E841.91863
G1 X118.118 Y108.285 E841.97316
G1 X117.859 Y107.334 E842.02766
G1 X117.491 Y106.435 E842.08138
G1 X117.01 Y105.562 E842.13649
G1 X116.447 Y104.773 E842.19009
G1 X115.783 Y104.047 E842.24449
G1 X115.03 Y103.398 E842.29946
G1 X114.219 Y102.853 E842.35349
G1 X113.349 Y102.407 E842.40755
G1 X112.423 Y102.063 E842.46217
G1 X111.464 Y101.831 E842.51673
G1 X110.476 Y101.716 E842.57173
G1 X109.971 Y101.701 E842.59966
G1 X109.52 Y101.715 E842.62461
G1 X108.532 Y101.831 E842.67962
G1 X107.573 Y102.063 E842.73418
G1 X106.647 Y102.407 E842.7888
G1 X105.777 Y102.853 E842.84286
G1 X104.966 Y103.398 E842.89689
G1 X104.214 Y104.047 E842.95182
G1 X103.553 Y104.774 E843.00615
G1 X102.986 Y105.564 E843.05992
G1 X102.505 Y106.435 E843.11494
G1 X102.133 Y107.346 E843.16935
G1 X101.875 Y108.291 E843.22351
G1 X101.735 Y109.258 E843.27754
G1 X101.705 Y110.239 E843.33181
G1 X101.794 Y111.229 E843.38677
G1 X101.993 Y112.191 E843.44109
G1 X102.306 Y113.111 E843.49483
G1 X102.734 Y114.008 E843.54978
G1 X103.254 Y114.831 E843.60361
G1 X103.874 Y115.594 E843.65798
G1 X104.587 Y116.285 E843.71288
G1 X105.369 Y116.887 E843.76745
G1 X106.204 Y117.379 E843.82104
G1 X107.112 Y117.778 E843.87588
G1 X108.057 Y118.066 E843.93051
G1 X109.012 Y118.239 E843.98417
G1 X110 Y118.299 E844.03891
G0 F9000 X110 Y118.774
;TYPE:WALL-OUTER
G1 F1543.1 X111.041 Y118.712 E844.0908
G1 X112.05 Y118.529 E844.14184
G1 X113.049 Y118.224 E844.19382
G1 X114.009 Y117.803 E844.24598
G1 X114.894 Y117.281 E844.29712
G1 X115.724 Y116.645 E844.34915
G1 X116.477 Y115.915 E844.40135
G1 X117.128 Y115.108 E844.45295
G1 X117.678 Y114.238 E844.50417
G1 X118.131 Y113.291 E844.55641
G1 X118.462 Y112.316 E844.60765
G1 X118.677 Y111.298 E844.65943
G1 X118.77 Y110.253 E844.71164
G1 X118.739 Y109.217 E844.76322
G1 X118.583 Y108.187 E844.81506
G1 X118.31 Y107.181 E844.86694
G1 X117.92 Y106.23 E844.91809
G1 X117.413 Y105.309 E844.97041
G1 X116.816 Y104.474 E845.02149
G1 X116.114 Y103.706 E845.07327
G1 X115.319 Y103.02 E845.12553
G1 X114.461 Y102.443 E845.17699
G1 X113.541 Y101.971 E845.22844
G1 X112.562 Y101.608 E845.28041
G1 X111.548 Y101.363 E845.33232
G1 X110.511 Y101.241 E845.38428
G1 X110 Y101.226 E845.40972
G1 X109.485 Y101.241 E845.43536
G1 X108.448 Y101.362 E845.48732
G1 X107.434 Y101.608 E845.53925
G1 X106.455 Y101.971 E845.59121
G1 X105.535 Y102.443 E845.64267
G1 X104.677 Y103.02 E845.69412
G1 X103.882 Y103.706 E845.74638
G1 X103.184 Y104.474 E845.79803
G1 X102.583 Y105.309 E845.84923
G1 X102.076 Y106.23 E845.90155
G1 X101.682 Y107.193 E845.95333
G1 X101.409 Y108.194 E846.00496
G1 X101.261 Y109.216 E846.05635
G1 X101.23 Y110.253 E846.10798
G1 X101.323 Y111.299 E846.16024
G1 X101.534 Y112.316 E846.21193
G1 X101.865 Y113.291 E846.26317
G1 X102.318 Y114.238 E846.31541
G1 X102.868 Y115.108 E846.36664
G1 X103.523 Y115.915 E846.41836
G1 X104.276 Y116.645 E846.47055
G1 X105.103 Y117.281 E846.52247
G1 X105.987 Y117.803 E846.57356
G1 X106.947 Y118.224 E846.62573
G1 X107.946 Y118.528 E846.6777
G1 X108.955 Y118.712 E846.72874
G1 X110 Y118.774 E846.78083
G0 F9000 X110.199 Y118.763
G1 F1500 E840.78083
G0 F9000 X110.159 Y118.064
G0 X109.931 Y116.571
G0 X109.983 Y115.873
G1 F1500 E846.78083
G1 F1543.1 X109.102 Y115.804 E846.82481
G1 X108.27 Y115.616 E846.86726
G1 X107.457 Y115.295 E846.91076
G1 X106.679 Y114.845 E846.95549
G1 X105.995 Y114.298 E846.99907
G1 X105.405 Y113.662 E847.04224
G1 X104.917 Y112.949 E847.08524
G1 X104.53 Y112.152 E847.12933
G1 X104.269 Y111.294 E847.17396
G1 X104.139 Y110.441 E847.2169
G1 X104.141 Y109.541 E847.26169
G1 X104.274 Y108.68 E847.30505
G1 X104.527 Y107.85 E847.34823
G1 X104.91 Y107.059 E847.39197
G1 X105.397 Y106.344 E847.43502
G1 X106.011 Y105.684 E847.47988
G1 X106.694 Y105.141 E847.5233
G1 X107.445 Y104.707 E847.56647
G1 X108.271 Y104.384 E847.61061
G1 X109.135 Y104.187 E847.65471
G1 X110.007 Y104.122 E847.69822
G1 X110.871 Y104.188 E847.74135
G1 X111.739 Y104.388 E847.78567
G1 X112.555 Y104.707 E847.82928
G1 X113.302 Y105.141 E847.87227
G1 X113.991 Y105.689 E847.91608
G1 X114.587 Y106.329 E847.9596
G1 X115.086 Y107.059 E848.00361
G1 X115.469 Y107.85 E848.04734
G1 X115.731 Y108.706 E848.09189
G1 X115.855 Y109.545 E848.1341
G1 X115.857 Y110.441 E848.17869
G1 X115.724 Y111.327 E848.22328
G1 X115.474 Y112.133 E848.26527
G1 X115.079 Y112.949 E848.31039
G1 X114.592 Y113.662 E848.35336
G1 X113.985 Y114.313 E848.39765
G1 X113.298 Y114.858 E848.44129
G1 X112.543 Y115.295 E848.48471
G1 X111.726 Y115.616 E848.52839
G1 X110.885 Y115.806 E848.5713
G1 X109.983 Y115.873 E848.61631
G0 F9000 X109.784 Y115.858
G0 X109.732 Y116.556
G0 X108.12 Y116.321
;TYPE:FILL
G1 F1543.1 X107.748 Y117.71 E848.70695
G0 F9000 X108.024 Y117.795
G1 F1543.1 X115.587 Y115.769 E849.20051
G0 F9000 X115.807 Y115.554
G1 F1543.1 X114.778 Y114.524 E849.29228
G0 F9000 X115.266 Y116.079
G1 F1543.1 X117.602 Y107.363 E849.8611
G0 F9000 X117.728 Y107.802
G1 F1543.1 X112.192 Y102.265 E850.35466
G0 F9000 X111.905 Y102.194
G1 F1543.1 X111.529 Y103.597 E850.44622
G0 F9000 X112.616 Y102.402
G1 F1543.1 X103.931 Y104.729 E851.013
G0 F9000 X104.234 Y104.395
G1 F1543.1 X102.204 Y111.973 E851.50753
G0 F9000 X102.278 Y112.253
G1 F1543.1 X103.689 Y111.875 E851.59961
G0 F9000 X102.111 Y111.531
G1 F1543.1 X108.465 Y117.885 E852.16605
G0 F9000 X112.827 Y115.871
G0 X113.671 Y115.385
G0 X114.433 Y114.777
G0 X115.095 Y114.063
G0 X115.644 Y113.258
G0 X116.066 Y112.38
G0 X116.353 Y111.449
G0 X116.498 Y110.486
G0 X116.498 Y110.21
G0 X116.417 Y108.465
G1 F1543.1 X117.808 Y108.092 E852.25683
G0 F9000 X113.671 Y104.615
G0 X112.827 Y104.129
G0 X111.92 Y103.773
G0 X110.97 Y103.556
G0 X110 Y103.483
G0 X109.03 Y103.556
G0 X108.08 Y103.773
G0 X107.173 Y104.129
G0 X106.933 Y104.267
G0 X105.465 Y105.212
G1 F1543.1 X104.437 Y104.184 E852.34848
G0 F9000 X104.681 Y104.47
;MESH:NONMESH
G0 F600 X104.681 Y104.47 Z19.88
G0 F9000 X103.647 Y108.551
G0 X103.502 Y109.514
G0 X103.502 Y110.486
G0 X103.647 Y111.449
G0 X103.934 Y112.38
G0 X104.356 Y113.258
G0 X104.905 Y114.063
G0 X105.567 Y114.777
G0 X106.329 Y115.385
G0 X107.173 Y115.871
G0 X108.08 Y116.227
G0 X108.619 Y116.35
G0 X110.059 Y116.573
G0 X110.043 Y116.347
;TIME_ELAPSED:884.605128
;LAYER:70
;note -- min layer time used
;TYPE:WALL-INNER
;MESH:guia_rocker.STL
G1 F1519.3 X109.027 Y116.273 E852.4048
G1 X108.131 Y116.07 E852.4556
G1 X107.266 Y115.73 E852.507
G1 X106.442 Y115.258 E852.5595
G1 X105.677 Y114.654 E852.6134
G1 X105.036 Y113.962 E852.66556
G1 X104.516 Y113.203 E852.71643
G1 X104.073 Y112.286 E852.77274
G1 X103.806 Y111.413 E852.82322
G1 X103.666 Y110.483 E852.87523
G1 X103.664 Y109.554 E852.9266
G1 X103.816 Y108.556 E852.98242
G1 X104.088 Y107.671 E853.03361
G1 X104.494 Y106.83 E853.08525
G1 X105.011 Y106.067 E853.13621
G1 X105.694 Y105.329 E853.19182
G1 X106.423 Y104.748 E853.24336
G1 X107.228 Y104.285 E853.29471
G1 X108.092 Y103.943 E853.34609
G1 X109.07 Y103.716 E853.40161
G1 X110.022 Y103.647 E853.45439
G1 X110.926 Y103.716 E853.50452
G1 X111.825 Y103.919 E853.55548
G1 X112.756 Y104.274 E853.61058
G1 X113.567 Y104.746 E853.66246
G1 X114.319 Y105.342 E853.71552
G1 X114.948 Y106.02 E853.76666
G1 X115.502 Y106.829 E853.82088
G1 X115.908 Y107.67 E853.87252
G1 X116.194 Y108.587 E853.92563
G1 X116.332 Y109.555 E853.9797
G1 X116.331 Y110.483 E854.03101
G1 X116.194 Y111.405 E854.08255
G1 X115.924 Y112.286 E854.1335
G1 X115.481 Y113.203 E854.18982
G1 X114.962 Y113.96 E854.24057
G1 X114.332 Y114.639 E854.29179
G1 X113.602 Y115.224 E854.34351
G1 X112.735 Y115.73 E854.39902
G1 X111.871 Y116.07 E854.45036
G1 X110.969 Y116.273 E854.50149
G1 X110.043 Y116.347 E854.55285
G0 F9000 X110.059 Y116.573
G0 X110 Y118.073
G0 X110 Y118.299
G1 F1519.3 X110.984 Y118.24 E854.60736
G1 X111.939 Y118.066 E854.66104
G1 X112.884 Y117.778 E854.71566
G1 X113.792 Y117.379 E854.7705
G1 X114.628 Y116.886 E854.82417
G1 X115.414 Y116.284 E854.87891
G1 X116.125 Y115.594 E854.9337
G1 X116.741 Y114.831 E854.98792
G1 X117.262 Y114.008 E855.04178
G1 X117.69 Y113.111 E855.09674
G1 X118.003 Y112.19 E855.15053
G1 X118.206 Y111.228 E855.20489
G1 X118.295 Y110.239 E855.2598
G1 X118.266 Y109.26 E855.31396
G1 X118.118 Y108.285 E855.36849
G1 X117.859 Y107.334 E855.42299
G1 X117.491 Y106.435 E855.4767
G1 X117.01 Y105.562 E855.53182
G1 X116.447 Y104.773 E855.58541
G1 X115.783 Y104.047 E855.63981
G1 X115.03 Y103.398 E855.69478
G1 X114.219 Y102.853 E855.74881
G1 X113.349 Y102.407 E855.80287
G1 X112.423 Y102.063 E855.85749
G1 X111.464 Y101.831 E855.91205
G1 X110.476 Y101.716 E855.96705
G1 X109.971 Y101.701 E855.99499
G1 X109.52 Y101.715 E856.01994
G1 X108.532 Y101.831 E856.07494
G1 X107.573 Y102.063 E856.1295
G1 X106.647 Y102.407 E856.18412
G1 X105.777 Y102.853 E856.23818
G1 X104.966 Y103.398 E856.29221
G1 X104.214 Y104.047 E856.34714
G1 X103.553 Y104.774 E856.40147
G1 X102.986 Y105.564 E856.45524
G1 X102.505 Y106.435 E856.51026
G1 X102.133 Y107.346 E856.56467
G1 X101.875 Y108.291 E856.61884
G1 X101.735 Y109.258 E856.67286
G1 X101.705 Y110.239 E856.72713
G1 X101.794 Y111.229 E856.7821
G1 X101.993 Y112.191 E856.83642
G1 X102.306 Y113.111 E856.89015
G1 X102.734 Y114.008 E856.94511
G1 X103.254 Y114.831 E856.99894
G1 X103.874 Y115.594 E857.0533
G1 X104.587 Y116.285 E857.1082
G1 X105.369 Y116.887 E857.16277
G1 X106.204 Y117.379 E857.21636
G1 X107.112 Y117.778 E857.2712
G1 X108.057 Y118.066 E857.32583
G1 X109.012 Y118.239 E857.3795
G1 X110 Y118.299 E857.43423
G0 F9000 X110 Y118.774
;TYPE:WALL-OUTER
G1 F1519.3 X111.041 Y118.712 E857.48613
G1 X112.05 Y118.529 E857.53716
G1 X113.049 Y118.224 E857.58914
G1 X114.009 Y117.803 E857.64131
G1 X114.894 Y117.281 E857.69244
G1 X115.724 Y116.645 E857.74448
G1 X116.477 Y115.915 E857.79667
G1 X117.128 Y115.108 E857.84827
G1 X117.678 Y114.238 E857.89949
G1 X118.131 Y113.291 E857.95173
G1 X118.462 Y112.316 E858.00297
G1 X118.677 Y111.298 E858.05475
G1 X118.77 Y110.253 E858.10696
G1 X118.739 Y109.217 E858.15854
G1 X118.583 Y108.187 E858.21039
G1 X118.31 Y107.181 E858.26226
G1 X117.92 Y106.23 E858.31341
G1 X117.413 Y105.309 E858.36573
G1 X116.816 Y104.474 E858.41682
G1 X116.114 Y103.706 E858.4686
G1 X115.319 Y103.02 E858.52085
G1 X114.461 Y102.443 E858.57231
G1 X113.541 Y101.971 E858.62377
G1 X112.562 Y101.608 E858.67573
G1 X111.548 Y101.363 E858.72764
G1 X110.511 Y101.241 E858.77961
G1 X110 Y101.226 E858.80505
G1 X109.485 Y101.241 E858.83069
G1 X108.448 Y101.362 E858.88264
G1 X107.434 Y101.608 E858.93457
G1 X106.455 Y101.971 E858.98653
G1 X105.535 Y102.443 E859.03799
G1 X104.677 Y103.02 E859.08945
G1 X103.882 Y103.706 E859.1417
G1 X103.184 Y104.474 E859.19335
G1 X102.583 Y105.309 E859.24455
G1 X102.076 Y106.23 E859.29687
G1 X101.682 Y107.193 E859.34865
G1 X101.409 Y108.194 E859.40028
G1 X101.261 Y109.216 E859.45167
G1 X101.23 Y110.253 E859.5033
G1 X101.323 Y111.299 E859.55556
G1 X101.534 Y112.316 E859.60725
G1 X101.865 Y113.291 E859.65849
G1 X102.318 Y114.238 E859.71074
G1 X102.868 Y115.108 E859.76196
G1 X103.523 Y115.915 E859.81368
G1 X104.276 Y116.645 E859.86588
G1 X105.103 Y117.281 E859.91779
G1 X105.987 Y117.803 E859.96888
G1 X106.947 Y118.224 E860.02105
G1 X107.946 Y118.528 E860.07302
G1 X108.955 Y118.712 E860.12406
G1 X110 Y118.774 E860.17616
G0 F9000 X110.199 Y118.763
G1 F1500 E854.17616
G0 F9000 X110.159 Y118.064
G0 X109.931 Y116.571
G0 X109.983 Y115.873
G1 F1500 E860.17616
G1 F1519.3 X109.102 Y115.804 E860.22013
G1 X108.27 Y115.616 E860.26258
G1 X107.457 Y115.295 E860.30608
G1 X106.679 Y114.845 E860.35081
G1 X105.995 Y114.298 E860.39439
G1 X105.405 Y113.662 E860.43757
G1 X104.917 Y112.949 E860.48056
G1 X104.53 Y112.152 E860.52466
G1 X104.269 Y111.294 E860.56929
G1 X104.139 Y110.441 E860.61223
G1 X104.141 Y109.541 E860.65702
G1 X104.274 Y108.68 E860.70037
G1 X104.527 Y107.85 E860.74355
G1 X104.91 Y107.059 E860.78729
G1 X105.397 Y106.344 E860.83034
G1 X106.011 Y105.684 E860.8752
G1 X106.694 Y105.141 E860.91863
G1 X107.445 Y104.707 E860.96179
G1 X108.271 Y104.384 E861.00593
G1 X109.135 Y104.187 E861.05003
G1 X110.007 Y104.122 E861.09355
G1 X110.871 Y104.188 E861.13667
G1 X111.739 Y104.388 E861.181
G1 X112.555 Y104.707 E861.2246
G1 X113.302 Y105.141 E861.26759
G1 X113.991 Y105.689 E861.3114
G1 X114.587 Y106.329 E861.35492
G1 X115.086 Y107.059 E861.39893
G1 X115.469 Y107.85 E861.44267
G1 X115.731 Y108.706 E861.48722
G1 X115.855 Y109.545 E861.52942
G1 X115.857 Y110.441 E861.57401
G1 X115.724 Y111.327 E861.6186
G1 X115.474 Y112.133 E861.6606
G1 X115.079 Y112.949 E861.70571
G1 X114.592 Y113.662 E861.74868
G1 X113.985 Y114.313 E861.79298
G1 X113.298 Y114.858 E861.83662
G1 X112.543 Y115.295 E861.88003
G1 X111.726 Y115.616 E861.92371
G1 X110.885 Y115.806 E861.96662
G1 X109.983 Y115.873 E862.01163
G0 F9000 X109.784 Y115.858
G0 X109.732 Y116.556
G0 X107.932 Y116.258
;TYPE:FILL
G1 F1519.3 X107.558 Y117.653 E862.10267
G0 F9000 X108.457 Y117.884
G1 F1519.3 X115.294 Y116.052 E862.54886
G0 F9000 X115.007 Y116.282
G1 F1519.3 X115.926 Y112.853 E862.77264
G0 F9000 X114.913 Y114.379
G1 F1519.3 X115.949 Y115.415 E862.86499
G0 F9000 X116.581 Y110.405
G1 F1519.3 X117.478 Y107.06 E863.0833
G0 F9000 X117.623 Y107.417
G1 F1519.3 X112.605 Y102.399 E863.53064
G0 F9000 X112.937 Y102.521
G1 F1519.3 X109.539 Y103.432 E863.7524
G0 F9000 X111.336 Y103.553
G1 F1519.3 X111.713 Y102.148 E863.8441
G0 F9000 X107.05 Y104.098
G1 F1519.3 X103.702 Y104.995 E864.06259
G0 F9000 X103.944 Y104.715
G1 F1519.3 X102.114 Y111.543 E864.50819
G0 F9000 X102.04 Y111.18
G1 F1519.3 X104.542 Y113.682 E864.73123
G0 F9000 X103.746 Y112.065
G1 F1519.3 X102.342 Y112.441 E864.82286
G0 F9000 X106.356 Y115.496
G1 F1519.3 X108.807 Y117.948 E865.0414
G0 F9000 X113.671 Y115.385
G0 X114.433 Y114.777
G0 X115.095 Y114.063
G0 X115.644 Y113.258
G0 X116.066 Y112.38
G0 X116.353 Y111.449
G0 X116.47 Y110.669
G0 X116.456 Y108.659
G1 F1519.3 X117.86 Y108.283 E865.13302
G0 F9000 X114.433 Y105.223
G0 X113.671 Y104.615
G0 X112.827 Y104.129
G0 X111.92 Y103.773
G0 X110.97 Y103.556
G0 X110 Y103.483
G0 X109.03 Y103.556
G0 X108.08 Y103.773
G0 X107.346 Y104.061
G0 X105.61 Y105.077
G1 F1519.3 X104.587 Y104.054 E865.22422
G0 F9000 X104.831 Y104.34
;MESH:NONMESH
G0 F600 X104.831 Y104.34 Z20.16
G0 F9000 X103.647 Y108.551
G0 X103.502 Y109.514
G0 X103.502 Y110.486
G0 X103.647 Y111.449
G0 X103.934 Y112.38
G0 X104.356 Y113.258
G0 X104.905 Y114.063
G0 X105.567 Y114.777
G0 X106.329 Y115.385
G0 X107.173 Y115.871
G0 X108.08 Y116.227
G0 X108.619 Y116.35
G0 X110.059 Y116.573
G0 X110.043 Y116.347
;TIME_ELAPSED:897.237534
;LAYER:71
;note -- min layer time used
;TYPE:WALL-INNER
;MESH:guia_rocker.STL
G1 F1486.7 X109.027 Y116.273 E865.28055
G1 X108.131 Y116.07 E865.33135
G1 X107.266 Y115.73 E865.38274
G1 X106.442 Y115.258 E865.43525
G1 X105.677 Y114.654 E865.48914
G1 X105.036 Y113.962 E865.5413
G1 X104.516 Y113.203 E865.59218
G1 X104.073 Y112.286 E865.64849
G1 X103.806 Y111.413 E865.69897
G1 X103.666 Y110.483 E865.75097
G1 X103.664 Y109.554 E865.80234
G1 X103.816 Y108.556 E865.85816
G1 X104.088 Y107.671 E865.90936
G1 X104.494 Y106.83 E865.96099
G1 X105.011 Y106.067 E866.01196
G1 X105.694 Y105.329 E866.06756
G1 X106.423 Y104.748 E866.11911
G1 X107.228 Y104.285 E866.17046
G1 X108.092 Y103.943 E866.22184
G1 X109.07 Y103.716 E866.27735
G1 X110.022 Y103.647 E866.33013
G1 X110.926 Y103.716 E866.38026
G1 X111.825 Y103.919 E866.43123
G1 X112.756 Y104.274 E866.48632
G1 X113.567 Y104.746 E866.53821
G1 X114.319 Y105.342 E866.59127
G1 X114.948 Y106.02 E866.6424
G1 X115.502 Y106.829 E866.69662
G1 X115.908 Y107.67 E866.74826
G1 X116.194 Y108.587 E866.80137
G1 X116.332 Y109.555 E866.85544
G1 X116.331 Y110.483 E866.90675
G1 X116.194 Y111.405 E866.9583
G1 X115.924 Y112.286 E867.00925
G1 X115.481 Y113.203 E867.06556
G1 X114.962 Y113.96 E867.11631
G1 X114.332 Y114.639 E867.16753
G1 X113.602 Y115.224 E867.21926
G1 X112.735 Y115.73 E867.27476
G1 X111.871 Y116.07 E867.3261
G1 X110.969 Y116.273 E867.37723
G1 X110.043 Y116.347 E867.42859
G0 F9000 X110.059 Y116.573
G0 X110 Y118.073
G0 X110 Y118.299
G1 F1486.7 X110.984 Y118.24 E867.4831
G1 X111.939 Y118.066 E867.53678
G1 X112.884 Y117.778 E867.59141
G1 X113.792 Y117.379 E867.64625
G1 X114.628 Y116.886 E867.69991
G1 X115.414 Y116.284 E867.75466
G1 X116.125 Y115.594 E867.80944
G1 X116.741 Y114.831 E867.86367
G1 X117.262 Y114.008 E867.91753
G1 X117.69 Y113.111 E867.97248
G1 X118.003 Y112.19 E868.02627
G1 X118.206 Y111.228 E868.08063
G1 X118.295 Y110.239 E868.13554
G1 X118.266 Y109.26 E868.1897
G1 X118.118 Y108.285 E868.24423
G1 X117.859 Y107.334 E868.29873
G1 X117.491 Y106.435 E868.35244
G1 X117.01 Y105.562 E868.40756
G1 X116.447 Y104.773 E868.46116
G1 X115.783 Y104.047 E868.51556
G1 X115.03 Y103.398 E868.57053
G1 X114.219 Y102.853 E868.62455
G1 X113.349 Y102.407 E868.67861
G1 X112.423 Y102.063 E868.73324
G1 X111.464 Y101.831 E868.78779
G1 X110.476 Y101.716 E868.84279
G1 X109.971 Y101.701 E868.87073
G1 X109.52 Y101.715 E868.89568
G1 X108.532 Y101.831 E868.95069
G1 X107.573 Y102.063 E869.00524
G1 X106.647 Y102.407 E869.05987
G1 X105.777 Y102.853 E869.11393
G1 X104.966 Y103.398 E869.16796
G1 X104.214 Y104.047 E869.22288
G1 X103.553 Y104.774 E869.27721
G1 X102.986 Y105.564 E869.33098
G1 X102.505 Y106.435 E869.386
G1 X102.133 Y107.346 E869.44041
G1 X101.875 Y108.291 E869.49458
G1 X101.735 Y109.258 E869.54861
G1 X101.705 Y110.239 E869.60288
G1 X101.794 Y111.229 E869.65784
G1 X101.993 Y112.191 E869.71216
G1 X102.306 Y113.111 E869.76589
G1 X102.734 Y114.008 E869.82085
G1 X103.254 Y114.831 E869.87468
G1 X103.874 Y115.594 E869.92904
G1 X104.587 Y116.285 E869.98395
G1 X105.369 Y116.887 E870.03852
G1 X106.204 Y117.379 E870.09211
G1 X107.112 Y117.778 E870.14695
G1 X108.057 Y118.066 E870.20157
G1 X109.012 Y118.239 E870.25524
G1 X110 Y118.299 E870.30997
G0 F9000 X110 Y118.774
;TYPE:WALL-OUTER
G1 F1486.7 X111.041 Y118.712 E870.36187
G1 X112.05 Y118.529 E870.4129
G1 X113.049 Y118.224 E870.46488
G1 X114.009 Y117.803 E870.51705
G1 X114.894 Y117.281 E870.56818
G1 X115.724 Y116.645 E870.62022
G1 X116.477 Y115.915 E870.67241
G1 X117.128 Y115.108 E870.72401
G1 X117.678 Y114.238 E870.77523
G1 X118.131 Y113.291 E870.82748
G1 X118.462 Y112.316 E870.87872
G1 X118.677 Y111.298 E870.9305
G1 X118.77 Y110.253 E870.98271
G1 X118.739 Y109.217 E871.03429
G1 X118.583 Y108.187 E871.08613
G1 X118.31 Y107.181 E871.138
G1 X117.92 Y106.23 E871.18916
G1 X117.413 Y105.309 E871.24148
G1 X116.816 Y104.474 E871.29256
G1 X116.114 Y103.706 E871.34434
G1 X115.319 Y103.02 E871.3966
G1 X114.461 Y102.443 E871.44805
G1 X113.541 Y101.971 E871.49951
G1 X112.562 Y101.608 E871.55147
G1 X111.548 Y101.363 E871.60339
G1 X110.511 Y101.241 E871.65535
G1 X110 Y101.226 E871.68079
G1 X109.485 Y101.241 E871.70643
G1 X108.448 Y101.362 E871.75839
G1 X107.434 Y101.608 E871.81031
G1 X106.455 Y101.971 E871.86228
G1 X105.535 Y102.443 E871.91373
G1 X104.677 Y103.02 E871.96519
G1 X103.882 Y103.706 E872.01745
G1 X103.184 Y104.474 E872.06909
G1 X102.583 Y105.309 E872.12029
G1 X102.076 Y106.23 E872.17261
G1 X101.682 Y107.193 E872.22439
G1 X101.409 Y108.194 E872.27603
G1 X101.261 Y109.216 E872.32742
G1 X101.23 Y110.253 E872.37905
G1 X101.323 Y111.299 E872.43131
G1 X101.534 Y112.316 E872.483
G1 X101.865 Y113.291 E872.53424
G1 X102.318 Y114.238 E872.58648
G1 X102.868 Y115.108 E872.6377
G1 X103.523 Y115.915 E872.68943
G1 X104.276 Y116.645 E872.74162
G1 X105.103 Y117.281 E872.79354
G1 X105.987 Y117.803 E872.84463
G1 X106.947 Y118.224 E872.89679
G1 X107.946 Y118.528 E872.94876
G1 X108.955 Y118.712 E872.9998
G1 X110 Y118.774 E873.0519
G0 F9000 X110.199 Y118.763
G1 F1500 E867.0519
G0 F9000 X110.159 Y118.064
G0 X109.931 Y116.571
G0 X109.983 Y115.873
G1 F1500 E873.0519
G1 F1486.7 X109.102 Y115.804 E873.09588
G1 X108.27 Y115.616 E873.13833
G1 X107.457 Y115.295 E873.18182
G1 X106.679 Y114.845 E873.22655
G1 X105.995 Y114.298 E873.27014
G1 X105.405 Y113.662 E873.31331
G1 X104.917 Y112.949 E873.35631
G1 X104.53 Y112.152 E873.4004
G1 X104.269 Y111.294 E873.44503
G1 X104.139 Y110.441 E873.48797
G1 X104.141 Y109.541 E873.53276
G1 X104.274 Y108.68 E873.57612
G1 X104.52 Y107.87 E873.61824
G1 X104.91 Y107.059 E873.66303
G1 X105.397 Y106.344 E873.70608
G1 X106.011 Y105.684 E873.75094
G1 X106.694 Y105.141 E873.79436
G1 X107.445 Y104.707 E873.83753
G1 X108.271 Y104.384 E873.88167
G1 X109.135 Y104.187 E873.92577
G1 X110.007 Y104.122 E873.96928
G1 X110.871 Y104.188 E874.01241
G1 X111.739 Y104.388 E874.05673
G1 X112.555 Y104.707 E874.10034
G1 X113.302 Y105.141 E874.14333
G1 X113.991 Y105.689 E874.18714
G1 X114.587 Y106.329 E874.23066
G1 X115.086 Y107.059 E874.27467
G1 X115.469 Y107.85 E874.3184
G1 X115.731 Y108.706 E874.36295
G1 X115.855 Y109.545 E874.40516
G1 X115.857 Y110.441 E874.44975
G1 X115.724 Y111.327 E874.49434
G1 X115.474 Y112.133 E874.53633
G1 X115.079 Y112.949 E874.58145
G1 X114.592 Y113.662 E874.62442
G1 X113.985 Y114.313 E874.66871
G1 X113.298 Y114.858 E874.71235
G1 X112.543 Y115.295 E874.75577
G1 X111.726 Y115.616 E874.79945
G1 X110.885 Y115.806 E874.84236
G1 X109.983 Y115.873 E874.88737
G0 F9000 X109.784 Y115.858
G0 X109.732 Y116.556
G0 X107.746 Y116.186
;TYPE:FILL
G1 F1486.7 X107.369 Y117.595 E874.97931
G0 F9000 X108.912 Y117.967
G1 F1486.7 X114.901 Y116.362 E875.37016
G1 X114.749 Y116.479
G1 X115.527 Y113.577 E875.55955
G0 F9000 X115.047 Y114.234
G1 F1486.7 X116.074 Y115.261 E875.6511
G0 F9000 X116.581 Y109.64
G1 F1486.7 X117.353 Y106.759 E875.83912
G1 X117.43 Y106.944
G1 X113.049 Y102.563 E876.22967
G1 X113.257 Y102.64
G1 X110.344 Y103.421 E876.41978
G0 F9000 X111.143 Y103.511
G1 F1486.7 X111.52 Y102.102 E876.51172
G0 F9000 X106.385 Y104.482
G1 F1486.7 X103.52 Y105.249 E876.69868
G1 X103.641 Y105.08
G1 X102.032 Y111.086 E877.09063
G1 X102.012 Y110.872
G1 X104.138 Y112.998 E877.28015
G0 F9000 X103.804 Y112.255
G1 F1486.7 X102.406 Y112.629 E877.37138
G0 F9000 X107.01 Y115.87
G1 F1486.7 X109.136 Y117.996 E877.5609
G0 F9000 X113.671 Y115.385
G0 X114.433 Y114.777
G0 X115.095 Y114.063
G0 X115.644 Y113.258
G0 X116.066 Y112.38
G0 X116.353 Y111.449
G0 X116.47 Y110.669
G0 X116.485 Y108.857
G1 F1486.7 X117.895 Y108.479 E877.65292
G0 F9000 X114.433 Y105.223
G0 X113.671 Y104.615
G0 X112.827 Y104.129
G0 X111.92 Y103.773
G0 X110.97 Y103.556
G0 X110 Y103.483
G0 X109.03 Y103.556
G0 X108.08 Y103.773
G0 X107.346 Y104.061
G0 X105.765 Y104.952
G1 F1486.7 X104.738 Y103.925 E877.74448
G0 F9000 X104.982 Y104.211
;MESH:NONMESH
G0 F600 X104.982 Y104.211 Z20.44
G0 F9000 X103.647 Y108.551
G0 X103.502 Y109.514
G0 X103.502 Y110.486
G0 X103.647 Y111.449
G0 X103.934 Y112.38
G0 X104.356 Y113.258
G0 X104.905 Y114.063
G0 X105.567 Y114.777
G0 X106.329 Y115.385
G0 X107.173 Y115.871
G0 X108.08 Y116.227
G0 X108.619 Y116.35
G0 X110.059 Y116.573
G0 X110.043 Y116.347
;TIME_ELAPSED:909.680524
;LAYER:72
;note -- min layer time used
;TYPE:WALL-INNER
;MESH:guia_rocker.STL
G1 F2116 X109.027 Y116.273 E877.80081
G1 X108.131 Y116.07 E877.85161
G1 X107.266 Y115.73 E877.903
G1 X106.442 Y115.258 E877.95551
G1 X105.677 Y114.654 E878.0094
G1 X105.036 Y113.962 E878.06156
G1 X104.516 Y113.203 E878.11243
G1 X104.073 Y112.286 E878.16875
G1 X103.806 Y111.413 E878.21923
G1 X103.666 Y110.483 E878.27123
G1 X103.664 Y109.554 E878.3226
G1 X103.816 Y108.556 E878.37842
G1 X104.088 Y107.671 E878.42962
G1 X104.494 Y106.83 E878.48125
G1 X105.011 Y106.067 E878.53222
G1 X105.694 Y105.329 E878.58782
G1 X106.423 Y104.748 E878.63937
G1 X107.228 Y104.285 E878.69071
G1 X108.092 Y103.943 E878.7421
G1 X109.07 Y103.716 E878.79761
G1 X110.02 Y103.647 E878.85028
G1 X110.929 Y103.717 E878.90069
G1 X111.825 Y103.919 E878.95148
G1 X112.756 Y104.274 E879.00658
G1 X113.567 Y104.746 E879.05846
G1 X114.319 Y105.342 E879.11152
G1 X114.948 Y106.02 E879.16266
G1 X115.502 Y106.829 E879.21688
G1 X115.908 Y107.67 E879.26851
G1 X116.194 Y108.587 E879.32163
G1 X116.332 Y109.555 E879.3757
G1 X116.331 Y110.483 E879.42701
G1 X116.194 Y111.405 E879.47855
G1 X115.924 Y112.286 E879.5295
G1 X115.481 Y113.203 E879.58581
G1 X114.962 Y113.96 E879.63657
G1 X114.332 Y114.639 E879.68778
G1 X113.602 Y115.224 E879.73951
G1 X112.735 Y115.73 E879.79502
G1 X111.871 Y116.07 E879.84636
G1 X110.969 Y116.273 E879.89748
G1 X110.043 Y116.347 E879.94885
G1 F1500 E873.94885
G0 F9000 X110.053 Y116.497
G0 X109.91 Y118.061
G0 X110 Y118.299
G1 F1500 E879.94885
G1 F2116 X110.984 Y118.24 E880.00336
G1 X111.939 Y118.066 E880.05703
G1 X112.884 Y117.778 E880.11166
G1 X113.792 Y117.379 E880.1665
G1 X114.628 Y116.886 E880.22017
G1 X115.414 Y116.284 E880.27491
G1 X116.125 Y115.594 E880.3297
G1 X116.741 Y114.831 E880.38392
G1 X117.262 Y114.008 E880.43778
G1 X117.69 Y113.111 E880.49274
G1 X118.003 Y112.19 E880.54652
G1 X118.206 Y111.228 E880.60089
G1 X118.295 Y110.239 E880.6558
G1 X118.266 Y109.26 E880.70995
G1 X118.118 Y108.285 E880.76448
G1 X117.859 Y107.334 E880.81899
G1 X117.491 Y106.435 E880.8727
G1 X117.01 Y105.562 E880.92781
G1 X116.447 Y104.773 E880.98141
G1 X115.783 Y104.047 E881.03581
G1 X115.03 Y103.398 E881.09078
G1 X114.219 Y102.853 E881.14481
G1 X113.349 Y102.407 E881.19887
G1 X112.423 Y102.063 E881.25349
G1 X111.463 Y101.831 E881.3081
G1 X110.511 Y101.716 E881.36113
G1 X109.972 Y101.701 E881.39094
G1 X109.52 Y101.715 E881.41595
G1 X108.532 Y101.831 E881.47095
G1 X107.573 Y102.063 E881.52551
G1 X106.647 Y102.407 E881.58013
G1 X105.777 Y102.853 E881.63419
G1 X104.966 Y103.398 E881.68822
G1 X104.214 Y104.047 E881.74315
G1 X103.553 Y104.774 E881.79748
G1 X102.986 Y105.564 E881.85125
G1 X102.505 Y106.435 E881.90627
G1 X102.133 Y107.346 E881.96068
G1 X101.875 Y108.291 E882.01484
G1 X101.735 Y109.258 E882.06887
G1 X101.705 Y110.239 E882.12314
G1 X101.794 Y111.229 E882.17811
G1 X101.993 Y112.191 E882.23243
G1 X102.306 Y113.111 E882.28616
G1 X102.734 Y114.008 E882.34112
G1 X103.254 Y114.831 E882.39495
G1 X103.874 Y115.594 E882.44931
G1 X104.587 Y116.285 E882.50421
G1 X105.369 Y116.887 E882.55878
G1 X106.204 Y117.379 E882.61237
G1 X107.112 Y117.778 E882.66721
G1 X108.057 Y118.066 E882.72184
G1 X109.012 Y118.239 E882.77551
G1 X110 Y118.299 E882.83024
G0 F9000 X110 Y118.774
;TYPE:WALL-OUTER
G1 F2116 X111.041 Y118.712 E882.88214
G1 X112.05 Y118.529 E882.93317
G1 X113.049 Y118.224 E882.98515
G1 X114.009 Y117.803 E883.03732
G1 X114.894 Y117.281 E883.08845
G1 X115.724 Y116.645 E883.14049
G1 X116.477 Y115.915 E883.19268
G1 X117.128 Y115.108 E883.24428
G1 X117.678 Y114.238 E883.2955
G1 X118.131 Y113.291 E883.34774
G1 X118.462 Y112.316 E883.39898
G1 X118.677 Y111.298 E883.45076
G1 X118.77 Y110.253 E883.50297
G1 X118.739 Y109.217 E883.55455
G1 X118.583 Y108.187 E883.6064
G1 X118.31 Y107.181 E883.65827
G1 X117.92 Y106.23 E883.70942
G1 X117.413 Y105.309 E883.76174
G1 X116.816 Y104.474 E883.81283
G1 X116.114 Y103.706 E883.86461
G1 X115.319 Y103.02 E883.91686
G1 X114.461 Y102.443 E883.96832
G1 X113.541 Y101.971 E884.01978
G1 X112.562 Y101.608 E884.07174
G1 X111.547 Y101.362 E884.12371
G1 X110.547 Y101.241 E884.17384
G1 X110.001 Y101.226 E884.20102
G1 X109.485 Y101.241 E884.22671
G1 X108.448 Y101.362 E884.27867
G1 X107.434 Y101.608 E884.3306
G1 X106.455 Y101.971 E884.38256
G1 X105.535 Y102.443 E884.43402
G1 X104.677 Y103.02 E884.48547
G1 X103.882 Y103.706 E884.53773
G1 X103.184 Y104.474 E884.58938
G1 X102.583 Y105.309 E884.64057
G1 X102.076 Y106.23 E884.69289
G1 X101.682 Y107.193 E884.74467
G1 X101.409 Y108.194 E884.79631
G1 X101.261 Y109.216 E884.8477
G1 X101.23 Y110.253 E884.89933
G1 X101.323 Y111.299 E884.95159
G1 X101.534 Y112.316 E885.00328
G1 X101.865 Y113.291 E885.05452
G1 X102.318 Y114.238 E885.10676
G1 X102.868 Y115.108 E885.15798
G1 X103.523 Y115.915 E885.20971
G1 X104.276 Y116.645 E885.2619
G1 X105.103 Y117.281 E885.31382
G1 X105.987 Y117.803 E885.36491
G1 X106.947 Y118.224 E885.41708
G1 X107.946 Y118.528 E885.46904
G1 X108.955 Y118.712 E885.52009
G1 X110 Y118.774 E885.57218
G0 F9000 X110.199 Y118.763
G1 F1500 E879.57218
G0 F9000 X110.162 Y118.138
G0 X109.843 Y118.057
G0 X109.964 Y116.58
G0 X109.983 Y115.873
G1 F1500 E885.57218
G1 F2116 X109.102 Y115.804 E885.61616
G1 X108.27 Y115.616 E885.65861
G1 X107.457 Y115.295 E885.70211
G1 X106.679 Y114.845 E885.74683
G1 X105.995 Y114.298 E885.79042
G1 X105.405 Y113.662 E885.83359
G1 X104.917 Y112.949 E885.87659
G1 X104.53 Y112.152 E885.92068
G1 X104.269 Y111.294 E885.96531
G1 X104.139 Y110.441 E886.00825
G1 X104.141 Y109.541 E886.05304
G1 X104.274 Y108.68 E886.0964
G1 X104.527 Y107.85 E886.13958
G1 X104.91 Y107.059 E886.18332
G1 X105.397 Y106.344 E886.22637
G1 X106.011 Y105.684 E886.27123
G1 X106.694 Y105.141 E886.31465
G1 X107.445 Y104.707 E886.35782
G1 X108.271 Y104.384 E886.40196
G1 X109.135 Y104.187 E886.44606
G1 X110.007 Y104.122 E886.48957
G1 X110.872 Y104.188 E886.53274
G1 X111.739 Y104.388 E886.57702
G1 X112.555 Y104.707 E886.62063
G1 X113.302 Y105.141 E886.66362
G1 X113.991 Y105.689 E886.70743
G1 X114.587 Y106.329 E886.75095
G1 X115.086 Y107.059 E886.79496
G1 X115.469 Y107.85 E886.83869
G1 X115.731 Y108.706 E886.88324
G1 X115.855 Y109.545 E886.92545
G1 X115.857 Y110.441 E886.97004
G1 X115.724 Y111.327 E887.01463
G1 X115.474 Y112.133 E887.05662
G1 X115.079 Y112.949 E887.10174
G1 X114.592 Y113.662 E887.14471
G1 X113.985 Y114.313 E887.189
G1 X113.298 Y114.858 E887.23264
G1 X112.543 Y115.295 E887.27606
G1 X111.726 Y115.616 E887.31974
G1 X110.885 Y115.806 E887.36265
G1 X109.983 Y115.873 E887.40766
G0 F9000 X109.784 Y115.858
G1 F1500 E881.40766
G0 F9000 X109.739 Y116.482
G0 X109.999 Y116.582
G0 X109.91 Y118.061
G0 X110 Y117.89
;TYPE:SKIN
G1 F1500 E887.40766
G1 F2116 X109.055 Y117.835 E887.45477
G1 X108.158 Y117.672 E887.50014
G1 X107.255 Y117.396 E887.54713
G1 X106.383 Y117.015 E887.59449
G1 X105.591 Y116.545 E887.64032
G1 X104.856 Y115.981 E887.68642
G1 X104.175 Y115.319 E887.73369
G1 X103.579 Y114.588 E887.78063
G1 X103.09 Y113.815 E887.82615
G1 X102.678 Y112.95 E887.87383
G1 X102.382 Y112.084 E887.91937
G1 X102.195 Y111.171 E887.96575
G1 X102.11 Y110.217 E888.01341
G1 X102.137 Y109.284 E888.05987
G1 X102.269 Y108.378 E888.10543
G1 X102.514 Y107.481 E888.1517
G1 X102.868 Y106.614 E888.19831
G1 X103.331 Y105.773 E888.24608
G1 X103.864 Y105.03 E888.29159
G1 X104.49 Y104.342 E888.33788
G1 X105.213 Y103.715 E888.38551
G1 X105.979 Y103.203 E888.43136
G1 X106.803 Y102.779 E888.47748
G1 X107.69 Y102.452 E888.52452
G1 X108.604 Y102.23 E888.57133
G1 X109.58 Y102.115 E888.62024
G1 X109.954 Y102.105 E888.63886
G1 X110.475 Y102.117 E888.66479
G1 X111.387 Y102.23 E888.71052
G1 X112.306 Y102.452 E888.75757
G1 X113.189 Y102.779 E888.80443
G1 X114.013 Y103.203 E888.85055
G1 X114.779 Y103.716 E888.89643
G1 X115.502 Y104.342 E888.94402
G1 X116.128 Y105.026 E888.99017
G1 X116.665 Y105.776 E889.03607
G1 X117.124 Y106.614 E889.08362
G1 X117.474 Y107.457 E889.12905
G1 X117.719 Y108.363 E889.17575
G1 X117.859 Y109.289 E889.22236
G1 X117.886 Y110.217 E889.26856
G1 X117.8 Y111.17 E889.31618
G1 X117.61 Y112.08 E889.36244
G1 X117.315 Y112.951 E889.40821
G1 X116.902 Y113.814 E889.45582
G1 X116.412 Y114.588 E889.50141
G1 X115.821 Y115.324 E889.54838
G1 X115.144 Y115.981 E889.59533
G1 X114.406 Y116.545 E889.64155
G1 X113.609 Y117.015 E889.6876
G1 X112.741 Y117.396 E889.73478
G1 X111.834 Y117.673 E889.78197
G1 X110.941 Y117.836 E889.82715
G1 X110 Y117.89 E889.87405
G0 F9000 X110 Y117.32
G1 F1368.1 X109.118 Y117.258 E889.94211
G1 F1380 X108.816 Y117.217 E889.96536
G1 F1384 X108.299 Y117.111 E890.00552
G1 F1388 X107.882 Y117.001 E890.03824
G1 X107.45 Y116.851 E890.07293
G1 F1382 X106.885 Y116.619 E890.11947
G1 F1380 X106.645 Y116.499 E890.13994
G1 F1370 X105.905 Y116.067 E890.2058
G1 F1374 X105.237 Y115.547 E890.27068
G1 F1394.1 X104.988 Y115.328 E890.29573
G1 F1392.1 X104.594 Y114.923 E890.33847
G1 F1388 X104.26 Y114.537 E890.37719
G1 F1386 X104.041 Y114.246 E890.40486
G1 F1356.4 X103.64 Y113.636 E890.46154
G1 F1374 X103.189 Y112.703 E890.54096
G1 F1368.1 X102.938 Y111.935 E890.60315
G1 F1374 X102.852 Y111.588 E890.63054
G1 F1378 X102.764 Y111.089 E890.66927
G1 F1386 X102.702 Y110.567 E890.7092
G1 F1388 X102.684 Y110.19 E890.73784
G1 F1360.3 X102.694 Y109.406 E890.79853
G1 F1376 X102.848 Y108.387 E890.8774
G1 F1368.1 X103.058 Y107.669 E890.93498
G1 F1382 X103.188 Y107.309 E890.96415
G1 F1386 X103.385 Y106.867 E891.00091
G1 F1390 X103.638 Y106.375 E891.04282
G1 X103.82 Y106.075 E891.0694
G1 F1376 X104.293 Y105.404 E891.13223
G1 F1396.2 X104.942 Y104.692 E891.20489
G1 F1374 X105.567 Y104.169 E891.26735
G1 F1378 X105.9 Y103.927 E891.29881
G1 X106.268 Y103.701 E891.33181
G1 F1348.7 X106.922 Y103.348 E891.38983
G1 F1368.1 X107.852 Y102.998 E891.46632
G1 F1394.1 X108.814 Y102.769 E891.54101
G1 F1376 X109.599 Y102.691 E891.60138
G1 F1368.1 X110.004 Y102.672 E891.63259
G1 F1366.1 X110.426 Y102.693 E891.66516
G1 F1376 X111.151 Y102.762 E891.72089
G1 F1404.4 X112.141 Y102.994 E891.79713
G1 F1384 X112.959 Y103.304 E891.86369
G1 F1394.1 X113.206 Y103.416 E891.88417
G1 F1384 X113.72 Y103.7 E891.92885
G1 F1376 X114.101 Y103.939 E891.96327
G1 F1378 X114.422 Y104.172 E891.99358
G1 F1382 X114.916 Y104.577 E892.04226
G1 F1390 X115.105 Y104.758 E892.06208
G1 F1376 X115.688 Y105.388 E892.12777
G1 F1374 X116.172 Y106.078 E892.19237
G1 F1390 X116.339 Y106.354 E892.2168
G1 F1388 X116.604 Y106.868 E892.26067
G1 F1386 X116.811 Y107.325 E892.29879
G1 F1382 X116.931 Y107.65 E892.32519
G1 F1356.4 X117.146 Y108.399 E892.38569
G1 F1372 X117.293 Y109.381 E892.46189
G1 F1364.2 X117.307 Y110.189 E892.52427
G1 F1386 X117.29 Y110.574 E892.55355
G1 F1392.1 X117.229 Y111.088 E892.59271
G1 X117.14 Y111.589 E892.6312
G1 F1394.1 X117.05 Y111.936 E892.65827
G1 F1382 X116.819 Y112.66 E892.71618
G1 F1396.2 X116.361 Y113.617 E892.7962
G1 F1372 X115.946 Y114.247 E892.8541
G1 F1388 X115.709 Y114.566 E892.88425
G1 F1390 X115.397 Y114.927 E892.92039
G1 F1388 X115.015 Y115.317 E892.96181
G1 F1386 X114.763 Y115.542 E892.98748
G1 F1368.1 X114.083 Y116.069 E893.05369
G1 F1370 X113.348 Y116.496 E893.11903
G1 F1386 X113.108 Y116.616 E893.13941
G1 F1390 X112.535 Y116.857 E893.1865
G1 F1398.2 X112.179 Y116.981 E893.2149
G1 F1396.2 X111.69 Y117.113 E893.2531
G1 F1388 X111.183 Y117.217 E893.29236
G1 F1382 X110.874 Y117.259 E893.31612
G1 F1368.1 X110 Y117.32 E893.38356
G0 F9000 X109.978 Y116.753
G1 F2116 X111.045 Y116.67 E893.43682
G1 X111.994 Y116.456 E893.48523
G1 X112.887 Y116.103 E893.53302
G1 X113.817 Y115.571 E893.58634
G1 X114.613 Y114.926 E893.63732
G1 X115.272 Y114.218 E893.68546
G1 X115.814 Y113.428 E893.73314
G1 X116.306 Y112.417 E893.78909
G1 X116.593 Y111.479 E893.83791
G1 X116.734 Y110.504 E893.88693
G1 X116.731 Y109.467 E893.93854
G1 X116.586 Y108.485 E893.98794
G1 X116.292 Y107.537 E894.03733
G1 X115.85 Y106.627 E894.08768
G1 X115.296 Y105.8 E894.13722
G1 X114.564 Y105.017 E894.19056
G1 X113.79 Y104.408 E894.23957
G1 X112.947 Y103.915 E894.28817
G1 X111.986 Y103.539 E894.33953
G1 X110.984 Y103.312 E894.39065
G1 X110.041 Y103.243 E894.43771
G1 X109.028 Y103.311 E894.48823
G1 X108.022 Y103.54 E894.53958
G1 X107.031 Y103.928 E894.59254
G1 X106.203 Y104.404 E894.64007
G1 X105.435 Y105.012 E894.68882
G1 X104.729 Y105.768 E894.7403
G1 X104.138 Y106.635 E894.79251
G1 X103.704 Y107.537 E894.84233
G1 X103.416 Y108.473 E894.89106
G1 X103.261 Y109.465 E894.94103
G1 X103.263 Y110.517 E894.99338
G1 X103.407 Y111.478 E895.04174
G1 X103.698 Y112.453 E895.09238
G1 X104.166 Y113.404 E895.14513
G1 X104.717 Y114.211 E895.19375
G1 X105.395 Y114.941 E895.24334
G1 X106.218 Y115.594 E895.29562
G1 X107.109 Y116.103 E895.34668
G1 X108.014 Y116.456 E895.39503
G1 X108.933 Y116.668 E895.44196
G1 X109.978 Y116.753 E895.49414
;MESH:NONMESH
G0 F600 X109.978 Y116.753 Z20.72
G0 F9000 X110.043 Y116.347
;TIME_ELAPSED:922.004606
;LAYER:73
;note -- min layer time used
;TYPE:WALL-INNER
;MESH:guia_rocker.STL
G1 F2096.4 X109.027 Y116.273 E895.55047
G1 X108.13 Y116.07 E895.60132
G1 X107.266 Y115.73 E895.65266
G1 X106.442 Y115.258 E895.70517
G1 X105.677 Y114.654 E895.75907
G1 X105.036 Y113.962 E895.81123
G1 X104.516 Y113.203 E895.8621
G1 X104.073 Y112.286 E895.91841
G1 X103.806 Y111.413 E895.96889
G1 X103.666 Y110.483 E896.02089
G1 X103.664 Y109.554 E896.07226
G1 X103.816 Y108.556 E896.12808
G1 X104.088 Y107.671 E896.17928
G1 X104.494 Y106.83 E896.23092
G1 X105.011 Y106.067 E896.28188
G1 X105.694 Y105.329 E896.33748
G1 X106.423 Y104.748 E896.38903
G1 X107.228 Y104.285 E896.44038
G1 X108.092 Y103.943 E896.49176
G1 X109.07 Y103.716 E896.54728
G1 X110.022 Y103.647 E896.60006
G1 X110.926 Y103.716 E896.65019
G1 X111.825 Y103.919 E896.70115
G1 X112.756 Y104.274 E896.75624
G1 X113.567 Y104.746 E896.80813
G1 X114.319 Y105.342 E896.86119
G1 X114.948 Y106.02 E896.91233
G1 X115.502 Y106.829 E896.96654
G1 X115.908 Y107.67 E897.01818
G1 X116.194 Y108.587 E897.0713
G1 X116.332 Y109.555 E897.12536
G1 X116.331 Y110.483 E897.17668
G1 X116.194 Y111.405 E897.22822
G1 X115.924 Y112.286 E897.27917
G1 X115.481 Y113.203 E897.33548
G1 X114.962 Y113.96 E897.38623
G1 X114.332 Y114.639 E897.43745
G1 X113.602 Y115.224 E897.48918
G1 X112.735 Y115.73 E897.54469
G1 X111.871 Y116.07 E897.59603
G1 X110.969 Y116.273 E897.64715
G1 X110.043 Y116.347 E897.69852
G1 F1500 E891.69852
G0 F9000 X110.053 Y116.497
G0 X109.91 Y118.061
G0 X110 Y118.299
G1 F1500 E897.69852
G1 F2096.4 X110.984 Y118.24 E897.75303
G1 X111.939 Y118.066 E897.8067
G1 X112.884 Y117.778 E897.86133
G1 X113.792 Y117.379 E897.91617
G1 X114.628 Y116.886 E897.96984
G1 X115.414 Y116.284 E898.02458
G1 X116.125 Y115.594 E898.07937
G1 X116.741 Y114.831 E898.13359
G1 X117.262 Y114.008 E898.18745
G1 X117.69 Y113.111 E898.24241
G1 X118.003 Y112.19 E898.29619
G1 X118.206 Y111.228 E898.35056
G1 X118.295 Y110.239 E898.40547
G1 X118.266 Y109.26 E898.45962
G1 X118.118 Y108.285 E898.51415
G1 X117.859 Y107.334 E898.56865
G1 X117.491 Y106.435 E898.62237
G1 X117.01 Y105.562 E898.67748
G1 X116.447 Y104.773 E898.73108
G1 X115.783 Y104.047 E898.78548
G1 X115.03 Y103.398 E898.84045
G1 X114.219 Y102.853 E898.89448
G1 X113.349 Y102.407 E898.94854
G1 X112.423 Y102.063 E899.00316
G1 X111.464 Y101.831 E899.05772
G1 X110.476 Y101.716 E899.11272
G1 X109.971 Y101.701 E899.14065
G1 X109.52 Y101.715 E899.1656
G1 X108.532 Y101.831 E899.22061
G1 X107.573 Y102.063 E899.27517
G1 X106.647 Y102.407 E899.32979
G1 X105.777 Y102.853 E899.38385
G1 X104.966 Y103.398 E899.43788
G1 X104.214 Y104.047 E899.49281
G1 X103.553 Y104.774 E899.54714
G1 X102.986 Y105.564 E899.60091
G1 X102.505 Y106.435 E899.65592
G1 X102.133 Y107.346 E899.71034
G1 X101.875 Y108.291 E899.7645
G1 X101.735 Y109.258 E899.81853
G1 X101.705 Y110.239 E899.8728
G1 X101.794 Y111.229 E899.92776
G1 X101.993 Y112.191 E899.98208
G1 X102.306 Y113.111 E900.03582
G1 X102.734 Y114.008 E900.09077
G1 X103.254 Y114.831 E900.1446
G1 X103.874 Y115.594 E900.19897
G1 X104.587 Y116.285 E900.25387
G1 X105.369 Y116.887 E900.30844
G1 X106.204 Y117.379 E900.36203
G1 X107.113 Y117.778 E900.41692
G1 X108.038 Y118.062 E900.47043
G1 X109.012 Y118.239 E900.52516
G1 X110 Y118.299 E900.5799
G0 F9000 X110 Y118.774
;TYPE:WALL-OUTER
G1 F2096.4 X111.041 Y118.712 E900.63179
G1 X112.05 Y118.529 E900.68283
G1 X113.049 Y118.224 E900.73481
G1 X114.009 Y117.803 E900.78698
G1 X114.894 Y117.281 E900.83811
G1 X115.724 Y116.645 E900.89015
G1 X116.477 Y115.915 E900.94234
G1 X117.128 Y115.108 E900.99394
G1 X117.678 Y114.238 E901.04516
G1 X118.131 Y113.291 E901.0974
G1 X118.462 Y112.316 E901.14864
G1 X118.677 Y111.298 E901.20042
G1 X118.77 Y110.253 E901.25263
G1 X118.739 Y109.217 E901.30421
G1 X118.583 Y108.187 E901.35606
G1 X118.31 Y107.181 E901.40793
G1 X117.92 Y106.23 E901.45908
G1 X117.413 Y105.309 E901.5114
G1 X116.816 Y104.474 E901.56248
G1 X116.114 Y103.706 E901.61427
G1 X115.319 Y103.02 E901.66652
G1 X114.461 Y102.443 E901.71798
G1 X113.541 Y101.971 E901.76944
G1 X112.562 Y101.608 E901.8214
G1 X111.548 Y101.363 E901.87331
G1 X110.511 Y101.241 E901.92527
G1 X110 Y101.226 E901.95072
G1 X109.485 Y101.241 E901.97636
G1 X108.448 Y101.362 E902.02831
G1 X107.434 Y101.608 E902.08024
G1 X106.455 Y101.971 E902.1322
G1 X105.535 Y102.443 E902.18366
G1 X104.677 Y103.02 E902.23511
G1 X103.882 Y103.706 E902.28737
G1 X103.184 Y104.474 E902.33902
G1 X102.583 Y105.309 E902.39022
G1 X102.076 Y106.23 E902.44254
G1 X101.682 Y107.193 E902.49432
G1 X101.409 Y108.194 E902.54595
G1 X101.261 Y109.216 E902.59734
G1 X101.23 Y110.253 E902.64897
G1 X101.323 Y111.299 E902.70123
G1 X101.534 Y112.316 E902.75292
G1 X101.865 Y113.291 E902.80416
G1 X102.318 Y114.238 E902.8564
G1 X102.868 Y115.108 E902.90763
G1 X103.523 Y115.915 E902.95935
G1 X104.276 Y116.645 E903.01154
G1 X105.103 Y117.281 E903.06346
G1 X105.987 Y117.803 E903.11455
G1 X106.947 Y118.224 E903.16672
G1 X107.926 Y118.524 E903.21768
G1 X108.955 Y118.712 E903.26973
G1 X110 Y118.774 E903.32183
G0 F9000 X110.199 Y118.763
G1 F1500 E897.32183
G0 F9000 X110.162 Y118.138
G0 X109.843 Y118.057
G0 X109.964 Y116.58
G0 X109.983 Y115.873
G1 F1500 E903.32183
G1 F2096.4 X109.102 Y115.804 E903.36581
G1 X108.269 Y115.616 E903.4083
G1 X107.457 Y115.295 E903.45176
G1 X106.679 Y114.845 E903.49648
G1 X105.995 Y114.298 E903.54007
G1 X105.405 Y113.662 E903.58324
G1 X104.917 Y112.949 E903.62624
G1 X104.53 Y112.152 E903.67033
G1 X104.269 Y111.294 E903.71496
G1 X104.139 Y110.441 E903.7579
G1 X104.141 Y109.541 E903.80269
G1 X104.274 Y108.68 E903.84605
G1 X104.527 Y107.85 E903.88923
G1 X104.91 Y107.059 E903.93297
G1 X105.397 Y106.344 E903.97602
G1 X106.011 Y105.684 E904.02088
G1 X106.694 Y105.141 E904.0643
G1 X107.445 Y104.707 E904.10747
G1 X108.271 Y104.384 E904.1516
G1 X109.135 Y104.187 E904.19571
G1 X110.007 Y104.122 E904.23922
G1 X110.871 Y104.188 E904.28234
G1 X111.739 Y104.388 E904.32667
G1 X112.555 Y104.707 E904.37027
G1 X113.302 Y105.141 E904.41327
G1 X113.991 Y105.689 E904.45708
G1 X114.587 Y106.329 E904.5006
G1 X115.086 Y107.059 E904.54461
G1 X115.469 Y107.85 E904.58834
G1 X115.731 Y108.706 E904.63289
G1 X115.855 Y109.545 E904.6751
G1 X115.857 Y110.441 E904.71969
G1 X115.724 Y111.327 E904.76427
G1 X115.474 Y112.133 E904.80627
G1 X115.079 Y112.949 E904.85139
G1 X114.592 Y113.662 E904.89436
G1 X113.985 Y114.313 E904.93865
G1 X113.298 Y114.858 E904.98229
G1 X112.543 Y115.295 E905.02571
G1 X111.726 Y115.616 E905.06939
G1 X110.885 Y115.806 E905.1123
G1 X109.983 Y115.873 E905.15731
G0 F9000 X109.784 Y115.858
G1 F1500 E899.15731
G0 F9000 X109.739 Y116.482
G0 X109.999 Y116.582
G0 X109.91 Y118.061
G0 X110 Y117.89
;TYPE:SKIN
G1 F1500 E905.15731
G1 F2096.4 X109.055 Y117.835 E905.20442
G1 X108.138 Y117.668 E905.2508
G1 X107.255 Y117.396 E905.29678
G1 X106.383 Y117.015 E905.34414
G1 X105.591 Y116.545 E905.38997
G1 X104.856 Y115.981 E905.43608
G1 X104.175 Y115.319 E905.48334
G1 X103.579 Y114.588 E905.53028
G1 X103.09 Y113.815 E905.5758
G1 X102.678 Y112.95 E905.62348
G1 X102.382 Y112.084 E905.66902
G1 X102.195 Y111.171 E905.7154
G1 X102.11 Y110.217 E905.76307
G1 X102.137 Y109.284 E905.80952
G1 X102.269 Y108.378 E905.85508
G1 X102.514 Y107.481 E905.90136
G1 X102.868 Y106.614 E905.94796
G1 X103.331 Y105.773 E905.99574
G1 X103.864 Y105.03 E906.04124
G1 X104.49 Y104.342 E906.08753
G1 X105.213 Y103.715 E906.13516
G1 X105.979 Y103.203 E906.18101
G1 X106.803 Y102.779 E906.22713
G1 X107.69 Y102.452 E906.27418
G1 X108.604 Y102.23 E906.32098
G1 X109.58 Y102.115 E906.36989
G1 X109.958 Y102.105 E906.38871
G1 X110.439 Y102.117 E906.41265
G1 X111.387 Y102.231 E906.46017
G1 X112.306 Y102.452 E906.50721
G1 X113.189 Y102.779 E906.55407
G1 X114.013 Y103.203 E906.60019
G1 X114.779 Y103.716 E906.64606
G1 X115.502 Y104.342 E906.69366
G1 X116.128 Y105.026 E906.7398
G1 X116.665 Y105.776 E906.78571
G1 X117.124 Y106.614 E906.83326
G1 X117.474 Y107.457 E906.87868
G1 X117.719 Y108.363 E906.92539
G1 X117.859 Y109.289 E906.97199
G1 X117.886 Y110.217 E907.0182
G1 X117.8 Y111.17 E907.06581
G1 X117.61 Y112.08 E907.11208
G1 X117.315 Y112.951 E907.15784
G1 X116.902 Y113.814 E907.20545
G1 X116.412 Y114.588 E907.25104
G1 X115.821 Y115.324 E907.29802
G1 X115.144 Y115.981 E907.34497
G1 X114.406 Y116.545 E907.39119
G1 X113.609 Y117.015 E907.43724
G1 X112.741 Y117.396 E907.48441
G1 X111.834 Y117.673 E907.53161
G1 X110.941 Y117.836 E907.57678
G1 X110 Y117.89 E907.62369
G0 F9000 X110 Y117.32
G1 F1355.5 X109.118 Y117.258 E907.69174
G1 F1367.2 X108.816 Y117.217 E907.715
G1 F1371.2 X108.279 Y117.107 E907.75671
G1 F1375.2 X107.882 Y117.001 E907.78788
G1 F1373.2 X107.447 Y116.85 E907.82286
G1 F1367.2 X106.898 Y116.624 E907.86817
G1 X106.645 Y116.499 E907.8897
G1 F1357.4 X105.905 Y116.067 E907.95556
G1 F1361.3 X105.237 Y115.547 E908.02044
G1 F1381.3 X104.988 Y115.328 E908.04548
G1 F1379.2 X104.594 Y114.923 E908.08822
G1 F1375.2 X104.26 Y114.537 E908.12695
G1 F1373.2 X104.041 Y114.246 E908.15462
G1 F1343.9 X103.64 Y113.636 E908.21129
G1 F1361.3 X103.189 Y112.703 E908.29071
G1 F1355.5 X102.938 Y111.935 E908.3529
G1 F1361.3 X102.852 Y111.588 E908.3803
G1 F1365.3 X102.764 Y111.089 E908.41902
G1 F1373.2 X102.702 Y110.567 E908.45896
G1 F1375.2 X102.684 Y110.19 E908.48759
G1 F1347.7 X102.694 Y109.406 E908.54829
G1 F1363.3 X102.848 Y108.387 E908.62716
G1 F1355.5 X103.058 Y107.669 E908.68474
G1 F1369.2 X103.188 Y107.309 E908.7139
G1 F1373.2 X103.385 Y106.867 E908.75067
G1 F1377.2 X103.638 Y106.375 E908.79258
G1 X103.82 Y106.075 E908.81916
G1 F1363.3 X104.293 Y105.404 E908.88198
G1 F1383.3 X104.942 Y104.692 E908.95465
G1 F1361.3 X105.567 Y104.169 E909.0171
G1 F1365.3 X105.9 Y103.927 E909.04856
G1 X106.268 Y103.701 E909.08156
G1 F1336.3 X106.922 Y103.348 E909.13959
G1 F1355.5 X107.852 Y102.998 E909.21607
G1 F1365.3 X108.706 Y102.795 E909.28315
G1 F1377.2 X108.961 Y102.752 E909.30274
G1 F1367.2 X109.599 Y102.692 E909.35164
G1 F1355.5 X110.049 Y102.673 E909.38631
G1 F1361.3 X110.39 Y102.69 E909.41247
G1 F1373.2 X111.025 Y102.752 E909.46095
G1 F1377.2 X111.282 Y102.795 E909.48069
G1 F1367.2 X112.14 Y102.996 E909.54793
G1 F1365.3 X112.959 Y103.305 E909.61482
G1 F1377.2 X113.202 Y103.415 E909.63503
G1 F1369.2 X113.72 Y103.7 E909.68008
G1 F1363.3 X114.083 Y103.927 E909.71284
G1 F1365.3 X114.422 Y104.172 E909.74481
G1 F1369.2 X114.916 Y104.577 E909.79348
G1 F1377.2 X115.105 Y104.758 E909.8133
G1 F1363.3 X115.688 Y105.388 E909.87899
G1 F1361.3 X116.172 Y106.078 E909.94359
G1 F1377.2 X116.339 Y106.354 E909.96802
G1 F1375.2 X116.604 Y106.868 E910.0119
G1 F1373.2 X116.811 Y107.325 E910.05001
G1 F1369.2 X116.931 Y107.65 E910.07641
G1 F1361.3 X117.146 Y108.398 E910.13606
G1 F1377.2 X117.296 Y109.451 E910.21663
G1 F1355.5 X117.308 Y110.189 E910.27344
G1 F1375.2 X117.29 Y110.574 E910.30268
G1 F1379.2 X117.229 Y111.088 E910.34184
G1 X117.14 Y111.589 E910.38033
G1 F1381.3 X117.05 Y111.936 E910.40741
G1 F1369.2 X116.819 Y112.66 E910.46531
G1 F1383.3 X116.361 Y113.617 E910.54533
G1 F1359.4 X115.946 Y114.247 E910.60323
G1 F1375.2 X115.709 Y114.566 E910.63338
G1 F1377.2 X115.397 Y114.927 E910.66953
G1 F1375.2 X115.015 Y115.317 E910.71094
G1 F1373.2 X114.763 Y115.542 E910.73661
G1 F1355.5 X114.083 Y116.069 E910.80283
G1 F1357.4 X113.348 Y116.496 E910.86816
G1 F1373.2 X113.108 Y116.616 E910.88855
G1 F1377.2 X112.535 Y116.857 E910.93564
G1 F1385.3 X112.179 Y116.981 E910.96403
G1 F1383.3 X111.69 Y117.113 E911.00223
G1 F1375.2 X111.183 Y117.217 E911.04149
G1 F1369.2 X110.874 Y117.259 E911.06525
G1 F1355.5 X110 Y117.32 E911.13269
G0 F9000 X109.978 Y116.753
G1 F2096.4 X111.045 Y116.67 E911.18595
G1 X111.994 Y116.456 E911.23436
G1 X112.887 Y116.103 E911.28215
G1 X113.817 Y115.571 E911.33547
G1 X114.613 Y114.926 E911.38646
G1 X115.272 Y114.218 E911.43459
G1 X115.814 Y113.428 E911.48227
G1 X116.306 Y112.417 E911.53822
G1 X116.593 Y111.479 E911.58704
G1 X116.734 Y110.504 E911.63606
G1 X116.731 Y109.467 E911.68767
G1 X116.586 Y108.485 E911.73707
G1 X116.292 Y107.537 E911.78647
G1 X115.85 Y106.627 E911.83681
G1 X115.296 Y105.8 E911.88635
G1 X114.564 Y105.017 E911.93969
G1 X113.79 Y104.408 E911.9887
G1 X112.947 Y103.915 E912.0373
G1 X112.007 Y103.548 E912.08752
G1 X110.971 Y103.312 E912.1404
G1 X110.045 Y103.243 E912.18661
G1 X109.028 Y103.311 E912.23733
G1 X108.022 Y103.54 E912.28868
G1 X107.031 Y103.928 E912.34164
G1 X106.203 Y104.404 E912.38917
G1 X105.435 Y105.012 E912.43792
G1 X104.729 Y105.768 E912.4894
G1 X104.138 Y106.635 E912.54161
G1 X103.704 Y107.537 E912.59143
G1 X103.416 Y108.473 E912.64016
G1 X103.261 Y109.465 E912.69013
G1 X103.263 Y110.517 E912.74248
G1 X103.407 Y111.478 E912.79084
G1 X103.698 Y112.453 E912.84148
G1 X104.166 Y113.404 E912.89422
G1 X104.717 Y114.211 E912.94285
G1 X105.395 Y114.941 E912.99243
G1 X106.218 Y115.594 E913.04472
G1 X107.109 Y116.103 E913.09578
G1 X108.029 Y116.46 E913.14489
G1 X108.933 Y116.668 E913.19106
G1 X109.978 Y116.753 E913.24323
;MESH:NONMESH
G0 F600 X109.978 Y116.753 Z21
G0 F9000 X110.042 Y116.347
;TIME_ELAPSED:934.417065
;LAYER:74
;note -- min layer time used
;TYPE:WALL-INNER
;MESH:guia_rocker.STL
G1 F2766.9 X109.029 Y116.274 E913.29939
G1 X108.13 Y116.071 E913.35036
G1 X107.266 Y115.73 E913.40172
G1 X106.439 Y115.256 E913.45442
G1 X105.665 Y114.64 E913.50912
G1 X105.036 Y113.962 E913.56026
G1 X104.499 Y113.179 E913.61276
G1 X104.095 Y112.344 E913.66405
G1 X103.806 Y111.414 E913.7179
G1 X103.666 Y110.483 E913.76996
G1 X103.664 Y109.554 E913.82133
G1 X103.816 Y108.556 E913.87715
G1 X104.082 Y107.68 E913.92777
G1 X104.494 Y106.83 E913.98
G1 X105.05 Y106.018 E914.03442
G1 X105.697 Y105.327 E914.08676
G1 X106.427 Y104.748 E914.13828
G1 X107.229 Y104.284 E914.18952
G1 X108.136 Y103.928 E914.2434
G1 X109.07 Y103.716 E914.29636
G1 X110.021 Y103.647 E914.34908
G1 X110.928 Y103.717 E914.39938
G1 X111.825 Y103.919 E914.45022
G1 X112.771 Y104.284 E914.50629
G1 X113.568 Y104.746 E914.55723
G1 X114.302 Y105.329 E914.60906
G1 X114.948 Y106.02 E914.66137
G1 X115.502 Y106.829 E914.71558
G1 X115.908 Y107.67 E914.76722
G1 X116.184 Y108.555 E914.81848
G1 X116.332 Y109.555 E914.87438
G1 X116.331 Y110.483 E914.92569
G1 X116.194 Y111.407 E914.97734
G1 X115.925 Y112.284 E915.02807
G1 X115.48 Y113.203 E915.08453
G1 X114.96 Y113.962 E915.1354
G1 X114.332 Y114.639 E915.18646
G1 X113.554 Y115.258 E915.24144
G1 X112.735 Y115.73 E915.29371
G1 X111.864 Y116.07 E915.34541
G1 X110.97 Y116.273 E915.3961
G1 X110.042 Y116.347 E915.44758
G1 F1500 E909.44758
G0 F9000 X110.052 Y116.498
G0 X109.905 Y118.06
G1 F1500 E915.44758
G0 F9000 X109.994 Y118.298
G1 F2766.9 X110.984 Y118.239 E915.50242
G1 X111.935 Y118.066 E915.55586
G1 X112.884 Y117.778 E915.6107
G1 X113.791 Y117.38 E915.66547
G1 X114.623 Y116.886 E915.71897
G1 X115.414 Y116.284 E915.77394
G1 X116.115 Y115.606 E915.82786
G1 X116.738 Y114.838 E915.88255
G1 X117.262 Y114.012 E915.93664
G1 X117.69 Y113.116 E915.99154
G1 X117.999 Y112.194 E916.04531
G1 X118.206 Y111.227 E916.09999
G1 X118.295 Y110.243 E916.15462
G1 X118.265 Y109.263 E916.20884
G1 X118.122 Y108.293 E916.26306
G1 X117.86 Y107.334 E916.31803
G1 X117.491 Y106.435 E916.37176
G1 X117.014 Y105.57 E916.42638
G1 X116.446 Y104.773 E916.4805
G1 X115.787 Y104.051 E916.53455
G1 X115.034 Y103.402 E916.58952
G1 X114.219 Y102.853 E916.64386
G1 X113.353 Y102.41 E916.69764
G1 X112.43 Y102.067 E916.75209
G1 X111.471 Y101.835 E916.80665
G1 X110.479 Y101.716 E916.86189
G1 X109.971 Y101.701 E916.89
G1 X109.52 Y101.715 E916.91495
G1 X108.532 Y101.831 E916.96995
G1 X107.574 Y102.063 E917.02446
G1 X106.655 Y102.406 E917.0787
G1 X105.781 Y102.853 E917.13298
G1 X104.973 Y103.398 E917.18687
G1 X104.217 Y104.044 E917.24186
G1 X103.557 Y104.77 E917.29611
G1 X102.989 Y105.559 E917.34987
G1 X102.509 Y106.431 E917.4049
G1 X102.137 Y107.342 E917.45932
G1 X101.879 Y108.289 E917.51359
G1 X101.735 Y109.251 E917.56738
G1 X101.705 Y110.231 E917.62159
G1 X101.794 Y111.229 E917.67699
G1 X101.993 Y112.188 E917.73115
G1 X102.303 Y113.104 E917.78462
G1 X102.735 Y114.009 E917.84007
G1 X103.25 Y114.827 E917.89352
G1 X103.869 Y115.59 E917.94785
G1 X104.583 Y116.281 E918.00279
G1 X105.365 Y116.882 E918.05733
G1 X106.2 Y117.375 E918.11095
G1 X107.109 Y117.775 E918.16586
G1 X108.053 Y118.065 E918.22047
G1 X109.008 Y118.235 E918.2741
G1 X109.994 Y118.298 E918.32874
G0 F9000 X109.993 Y118.774
;TYPE:WALL-OUTER
G1 F2766.9 X111.041 Y118.712 E918.38098
G1 X112.046 Y118.529 E918.43182
G1 X113.049 Y118.224 E918.48399
G1 X114.009 Y117.803 E918.53616
G1 X114.889 Y117.281 E918.58708
G1 X115.724 Y116.645 E918.63931
G1 X116.465 Y115.927 E918.69066
G1 X117.125 Y115.116 E918.74269
G1 X117.678 Y114.242 E918.79417
G1 X118.131 Y113.295 E918.84641
G1 X118.458 Y112.32 E918.89758
G1 X118.677 Y111.298 E918.9496
G1 X118.77 Y110.257 E919.00161
G1 X118.739 Y109.221 E919.05319
G1 X118.587 Y108.195 E919.10481
G1 X118.31 Y107.181 E919.15712
G1 X117.92 Y106.23 E919.20827
G1 X117.417 Y105.316 E919.26019
G1 X116.816 Y104.474 E919.31167
G1 X116.118 Y103.71 E919.36317
G1 X115.323 Y103.024 E919.41543
G1 X114.461 Y102.443 E919.46716
G1 X113.545 Y101.975 E919.51835
G1 X112.57 Y101.612 E919.57013
G1 X111.555 Y101.366 E919.6221
G1 X110.515 Y101.241 E919.67423
G1 X110 Y101.226 E919.69987
G1 X109.485 Y101.241 E919.72551
G1 X108.448 Y101.362 E919.77747
G1 X107.435 Y101.608 E919.82934
G1 X106.463 Y101.971 E919.88098
G1 X105.539 Y102.443 E919.93261
G1 X104.685 Y103.02 E919.98391
G1 X103.885 Y103.702 E920.03622
G1 X103.188 Y104.47 E920.08783
G1 X102.587 Y105.305 E920.13903
G1 X102.08 Y106.226 E920.19135
G1 X101.686 Y107.189 E920.24313
G1 X101.413 Y108.191 E920.29482
G1 X101.261 Y109.209 E920.34604
G1 X101.23 Y110.245 E920.39762
G1 X101.323 Y111.299 E920.45028
G1 X101.534 Y112.312 E920.50177
G1 X101.861 Y113.283 E920.55276
G1 X102.318 Y114.239 E920.60549
G1 X102.864 Y115.104 E920.6564
G1 X103.519 Y115.911 E920.70812
G1 X104.272 Y116.641 E920.76031
G1 X105.099 Y117.277 E920.81223
G1 X105.983 Y117.799 E920.86332
G1 X106.943 Y118.22 E920.91549
G1 X107.942 Y118.528 E920.96751
G1 X108.951 Y118.708 E921.01852
G1 X109.993 Y118.774 E921.07048
G0 F9000 X110.192 Y118.763
G1 F1500 E915.07048
G0 F9000 X110.155 Y118.137
G0 X109.999 Y116.582
G1 F1500 E921.07048
G0 F9000 X109.983 Y115.873
G1 F2766.9 X109.102 Y115.804 E921.11446
G1 X108.269 Y115.616 E921.15695
G1 X107.457 Y115.295 E921.20041
G1 X106.679 Y114.845 E921.24513
G1 X105.995 Y114.298 E921.28872
G1 X105.405 Y113.662 E921.33189
G1 X104.917 Y112.949 E921.37489
G1 X104.53 Y112.152 E921.41898
G1 X104.269 Y111.294 E921.46361
G1 X104.139 Y110.44 E921.5066
G1 X104.141 Y109.541 E921.55134
G1 X104.274 Y108.68 E921.5947
G1 X104.527 Y107.85 E921.63788
G1 X104.91 Y107.059 E921.68162
G1 X105.409 Y106.328 E921.72566
G1 X106.005 Y105.688 E921.76918
G1 X106.693 Y105.141 E921.81293
G1 X107.445 Y104.707 E921.85613
G1 X108.285 Y104.38 E921.90099
G1 X109.135 Y104.187 E921.94437
G1 X110.007 Y104.122 E921.98789
G1 X110.871 Y104.188 E922.03101
G1 X111.726 Y104.384 E922.07466
G1 X112.555 Y104.707 E922.11894
G1 X113.317 Y105.151 E922.16283
G1 X113.991 Y105.689 E922.20575
G1 X114.587 Y106.329 E922.24927
G1 X115.086 Y107.059 E922.29327
G1 X115.469 Y107.85 E922.33701
G1 X115.726 Y108.68 E922.38025
G1 X115.855 Y109.542 E922.42362
G1 X115.858 Y110.42 E922.46732
G1 X115.729 Y111.308 E922.51197
G1 X115.474 Y112.132 E922.5549
G1 X115.079 Y112.949 E922.60006
G1 X114.591 Y113.662 E922.64306
G1 X113.985 Y114.313 E922.68732
G1 X113.298 Y114.858 E922.73096
G1 X112.543 Y115.295 E922.77437
G1 X111.726 Y115.616 E922.81806
G1 X110.885 Y115.806 E922.86096
G1 X109.983 Y115.873 E922.90598
G0 F9000 X109.784 Y115.858
G1 F1500 E916.90598
G0 F9000 X109.739 Y116.482
G0 X109.999 Y116.582
G0 X109.905 Y118.06
G1 F1500 E922.90598
G0 F9000 X109.993 Y117.89
;TYPE:SKIN
G1 F2766.9 X109.051 Y117.832 E922.95294
G1 X108.154 Y117.672 E922.99829
G1 X107.251 Y117.392 E923.04534
G1 X106.379 Y117.011 E923.0927
G1 X105.587 Y116.541 E923.13853
G1 X104.848 Y115.973 E923.18491
G1 X104.17 Y115.319 E923.23179
G1 X103.576 Y114.584 E923.27882
G1 X103.089 Y113.815 E923.32412
G1 X102.673 Y112.947 E923.37202
G1 X102.382 Y112.084 E923.41734
G1 X102.192 Y111.167 E923.46395
G1 X102.11 Y110.213 E923.5116
G1 X102.137 Y109.281 E923.558
G1 X102.273 Y108.375 E923.60359
G1 X102.518 Y107.477 E923.64992
G1 X102.872 Y106.609 E923.69657
G1 X103.335 Y105.769 E923.7443
G1 X103.868 Y105.026 E923.7898
G1 X104.493 Y104.338 E923.83606
G1 X105.217 Y103.719 E923.88347
G1 X105.987 Y103.199 E923.9297
G1 X106.811 Y102.779 E923.97573
G1 X107.691 Y102.452 E924.02245
G1 X108.604 Y102.23 E924.06921
G1 X109.58 Y102.115 E924.11812
G1 X109.958 Y102.105 E924.13694
G1 X110.443 Y102.117 E924.16108
G1 X111.395 Y102.234 E924.20881
G1 X112.314 Y102.456 E924.25586
G1 X113.193 Y102.783 E924.30253
G1 X114.013 Y103.203 E924.34838
G1 X114.783 Y103.72 E924.39454
G1 X115.51 Y104.346 E924.44228
G1 X116.124 Y105.022 E924.48773
G1 X116.673 Y105.789 E924.53467
G1 X117.128 Y106.614 E924.58156
G1 X117.474 Y107.457 E924.62691
G1 X117.727 Y108.379 E924.67449
G1 X117.859 Y109.292 E924.72039
G1 X117.886 Y110.221 E924.76665
G1 X117.804 Y111.158 E924.81345
G1 X117.606 Y112.092 E924.86097
G1 X117.315 Y112.955 E924.90629
G1 X116.906 Y113.815 E924.95368
G1 X116.412 Y114.596 E924.99967
G1 X115.809 Y115.335 E925.04714
G1 X115.153 Y115.973 E925.09268
G1 X114.394 Y116.549 E925.1401
G1 X113.608 Y117.015 E925.18557
G1 X112.741 Y117.396 E925.2327
G1 X111.83 Y117.672 E925.28007
G1 X110.937 Y117.836 E925.32525
G1 X109.993 Y117.89 E925.37231
G0 F9000 X109.977 Y118.145
G0 X109.999 Y116.582
G0 X109.978 Y116.753
G1 F2766.9 X111.045 Y116.67 E925.42557
G1 X111.986 Y116.456 E925.47359
G1 X112.887 Y116.102 E925.52177
G1 X113.781 Y115.588 E925.57309
G1 X114.617 Y114.922 E925.62628
G1 X115.271 Y114.219 E925.67406
G1 X115.818 Y113.424 E925.72209
G1 X116.306 Y112.413 E925.77796
G1 X116.589 Y111.479 E925.82652
G1 X116.733 Y110.524 E925.87459
G1 X116.731 Y109.466 E925.92724
G1 X116.579 Y108.466 E925.97758
G1 X116.285 Y107.518 E926.02697
G1 X115.855 Y106.637 E926.07576
G1 X115.251 Y105.752 E926.12908
G1 X114.563 Y105.017 E926.17918
G1 X113.79 Y104.409 E926.22812
G1 X112.966 Y103.929 E926.27558
G1 X111.98 Y103.54 E926.32833
G1 X110.98 Y103.312 E926.37937
G1 X110.045 Y103.243 E926.42603
G1 X109.028 Y103.311 E926.47675
G1 X108.022 Y103.54 E926.5281
G1 X107.037 Y103.927 E926.58077
G1 X106.201 Y104.409 E926.62879
G1 X105.44 Y105.007 E926.67695
G1 X104.705 Y105.792 E926.73047
G1 X104.138 Y106.631 E926.78087
G1 X103.711 Y107.518 E926.82986
G1 X103.424 Y108.441 E926.87796
G1 X103.261 Y109.465 E926.92956
G1 X103.263 Y110.516 E926.98186
G1 X103.407 Y111.482 E927.03047
G1 X103.698 Y112.449 E927.08072
G1 X104.145 Y113.381 E927.13216
G1 X104.714 Y114.204 E927.18196
G1 X105.375 Y114.923 E927.23056
G1 X106.217 Y115.593 E927.28411
G1 X107.11 Y116.103 E927.33529
G1 X107.997 Y116.45 E927.38269
G1 X108.937 Y116.668 E927.43071
G1 X109.978 Y116.753 E927.48269
G1 F1500 E921.48269
G0 F9000 X110 Y116.502
G0 X110.97 Y116.444
G0 X111.92 Y116.227
G0 X112.827 Y115.871
G0 X113.671 Y115.385
G0 X114.433 Y114.777
G0 X115.095 Y114.063
G0 X115.644 Y113.258
G0 X116.066 Y112.38
G0 X116.353 Y111.449
G0 X116.498 Y110.486
G0 X116.498 Y109.514
G0 X116.353 Y108.551
G0 X116.272 Y108.287
G0 X115.704 Y106.718
G0 X116.975 Y106.016
G0 X116.908 Y105.69
G1 F1500 E927.48269
G0 F9000 X116.292 Y106.029
G1 F2766.9 X115.774 Y105.306 E927.52695
G1 X115.193 Y104.667 E927.56993
G1 X114.512 Y104.079 E927.6147
G1 X113.762 Y103.58 E927.65953
G1 X114.862 Y104.68 E927.73695
G1 X116.391 Y106.209 E927.84456
G1 F1500 E921.84456
G0 F9000 X117.008 Y105.87
G0 X116.251 Y104.931
G0 X115.123 Y105.869
G0 X114.397 Y105.212
G1 F1500 E927.84456
G0 F9000 X114.862 Y104.68
G1 F2766.9 X114.042 Y104.035 E927.89648
G1 X113.155 Y103.519 E927.94755
G1 X113.006 Y103.46 E927.95552
G1 F1500 E921.95552
G0 F9000 X112.749 Y104.115
G0 X113.671 Y104.615
G0 X114.433 Y105.223
G0 X114.621 Y105.425
G0 X115.704 Y106.718
G0 X116.975 Y106.016
G1 F1500 E927.95552
G0 F9000 X116.391 Y106.209
G1 F2766.9 X116.723 Y106.812 E927.98978
G1 X116.98 Y107.434 E928.02327
G1 X116.519 Y106.973 E928.05572
G1 X116.703 Y107.349 E928.07655
G1 X116.9 Y107.991 E928.10997
G1 X117.252 Y108.342 E928.13471
G1 X117.286 Y108.47 E928.1413
G1 X117.378 Y109.104 E928.17318
G1 X117.084 Y108.811 E928.19384
G1 X117.183 Y109.484 E928.22769
G1 X117.183 Y109.546 E928.23077
G1 X117.424 Y109.788 E928.24777
G1 X117.436 Y110.207 E928.26863
G1 X117.418 Y110.418 E928.27917
G1 X117.183 Y110.183 E928.29571
G1 X117.183 Y110.56 E928.31447
G1 X117.149 Y110.785 E928.32579
G1 X117.366 Y111.002 E928.34107
G1 X117.358 Y111.091 E928.34551
G1 X117.264 Y111.536 E928.36815
G1 X117.065 Y111.337 E928.38215
G1 X117.029 Y111.576 E928.39418
G1 X116.945 Y111.854 E928.40863
G1 X117.145 Y112.054 E928.42271
G1 X116.984 Y112.53 E928.44772
G1 X116.797 Y112.342 E928.46091
G1 X116.729 Y112.567 E928.47261
G1 X116.617 Y112.799 E928.48543
G1 X116.803 Y112.985 E928.49852
G1 X116.598 Y113.416 E928.52227
G1 X116.412 Y113.23 E928.53536
G1 X116.234 Y113.604 E928.55598
G1 X116.2 Y113.654 E928.55898
G1 X116.369 Y113.824 E928.57091
G1 X116.122 Y114.213 E928.59385
G1 X115.941 Y114.032 E928.60658
G1 X115.683 Y114.411 E928.6294
G1 X115.849 Y114.576 E928.64105
G1 X115.563 Y114.927 E928.66358
G1 X115.389 Y114.752 E928.67586
G1 X115.082 Y115.082 E928.69829
G1 X115.251 Y115.251 E928.71019
G1 X114.928 Y115.565 E928.7326
G1 X114.752 Y115.389 E928.74499
G1 X114.398 Y115.671 E928.76751
G1 X114.575 Y115.847 E928.77994
G1 X114.213 Y116.122 E928.80256
G1 X114.043 Y115.952 E928.81452
G1 X113.643 Y116.188 E928.83764
G1 X113.821 Y116.366 E928.85016
G1 X113.421 Y116.603 E928.8733
G1 X113.237 Y116.419 E928.88625
G1 X113.083 Y116.508 E928.8951
G1 X112.8 Y116.618 E928.91021
G1 X112.981 Y116.799 E928.92295
G1 X112.534 Y116.989 E928.94712
G1 X112.342 Y116.797 E928.96064
G1 X112.086 Y116.896 E928.9743
G1 X111.857 Y116.948 E928.98598
G1 X112.045 Y117.136 E928.99921
G1 X111.725 Y117.233 E929.01585
G1 X111.54 Y117.267 E929.02521
G1 X111.337 Y117.065 E929.03947
G1 X111.119 Y117.114 E929.05059
G1 X110.778 Y117.142 E929.06761
G1 X111.003 Y117.367 E929.08345
G1 X110.888 Y117.388 E929.08927
G1 X110.414 Y117.414 E929.11289
G1 X110.19 Y117.19 E929.12866
G1 X110.024 Y117.204 E929.13695
G1 X109.529 Y117.166 E929.16165
G1 X109.788 Y117.425 E929.17988
G1 X109.111 Y117.384 E929.21363
G1 X108.832 Y117.105 E929.23327
G1 X108.001 Y116.911 E929.27574
G1 X108.337 Y117.247 E929.29938
G1 X108.259 Y117.233 E929.30333
G1 X107.431 Y116.977 E929.34646
G1 X106.995 Y116.541 E929.37714
G1 X106.923 Y116.513 E929.38099
G1 X105.985 Y115.979 E929.4347
G1 X105.073 Y115.256 E929.49262
G0 F9000 X105.558 Y114.746
G0 X104.905 Y114.063
G0 X104.356 Y113.258
G0 X103.934 Y112.38
G0 X103.647 Y111.449
G0 X103.502 Y110.486
G0 X103.502 Y109.514
G0 X103.647 Y108.551
G0 X103.934 Y107.62
G0 X104.356 Y106.742
G0 X104.905 Y105.937
G0 X105.567 Y105.223
G0 X106.329 Y104.615
G0 X107.173 Y104.129
G0 X108.08 Y103.773
G0 X109.03 Y103.556
G0 X110 Y103.483
G0 X110.97 Y103.556
G0 X111.74 Y103.732
G0 X112.749 Y104.115
G0 X113.006 Y103.46
G1 F2766.9 X112.583 Y103.037 E929.52239
G1 X112.185 Y102.889 E929.54352
G1 X111.675 Y102.766 E929.56963
G1 X111.99 Y103.081 E929.5918
G1 X111.168 Y102.895 E929.63374
G1 X110.9 Y102.627 E929.6526
G1 X110.414 Y102.567 E929.67697
G1 X110.198 Y102.562 E929.68772
G1 X110.459 Y102.823 E929.70609
G1 X110.041 Y102.792 E929.72695
G1 X109.808 Y102.808 E929.73857
G1 X109.568 Y102.568 E929.75547
G1 X109 Y102.636 E929.78393
G1 X109.212 Y102.848 E929.79885
G1 X108.957 Y102.866 E929.81158
G1 X108.66 Y102.933 E929.82673
G1 X108.457 Y102.73 E929.84102
G1 X107.946 Y102.854 E929.86718
G1 X108.142 Y103.051 E929.88101
G1 X107.889 Y103.109 E929.89393
G1 X107.656 Y103.201 E929.9064
G1 X107.47 Y103.015 E929.91949
G1 X107.005 Y103.187 E929.94416
G1 X107.199 Y103.38 E929.95778
G1 X106.836 Y103.524 E929.97721
G1 X106.753 Y103.571 E929.98196
G1 X106.582 Y103.4 E929.99399
G1 X106.217 Y103.586 E930.01438
G1 X106.166 Y103.621 E930.01746
G1 X106.351 Y103.805 E930.03045
G1 X105.948 Y104.039 E930.05364
G1 X105.787 Y103.878 E930.06497
G1 X105.492 Y104.076 E930.08265
G1 X105.415 Y104.143 E930.08773
G1 X105.591 Y104.318 E930.10008
G1 X105.237 Y104.6 E930.1226
G1 X105.072 Y104.435 E930.13422
G1 X104.81 Y104.659 E930.15137
G1 X104.738 Y104.738 E930.15669
G1 X104.912 Y104.912 E930.16893
G1 X104.606 Y105.242 E930.19133
G1 X104.435 Y105.071 E930.20337
G1 X104.218 Y105.31 E930.21943
G1 X104.143 Y105.415 E930.22585
G1 X104.305 Y105.578 E930.23729
G1 X104.049 Y105.959 E930.26013
G1 X103.877 Y105.786 E930.27227
G1 X103.717 Y106.009 E930.28593
G1 X103.626 Y106.172 E930.29522
G1 X103.793 Y106.339 E930.30698
G1 X103.745 Y106.41 E930.31124
G1 X103.578 Y106.76 E930.33054
G1 X103.4 Y106.582 E930.34307
G1 X103.277 Y106.806 E930.35578
G1 X103.193 Y107.011 E930.36681
G1 X103.371 Y107.189 E930.37934
G1 X103.293 Y107.35 E930.38824
G1 X103.199 Y107.653 E930.40403
G1 X103.009 Y107.464 E930.41736
G1 X102.946 Y107.621 E930.42578
G1 X102.856 Y107.947 E930.44261
G1 X103.047 Y108.138 E930.45606
G1 X102.989 Y108.323 E930.4657
G1 X102.936 Y108.663 E930.48283
G1 X102.719 Y108.447 E930.49807
G1 X102.635 Y108.999 E930.52585
G1 X102.849 Y109.213 E930.54091
G1 X102.809 Y109.469 E930.55381
G1 X102.811 Y109.812 E930.57088
G1 X102.579 Y109.579 E930.58724
G1 X102.56 Y110.197 E930.61801
G1 X102.814 Y110.451 E930.63589
G1 X102.814 Y110.553 E930.64096
G1 X102.909 Y111.182 E930.67262
G1 X102.618 Y110.891 E930.6931
G1 X102.634 Y111.083 E930.70269
G1 X102.753 Y111.663 E930.73216
G1 X103.096 Y112.006 E930.7563
G1 X103.275 Y112.602 E930.78726
G1 X103.477 Y113.023 E930.8105
G1 X103.018 Y112.564 E930.84281
G1 X103.088 Y112.773 E930.85378
G1 X103.484 Y113.599 E930.89936
G1 X103.601 Y113.783 E930.91021
G1 F1500 E924.91021
G0 F9000 X103.006 Y114.156
G0 X104.054 Y115.421
G0 X105.142 Y114.414
G0 X105.559 Y114.746
G1 F1500 E930.91021
G0 F9000 X105.073 Y115.256
G1 F2766.9 X106.199 Y116.381 E930.98942
G1 F1500 E924.98942
G0 F9000 X105.841 Y116.988
G0 X104.747 Y116.091
G0 X105.656 Y114.95
G1 F1500 E930.98942
G0 F9000 X105.049 Y115.232
G1 F2766.9 X103.601 Y113.783 E931.09137
G0 F9000 X103.942 Y114.322
G1 F2766.9 X104.501 Y115.014 E931.13564
G1 X105.144 Y115.633 E931.18006
G1 X105.839 Y116.168 E931.2237
G1 X106.199 Y116.381 E931.24452
;TIME_ELAPSED:951.323496
G1 F1500 E925.24452
M140 S0
M205 X10 Y10
M107
G91 ;Relative positioning
G1 E-2 F2700 ;Retract a bit
G1 E-2 Z0.2 F2400 ;Retract and raise Z
G1 X5 Y5 F3000 ;Wipe out
G1 Z10 ;Raise Z more
G90 ;Absolute positioning

G1 X0 Y220 ;Present print
M106 S0 ;Turn-off fan
M104 S0 ;Turn-off hotend
M140 S0 ;Turn-off bed

M84 X Y E ;Disable all steppers but Z

M82 ;absolute extrusion mode
M104 S0
;End of Gcode
;SETTING_3 {"global_quality": "[general]\\nversion = 4\\nname = FF_0.28(Extra-fa
;SETTING_3 st)\\ndefinition = creality_ender3pro\\n\\n[metadata]\\ntype = qualit
;SETTING_3 y_changes\\nquality_type = standard\\nsetting_version = 23\\n\\n[valu
;SETTING_3 es]\\nacceleration_enabled = True\\nadhesion_type = skirt\\njerk_enab
;SETTING_3 led = True\\nlayer_height = 0.28\\nlayer_height_0 = 0.28\\nmaterial_b
;SETTING_3 ed_temperature = 50.0\\nsupport_enable = True\\n\\n", "extruder_quali
;SETTING_3 ty": ["[general]\\nversion = 4\\nname = FF_0.28(Extra-fast)\\ndefinit
;SETTING_3 ion = creality_ender3pro\\n\\n[metadata]\\ntype = quality_changes\\nq
;SETTING_3 uality_type = standard\\nintent_category = default\\nposition = 0\\ns
;SETTING_3 etting_version = 23\\n\\n[values]\\nacceleration_print = 500.0\\nacce
;SETTING_3 leration_roofing = 500.0\\nacceleration_topbottom = 500.0\\naccelerat
;SETTING_3 ion_travel = 500.0\\nacceleration_wall = 500.0\\nbottom_layers = 3\\n
;SETTING_3 coasting_enable = False\\nfill_outline_gaps = True\\ninfill_line_dist
;SETTING_3 ance = =0 if infill_sparse_density == 0 else (infill_line_width * 100
;SETTING_3 ) / infill_sparse_density * (2 if infill_pattern == 'grid' else (3 if
;SETTING_3  infill_pattern == 'triangles' or infill_pattern == 'trihexagon' or i
;SETTING_3 nfill_pattern == 'cubic' or infill_pattern == 'cubicsubdiv' else (2 i
;SETTING_3 f infill_pattern == 'tetrahedral' or infill_pattern == 'quarter_cubic
;SETTING_3 ' else (1 if infill_pattern == 'cross' or infill_pattern == 'cross_3d
;SETTING_3 ' else 1))))\\ninfill_line_width = 0.57\\ninfill_overlap = 0\\ninfill
;SETTING_3 _pattern = ='zigzag' if infill_sparse_density > 89 else 'lines' if in
;SETTING_3 fill_sparse_density > 31 else 'cubic'\\ninfill_sparse_density = 25.0\
;SETTING_3 \ninfill_sparse_thickness = 0.3\\ninitial_layer_line_width_factor = 1
;SETTING_3 20\\njerk_layer_0 = 8\\njerk_print = 20\\njerk_travel_layer_0 = 5\\nl
;SETTING_3 ine_width = 0.45\\nmaterial_flow = 95\\nmaterial_flow_layer_0 = 95\\n
;SETTING_3 retraction_amount = 6\\nroofing_layer_count = 1\\nskin_overlap = 15.0
;SETTING_3 \\nskirt_brim_speed = 25.0\\nspeed_layer_0 = 25\\nspeed_print = 60.0\
;SETTING_3 \nspeed_roofing = 50\\nspeed_topbottom = 45\\nspeed_travel_layer_0 = 
;SETTING_3 125.0\\nspeed_wall_0 = 50\\nspeed_wall_x = 65\\nspeed_z_hop = 10\\nto
;SETTING_3 p_bottom_pattern = zigzag\\ntop_bottom_thickness = =layer_height_0+la
;SETTING_3 yer_height*3\\ntop_layers = 3\\nwall_0_material_flow = 95\\nwall_0_wi
;SETTING_3 pe_dist = 0.2\\nwall_line_count = 2\\nwall_line_width_x = 0.5\\nwall_
;SETTING_3 thickness = =line_width*2\\nxy_offset_layer_0 = -0.15\\nz_seam_corner
;SETTING_3  = z_seam_corner_weighted\\nz_seam_type = sharpest_corner\\n\\n"]}
